2026-01-13 02:04:22 startup archives install
2026-01-13 02:04:22 install base-passwd:amd64 <none> 3.6.3build1
2026-01-13 02:04:22 status half-installed base-passwd:amd64 3.6.3build1
2026-01-13 02:04:22 status unpacked base-passwd:amd64 3.6.3build1
2026-01-13 02:04:22 configure base-passwd:amd64 3.6.3build1 3.6.3build1
2026-01-13 02:04:22 status half-configured base-passwd:amd64 3.6.3build1
2026-01-13 02:04:22 status installed base-passwd:amd64 3.6.3build1
2026-01-13 02:04:22 startup archives install
2026-01-13 02:04:22 install base-files:amd64 <none> 13ubuntu10
2026-01-13 02:04:22 status half-installed base-files:amd64 13ubuntu10
2026-01-13 02:04:22 status unpacked base-files:amd64 13ubuntu10
2026-01-13 02:04:22 configure base-files:amd64 13ubuntu10 13ubuntu10
2026-01-13 02:04:22 status half-configured base-files:amd64 13ubuntu10
2026-01-13 02:04:22 status installed base-files:amd64 13ubuntu10
2026-01-13 02:04:22 startup archives install
2026-01-13 02:04:22 upgrade dpkg 1.22.6ubuntu6 1.22.6ubuntu6
2026-01-13 02:04:22 status half-configured dpkg 1.22.6ubuntu6
2026-01-13 02:04:22 status unpacked dpkg 1.22.6ubuntu6
2026-01-13 02:04:22 status half-installed dpkg 1.22.6ubuntu6
2026-01-13 02:04:22 status unpacked dpkg:amd64 1.22.6ubuntu6
2026-01-13 02:04:22 configure dpkg:amd64 1.22.6ubuntu6 1.22.6ubuntu6
2026-01-13 02:04:22 status half-configured dpkg:amd64 1.22.6ubuntu6
2026-01-13 02:04:22 status installed dpkg:amd64 1.22.6ubuntu6
2026-01-13 02:04:22 startup archives install
2026-01-13 02:04:22 install libc6:amd64 <none> 2.39-0ubuntu8
2026-01-13 02:04:22 status half-installed libc6:amd64 2.39-0ubuntu8
2026-01-13 02:04:23 status unpacked libc6:amd64 2.39-0ubuntu8
2026-01-13 02:04:23 configure libc6:amd64 2.39-0ubuntu8 2.39-0ubuntu8
2026-01-13 02:04:23 status half-configured libc6:amd64 2.39-0ubuntu8
2026-01-13 02:04:23 status installed libc6:amd64 2.39-0ubuntu8
2026-01-13 02:04:23 startup archives install
2026-01-13 02:04:23 install perl-base:amd64 <none> 5.38.2-3.2build2
2026-01-13 02:04:23 status half-installed perl-base:amd64 5.38.2-3.2build2
2026-01-13 02:04:23 status unpacked perl-base:amd64 5.38.2-3.2build2
2026-01-13 02:04:23 configure perl-base:amd64 5.38.2-3.2build2 5.38.2-3.2build2
2026-01-13 02:04:23 status half-configured perl-base:amd64 5.38.2-3.2build2
2026-01-13 02:04:23 status installed perl-base:amd64 5.38.2-3.2build2
2026-01-13 02:04:23 startup archives install
2026-01-13 02:04:23 install mawk:amd64 <none> 1.3.4.20240123-1build1
2026-01-13 02:04:23 status half-installed mawk:amd64 1.3.4.20240123-1build1
2026-01-13 02:04:23 status unpacked mawk:amd64 1.3.4.20240123-1build1
2026-01-13 02:04:23 configure mawk:amd64 1.3.4.20240123-1build1 1.3.4.20240123-1build1
2026-01-13 02:04:23 status half-configured mawk:amd64 1.3.4.20240123-1build1
2026-01-13 02:04:23 status installed mawk:amd64 1.3.4.20240123-1build1
2026-01-13 02:04:23 startup archives unpack
2026-01-13 02:04:23 upgrade base-files:amd64 13ubuntu10 13ubuntu10
2026-01-13 02:04:23 status half-configured base-files:amd64 13ubuntu10
2026-01-13 02:04:23 status unpacked base-files:amd64 13ubuntu10
2026-01-13 02:04:23 status half-installed base-files:amd64 13ubuntu10
2026-01-13 02:04:23 status unpacked base-files:amd64 13ubuntu10
2026-01-13 02:04:23 upgrade base-passwd:amd64 3.6.3build1 3.6.3build1
2026-01-13 02:04:23 status half-configured base-passwd:amd64 3.6.3build1
2026-01-13 02:04:23 status unpacked base-passwd:amd64 3.6.3build1
2026-01-13 02:04:23 status half-installed base-passwd:amd64 3.6.3build1
2026-01-13 02:04:23 status unpacked base-passwd:amd64 3.6.3build1
2026-01-13 02:04:23 install bash:amd64 <none> 5.2.21-2ubuntu4
2026-01-13 02:04:23 status half-installed bash:amd64 5.2.21-2ubuntu4
2026-01-13 02:04:23 status unpacked bash:amd64 5.2.21-2ubuntu4
2026-01-13 02:04:23 install bsdutils:amd64 <none> 1:2.39.3-9ubuntu6
2026-01-13 02:04:23 status half-installed bsdutils:amd64 1:2.39.3-9ubuntu6
2026-01-13 02:04:23 status unpacked bsdutils:amd64 1:2.39.3-9ubuntu6
2026-01-13 02:04:23 install coreutils:amd64 <none> 9.4-3ubuntu6
2026-01-13 02:04:23 status half-installed coreutils:amd64 9.4-3ubuntu6
2026-01-13 02:04:23 status unpacked coreutils:amd64 9.4-3ubuntu6
2026-01-13 02:04:23 install dash:amd64 <none> 0.5.12-6ubuntu5
2026-01-13 02:04:23 status half-installed dash:amd64 0.5.12-6ubuntu5
2026-01-13 02:04:23 status unpacked dash:amd64 0.5.12-6ubuntu5
2026-01-13 02:04:24 install debconf:all <none> 1.5.86ubuntu1
2026-01-13 02:04:24 status half-installed debconf:all 1.5.86ubuntu1
2026-01-13 02:04:24 status unpacked debconf:all 1.5.86ubuntu1
2026-01-13 02:04:24 install debianutils:amd64 <none> 5.17build1
2026-01-13 02:04:24 status half-installed debianutils:amd64 5.17build1
2026-01-13 02:04:24 status unpacked debianutils:amd64 5.17build1
2026-01-13 02:04:24 install diffutils:amd64 <none> 1:3.10-1build1
2026-01-13 02:04:24 status half-installed diffutils:amd64 1:3.10-1build1
2026-01-13 02:04:24 status unpacked diffutils:amd64 1:3.10-1build1
2026-01-13 02:04:24 upgrade dpkg:amd64 1.22.6ubuntu6 1.22.6ubuntu6
2026-01-13 02:04:24 status half-configured dpkg:amd64 1.22.6ubuntu6
2026-01-13 02:04:24 status unpacked dpkg:amd64 1.22.6ubuntu6
2026-01-13 02:04:24 status half-installed dpkg:amd64 1.22.6ubuntu6
2026-01-13 02:04:24 status unpacked dpkg:amd64 1.22.6ubuntu6
2026-01-13 02:04:24 install e2fsprogs:amd64 <none> 1.47.0-2.4~exp1ubuntu4
2026-01-13 02:04:24 status half-installed e2fsprogs:amd64 1.47.0-2.4~exp1ubuntu4
2026-01-13 02:04:24 status unpacked e2fsprogs:amd64 1.47.0-2.4~exp1ubuntu4
2026-01-13 02:04:24 install findutils:amd64 <none> 4.9.0-5build1
2026-01-13 02:04:24 status half-installed findutils:amd64 4.9.0-5build1
2026-01-13 02:04:24 status unpacked findutils:amd64 4.9.0-5build1
2026-01-13 02:04:24 install gcc-14-base:amd64 <none> 14-20240412-0ubuntu1
2026-01-13 02:04:24 status half-installed gcc-14-base:amd64 14-20240412-0ubuntu1
2026-01-13 02:04:24 status unpacked gcc-14-base:amd64 14-20240412-0ubuntu1
2026-01-13 02:04:24 install grep:amd64 <none> 3.11-4build1
2026-01-13 02:04:24 status half-installed grep:amd64 3.11-4build1
2026-01-13 02:04:24 status unpacked grep:amd64 3.11-4build1
2026-01-13 02:04:24 install gzip:amd64 <none> 1.12-1ubuntu3
2026-01-13 02:04:24 status half-installed gzip:amd64 1.12-1ubuntu3
2026-01-13 02:04:24 status unpacked gzip:amd64 1.12-1ubuntu3
2026-01-13 02:04:24 install hostname:amd64 <none> 3.23+nmu2ubuntu2
2026-01-13 02:04:24 status half-installed hostname:amd64 3.23+nmu2ubuntu2
2026-01-13 02:04:24 status unpacked hostname:amd64 3.23+nmu2ubuntu2
2026-01-13 02:04:24 install init-system-helpers:all <none> 1.66ubuntu1
2026-01-13 02:04:24 status half-installed init-system-helpers:all 1.66ubuntu1
2026-01-13 02:04:24 status unpacked init-system-helpers:all 1.66ubuntu1
2026-01-13 02:04:24 install libacl1:amd64 <none> 2.3.2-1build1
2026-01-13 02:04:24 status half-installed libacl1:amd64 2.3.2-1build1
2026-01-13 02:04:24 status unpacked libacl1:amd64 2.3.2-1build1
2026-01-13 02:04:24 install libattr1:amd64 <none> 1:2.5.2-1build1
2026-01-13 02:04:24 status half-installed libattr1:amd64 1:2.5.2-1build1
2026-01-13 02:04:24 status unpacked libattr1:amd64 1:2.5.2-1build1
2026-01-13 02:04:24 install libaudit-common:all <none> 1:3.1.2-2.1build1
2026-01-13 02:04:24 status half-installed libaudit-common:all 1:3.1.2-2.1build1
2026-01-13 02:04:24 status unpacked libaudit-common:all 1:3.1.2-2.1build1
2026-01-13 02:04:24 install libaudit1:amd64 <none> 1:3.1.2-2.1build1
2026-01-13 02:04:24 status half-installed libaudit1:amd64 1:3.1.2-2.1build1
2026-01-13 02:04:24 status unpacked libaudit1:amd64 1:3.1.2-2.1build1
2026-01-13 02:04:24 install libblkid1:amd64 <none> 2.39.3-9ubuntu6
2026-01-13 02:04:24 status half-installed libblkid1:amd64 2.39.3-9ubuntu6
2026-01-13 02:04:24 status unpacked libblkid1:amd64 2.39.3-9ubuntu6
2026-01-13 02:04:24 install libbz2-1.0:amd64 <none> 1.0.8-5.1
2026-01-13 02:04:24 status half-installed libbz2-1.0:amd64 1.0.8-5.1
2026-01-13 02:04:24 status unpacked libbz2-1.0:amd64 1.0.8-5.1
2026-01-13 02:04:24 install libc-bin:amd64 <none> 2.39-0ubuntu8
2026-01-13 02:04:24 status half-installed libc-bin:amd64 2.39-0ubuntu8
2026-01-13 02:04:24 status unpacked libc-bin:amd64 2.39-0ubuntu8
2026-01-13 02:04:24 upgrade libc6:amd64 2.39-0ubuntu8 2.39-0ubuntu8
2026-01-13 02:04:24 status half-configured libc6:amd64 2.39-0ubuntu8
2026-01-13 02:04:24 status unpacked libc6:amd64 2.39-0ubuntu8
2026-01-13 02:04:24 status half-installed libc6:amd64 2.39-0ubuntu8
2026-01-13 02:04:25 status unpacked libc6:amd64 2.39-0ubuntu8
2026-01-13 02:04:25 install libcap-ng0:amd64 <none> 0.8.4-2build2
2026-01-13 02:04:25 status half-installed libcap-ng0:amd64 0.8.4-2build2
2026-01-13 02:04:25 status unpacked libcap-ng0:amd64 0.8.4-2build2
2026-01-13 02:04:25 install libcap2:amd64 <none> 1:2.66-5ubuntu2
2026-01-13 02:04:25 status half-installed libcap2:amd64 1:2.66-5ubuntu2
2026-01-13 02:04:25 status unpacked libcap2:amd64 1:2.66-5ubuntu2
2026-01-13 02:04:25 install libcom-err2:amd64 <none> 1.47.0-2.4~exp1ubuntu4
2026-01-13 02:04:25 status half-installed libcom-err2:amd64 1.47.0-2.4~exp1ubuntu4
2026-01-13 02:04:25 status unpacked libcom-err2:amd64 1.47.0-2.4~exp1ubuntu4
2026-01-13 02:04:25 install libcrypt1:amd64 <none> 1:4.4.36-4build1
2026-01-13 02:04:25 status half-installed libcrypt1:amd64 1:4.4.36-4build1
2026-01-13 02:04:25 status unpacked libcrypt1:amd64 1:4.4.36-4build1
2026-01-13 02:04:25 install libdebconfclient0:amd64 <none> 0.271ubuntu3
2026-01-13 02:04:25 status half-installed libdebconfclient0:amd64 0.271ubuntu3
2026-01-13 02:04:25 status unpacked libdebconfclient0:amd64 0.271ubuntu3
2026-01-13 02:04:25 install libext2fs2t64:amd64 <none> 1.47.0-2.4~exp1ubuntu4
2026-01-13 02:04:25 status half-installed libext2fs2t64:amd64 1.47.0-2.4~exp1ubuntu4
2026-01-13 02:04:25 status unpacked libext2fs2t64:amd64 1.47.0-2.4~exp1ubuntu4
2026-01-13 02:04:25 install libgcc-s1:amd64 <none> 14-20240412-0ubuntu1
2026-01-13 02:04:25 status half-installed libgcc-s1:amd64 14-20240412-0ubuntu1
2026-01-13 02:04:25 status unpacked libgcc-s1:amd64 14-20240412-0ubuntu1
2026-01-13 02:04:25 install libgcrypt20:amd64 <none> 1.10.3-2build1
2026-01-13 02:04:25 status half-installed libgcrypt20:amd64 1.10.3-2build1
2026-01-13 02:04:25 status unpacked libgcrypt20:amd64 1.10.3-2build1
2026-01-13 02:04:25 install libgmp10:amd64 <none> 2:6.3.0+dfsg-2ubuntu6
2026-01-13 02:04:25 status half-installed libgmp10:amd64 2:6.3.0+dfsg-2ubuntu6
2026-01-13 02:04:25 status unpacked libgmp10:amd64 2:6.3.0+dfsg-2ubuntu6
2026-01-13 02:04:25 install libgpg-error0:amd64 <none> 1.47-3build2
2026-01-13 02:04:25 status half-installed libgpg-error0:amd64 1.47-3build2
2026-01-13 02:04:25 status unpacked libgpg-error0:amd64 1.47-3build2
2026-01-13 02:04:25 install liblz4-1:amd64 <none> 1.9.4-1build1
2026-01-13 02:04:25 status half-installed liblz4-1:amd64 1.9.4-1build1
2026-01-13 02:04:25 status unpacked liblz4-1:amd64 1.9.4-1build1
2026-01-13 02:04:25 install liblzma5:amd64 <none> 5.6.1+really5.4.5-1
2026-01-13 02:04:25 status half-installed liblzma5:amd64 5.6.1+really5.4.5-1
2026-01-13 02:04:25 status unpacked liblzma5:amd64 5.6.1+really5.4.5-1
2026-01-13 02:04:25 install libmd0:amd64 <none> 1.1.0-2build1
2026-01-13 02:04:25 status half-installed libmd0:amd64 1.1.0-2build1
2026-01-13 02:04:25 status unpacked libmd0:amd64 1.1.0-2build1
2026-01-13 02:04:25 install libmount1:amd64 <none> 2.39.3-9ubuntu6
2026-01-13 02:04:25 status half-installed libmount1:amd64 2.39.3-9ubuntu6
2026-01-13 02:04:25 status unpacked libmount1:amd64 2.39.3-9ubuntu6
2026-01-13 02:04:25 install libncursesw6:amd64 <none> 6.4+20240113-1ubuntu2
2026-01-13 02:04:25 status half-installed libncursesw6:amd64 6.4+20240113-1ubuntu2
2026-01-13 02:04:25 status unpacked libncursesw6:amd64 6.4+20240113-1ubuntu2
2026-01-13 02:04:25 install libpam-modules:amd64 <none> 1.5.3-5ubuntu5
2026-01-13 02:04:25 status half-installed libpam-modules:amd64 1.5.3-5ubuntu5
2026-01-13 02:04:25 status unpacked libpam-modules:amd64 1.5.3-5ubuntu5
2026-01-13 02:04:25 install libpam-modules-bin:amd64 <none> 1.5.3-5ubuntu5
2026-01-13 02:04:25 status half-installed libpam-modules-bin:amd64 1.5.3-5ubuntu5
2026-01-13 02:04:25 status unpacked libpam-modules-bin:amd64 1.5.3-5ubuntu5
2026-01-13 02:04:25 install libpam-runtime:all <none> 1.5.3-5ubuntu5
2026-01-13 02:04:25 status half-installed libpam-runtime:all 1.5.3-5ubuntu5
2026-01-13 02:04:25 status unpacked libpam-runtime:all 1.5.3-5ubuntu5
2026-01-13 02:04:25 install libpam0g:amd64 <none> 1.5.3-5ubuntu5
2026-01-13 02:04:25 status half-installed libpam0g:amd64 1.5.3-5ubuntu5
2026-01-13 02:04:25 status unpacked libpam0g:amd64 1.5.3-5ubuntu5
2026-01-13 02:04:25 install libpcre2-8-0:amd64 <none> 10.42-4ubuntu2
2026-01-13 02:04:25 status half-installed libpcre2-8-0:amd64 10.42-4ubuntu2
2026-01-13 02:04:25 status unpacked libpcre2-8-0:amd64 10.42-4ubuntu2
2026-01-13 02:04:25 install libproc2-0:amd64 <none> 2:4.0.4-4ubuntu3
2026-01-13 02:04:25 status half-installed libproc2-0:amd64 2:4.0.4-4ubuntu3
2026-01-13 02:04:25 status unpacked libproc2-0:amd64 2:4.0.4-4ubuntu3
2026-01-13 02:04:26 install libselinux1:amd64 <none> 3.5-2ubuntu2
2026-01-13 02:04:26 status half-installed libselinux1:amd64 3.5-2ubuntu2
2026-01-13 02:04:26 status unpacked libselinux1:amd64 3.5-2ubuntu2
2026-01-13 02:04:26 install libsemanage-common:all <none> 3.5-1build5
2026-01-13 02:04:26 status half-installed libsemanage-common:all 3.5-1build5
2026-01-13 02:04:26 status unpacked libsemanage-common:all 3.5-1build5
2026-01-13 02:04:26 install libsemanage2:amd64 <none> 3.5-1build5
2026-01-13 02:04:26 status half-installed libsemanage2:amd64 3.5-1build5
2026-01-13 02:04:26 status unpacked libsemanage2:amd64 3.5-1build5
2026-01-13 02:04:26 install libsepol2:amd64 <none> 3.5-2build1
2026-01-13 02:04:26 status half-installed libsepol2:amd64 3.5-2build1
2026-01-13 02:04:26 status unpacked libsepol2:amd64 3.5-2build1
2026-01-13 02:04:26 install libsmartcols1:amd64 <none> 2.39.3-9ubuntu6
2026-01-13 02:04:26 status half-installed libsmartcols1:amd64 2.39.3-9ubuntu6
2026-01-13 02:04:26 status unpacked libsmartcols1:amd64 2.39.3-9ubuntu6
2026-01-13 02:04:26 install libss2:amd64 <none> 1.47.0-2.4~exp1ubuntu4
2026-01-13 02:04:26 status half-installed libss2:amd64 1.47.0-2.4~exp1ubuntu4
2026-01-13 02:04:26 status unpacked libss2:amd64 1.47.0-2.4~exp1ubuntu4
2026-01-13 02:04:26 install libssl3t64:amd64 <none> 3.0.13-0ubuntu3
2026-01-13 02:04:26 status half-installed libssl3t64:amd64 3.0.13-0ubuntu3
2026-01-13 02:04:26 status unpacked libssl3t64:amd64 3.0.13-0ubuntu3
2026-01-13 02:04:26 install libsystemd0:amd64 <none> 255.4-1ubuntu8
2026-01-13 02:04:26 status half-installed libsystemd0:amd64 255.4-1ubuntu8
2026-01-13 02:04:26 status unpacked libsystemd0:amd64 255.4-1ubuntu8
2026-01-13 02:04:26 install libtinfo6:amd64 <none> 6.4+20240113-1ubuntu2
2026-01-13 02:04:26 status half-installed libtinfo6:amd64 6.4+20240113-1ubuntu2
2026-01-13 02:04:26 status unpacked libtinfo6:amd64 6.4+20240113-1ubuntu2
2026-01-13 02:04:26 install libudev1:amd64 <none> 255.4-1ubuntu8
2026-01-13 02:04:26 status half-installed libudev1:amd64 255.4-1ubuntu8
2026-01-13 02:04:26 status unpacked libudev1:amd64 255.4-1ubuntu8
2026-01-13 02:04:26 install libuuid1:amd64 <none> 2.39.3-9ubuntu6
2026-01-13 02:04:26 status half-installed libuuid1:amd64 2.39.3-9ubuntu6
2026-01-13 02:04:26 status unpacked libuuid1:amd64 2.39.3-9ubuntu6
2026-01-13 02:04:26 install libzstd1:amd64 <none> 1.5.5+dfsg2-2build1
2026-01-13 02:04:26 status half-installed libzstd1:amd64 1.5.5+dfsg2-2build1
2026-01-13 02:04:26 status unpacked libzstd1:amd64 1.5.5+dfsg2-2build1
2026-01-13 02:04:26 install login:amd64 <none> 1:4.13+dfsg1-4ubuntu3
2026-01-13 02:04:26 status half-installed login:amd64 1:4.13+dfsg1-4ubuntu3
2026-01-13 02:04:26 status unpacked login:amd64 1:4.13+dfsg1-4ubuntu3
2026-01-13 02:04:26 install logsave:amd64 <none> 1.47.0-2.4~exp1ubuntu4
2026-01-13 02:04:26 status half-installed logsave:amd64 1.47.0-2.4~exp1ubuntu4
2026-01-13 02:04:26 status unpacked logsave:amd64 1.47.0-2.4~exp1ubuntu4
2026-01-13 02:04:26 upgrade mawk:amd64 1.3.4.20240123-1build1 1.3.4.20240123-1build1
2026-01-13 02:04:26 status half-configured mawk:amd64 1.3.4.20240123-1build1
2026-01-13 02:04:26 status unpacked mawk:amd64 1.3.4.20240123-1build1
2026-01-13 02:04:26 status half-installed mawk:amd64 1.3.4.20240123-1build1
2026-01-13 02:04:26 status unpacked mawk:amd64 1.3.4.20240123-1build1
2026-01-13 02:04:26 install mount:amd64 <none> 2.39.3-9ubuntu6
2026-01-13 02:04:26 status half-installed mount:amd64 2.39.3-9ubuntu6
2026-01-13 02:04:26 status unpacked mount:amd64 2.39.3-9ubuntu6
2026-01-13 02:04:26 install ncurses-base:all <none> 6.4+20240113-1ubuntu2
2026-01-13 02:04:26 status half-installed ncurses-base:all 6.4+20240113-1ubuntu2
2026-01-13 02:04:26 status unpacked ncurses-base:all 6.4+20240113-1ubuntu2
2026-01-13 02:04:26 install ncurses-bin:amd64 <none> 6.4+20240113-1ubuntu2
2026-01-13 02:04:26 status half-installed ncurses-bin:amd64 6.4+20240113-1ubuntu2
2026-01-13 02:04:26 status unpacked ncurses-bin:amd64 6.4+20240113-1ubuntu2
2026-01-13 02:04:26 install passwd:amd64 <none> 1:4.13+dfsg1-4ubuntu3
2026-01-13 02:04:26 status half-installed passwd:amd64 1:4.13+dfsg1-4ubuntu3
2026-01-13 02:04:26 status unpacked passwd:amd64 1:4.13+dfsg1-4ubuntu3
2026-01-13 02:04:26 upgrade perl-base:amd64 5.38.2-3.2build2 5.38.2-3.2build2
2026-01-13 02:04:26 status half-configured perl-base:amd64 5.38.2-3.2build2
2026-01-13 02:04:26 status unpacked perl-base:amd64 5.38.2-3.2build2
2026-01-13 02:04:26 status half-installed perl-base:amd64 5.38.2-3.2build2
2026-01-13 02:04:26 status unpacked perl-base:amd64 5.38.2-3.2build2
2026-01-13 02:04:27 install procps:amd64 <none> 2:4.0.4-4ubuntu3
2026-01-13 02:04:27 status half-installed procps:amd64 2:4.0.4-4ubuntu3
2026-01-13 02:04:27 status unpacked procps:amd64 2:4.0.4-4ubuntu3
2026-01-13 02:04:27 install sed:amd64 <none> 4.9-2build1
2026-01-13 02:04:27 status half-installed sed:amd64 4.9-2build1
2026-01-13 02:04:27 status unpacked sed:amd64 4.9-2build1
2026-01-13 02:04:27 install sensible-utils:all <none> 0.0.22
2026-01-13 02:04:27 status half-installed sensible-utils:all 0.0.22
2026-01-13 02:04:27 status unpacked sensible-utils:all 0.0.22
2026-01-13 02:04:27 install sysvinit-utils:amd64 <none> 3.08-6ubuntu3
2026-01-13 02:04:27 status half-installed sysvinit-utils:amd64 3.08-6ubuntu3
2026-01-13 02:04:27 status unpacked sysvinit-utils:amd64 3.08-6ubuntu3
2026-01-13 02:04:27 install tar:amd64 <none> 1.35+dfsg-3build1
2026-01-13 02:04:27 status half-installed tar:amd64 1.35+dfsg-3build1
2026-01-13 02:04:27 status unpacked tar:amd64 1.35+dfsg-3build1
2026-01-13 02:04:27 install util-linux:amd64 <none> 2.39.3-9ubuntu6
2026-01-13 02:04:27 status half-installed util-linux:amd64 2.39.3-9ubuntu6
2026-01-13 02:04:27 status unpacked util-linux:amd64 2.39.3-9ubuntu6
2026-01-13 02:04:27 install zlib1g:amd64 <none> 1:1.3.dfsg-3.1ubuntu2
2026-01-13 02:04:27 status half-installed zlib1g:amd64 1:1.3.dfsg-3.1ubuntu2
2026-01-13 02:04:27 status unpacked zlib1g:amd64 1:1.3.dfsg-3.1ubuntu2
2026-01-13 02:04:27 startup packages configure
2026-01-13 02:04:27 configure gcc-14-base:amd64 14-20240412-0ubuntu1 <none>
2026-01-13 02:04:27 status unpacked gcc-14-base:amd64 14-20240412-0ubuntu1
2026-01-13 02:04:27 status half-configured gcc-14-base:amd64 14-20240412-0ubuntu1
2026-01-13 02:04:27 status installed gcc-14-base:amd64 14-20240412-0ubuntu1
2026-01-13 02:04:27 configure libaudit-common:all 1:3.1.2-2.1build1 <none>
2026-01-13 02:04:27 status unpacked libaudit-common:all 1:3.1.2-2.1build1
2026-01-13 02:04:27 status half-configured libaudit-common:all 1:3.1.2-2.1build1
2026-01-13 02:04:27 status installed libaudit-common:all 1:3.1.2-2.1build1
2026-01-13 02:04:27 configure libsemanage-common:all 3.5-1build5 <none>
2026-01-13 02:04:27 status unpacked libsemanage-common:all 3.5-1build5
2026-01-13 02:04:27 status half-configured libsemanage-common:all 3.5-1build5
2026-01-13 02:04:27 status installed libsemanage-common:all 3.5-1build5
2026-01-13 02:04:27 configure debconf:all 1.5.86ubuntu1 <none>
2026-01-13 02:04:27 status unpacked debconf:all 1.5.86ubuntu1
2026-01-13 02:04:27 status half-configured debconf:all 1.5.86ubuntu1
2026-01-13 02:04:27 status installed debconf:all 1.5.86ubuntu1
2026-01-13 02:04:27 configure ncurses-base:all 6.4+20240113-1ubuntu2 <none>
2026-01-13 02:04:27 status unpacked ncurses-base:all 6.4+20240113-1ubuntu2
2026-01-13 02:04:27 status half-configured ncurses-base:all 6.4+20240113-1ubuntu2
2026-01-13 02:04:27 status installed ncurses-base:all 6.4+20240113-1ubuntu2
2026-01-13 02:04:27 configure init-system-helpers:all 1.66ubuntu1 <none>
2026-01-13 02:04:27 status unpacked init-system-helpers:all 1.66ubuntu1
2026-01-13 02:04:27 status half-configured init-system-helpers:all 1.66ubuntu1
2026-01-13 02:04:27 status installed init-system-helpers:all 1.66ubuntu1
2026-01-13 02:04:27 configure sensible-utils:all 0.0.22 <none>
2026-01-13 02:04:27 status unpacked sensible-utils:all 0.0.22
2026-01-13 02:04:27 status half-configured sensible-utils:all 0.0.22
2026-01-13 02:04:27 status installed sensible-utils:all 0.0.22
2026-01-13 02:04:27 configure libgcc-s1:amd64 14-20240412-0ubuntu1 <none>
2026-01-13 02:04:27 status unpacked libgcc-s1:amd64 14-20240412-0ubuntu1
2026-01-13 02:04:27 status half-configured libgcc-s1:amd64 14-20240412-0ubuntu1
2026-01-13 02:04:27 status installed libgcc-s1:amd64 14-20240412-0ubuntu1
2026-01-13 02:04:27 configure libc6:amd64 2.39-0ubuntu8 <none>
2026-01-13 02:04:27 status unpacked libc6:amd64 2.39-0ubuntu8
2026-01-13 02:04:27 status half-configured libc6:amd64 2.39-0ubuntu8
2026-01-13 02:04:27 status installed libc6:amd64 2.39-0ubuntu8
2026-01-13 02:04:27 configure libmd0:amd64 1.1.0-2build1 <none>
2026-01-13 02:04:27 status unpacked libmd0:amd64 1.1.0-2build1
2026-01-13 02:04:27 status half-configured libmd0:amd64 1.1.0-2build1
2026-01-13 02:04:27 status installed libmd0:amd64 1.1.0-2build1
2026-01-13 02:04:27 configure libattr1:amd64 1:2.5.2-1build1 <none>
2026-01-13 02:04:27 status unpacked libattr1:amd64 1:2.5.2-1build1
2026-01-13 02:04:27 status half-configured libattr1:amd64 1:2.5.2-1build1
2026-01-13 02:04:27 status installed libattr1:amd64 1:2.5.2-1build1
2026-01-13 02:04:27 configure sysvinit-utils:amd64 3.08-6ubuntu3 <none>
2026-01-13 02:04:27 status unpacked sysvinit-utils:amd64 3.08-6ubuntu3
2026-01-13 02:04:27 status half-configured sysvinit-utils:amd64 3.08-6ubuntu3
2026-01-13 02:04:27 status installed sysvinit-utils:amd64 3.08-6ubuntu3
2026-01-13 02:04:27 configure libext2fs2t64:amd64 1.47.0-2.4~exp1ubuntu4 <none>
2026-01-13 02:04:27 status unpacked libext2fs2t64:amd64 1.47.0-2.4~exp1ubuntu4
2026-01-13 02:04:27 status half-configured libext2fs2t64:amd64 1.47.0-2.4~exp1ubuntu4
2026-01-13 02:04:27 status installed libext2fs2t64:amd64 1.47.0-2.4~exp1ubuntu4
2026-01-13 02:04:27 configure debianutils:amd64 5.17build1 <none>
2026-01-13 02:04:27 status unpacked debianutils:amd64 5.17build1
2026-01-13 02:04:27 status half-configured debianutils:amd64 5.17build1
2026-01-13 02:04:27 status installed debianutils:amd64 5.17build1
2026-01-13 02:04:27 configure mawk:amd64 1.3.4.20240123-1build1 <none>
2026-01-13 02:04:27 status unpacked mawk:amd64 1.3.4.20240123-1build1
2026-01-13 02:04:27 status half-configured mawk:amd64 1.3.4.20240123-1build1
2026-01-13 02:04:27 status installed mawk:amd64 1.3.4.20240123-1build1
2026-01-13 02:04:27 configure libdebconfclient0:amd64 0.271ubuntu3 <none>
2026-01-13 02:04:27 status unpacked libdebconfclient0:amd64 0.271ubuntu3
2026-01-13 02:04:27 status half-configured libdebconfclient0:amd64 0.271ubuntu3
2026-01-13 02:04:27 status installed libdebconfclient0:amd64 0.271ubuntu3
2026-01-13 02:04:27 configure libbz2-1.0:amd64 1.0.8-5.1 <none>
2026-01-13 02:04:27 status unpacked libbz2-1.0:amd64 1.0.8-5.1
2026-01-13 02:04:27 status half-configured libbz2-1.0:amd64 1.0.8-5.1
2026-01-13 02:04:27 status installed libbz2-1.0:amd64 1.0.8-5.1
2026-01-13 02:04:27 configure libblkid1:amd64 2.39.3-9ubuntu6 <none>
2026-01-13 02:04:27 status unpacked libblkid1:amd64 2.39.3-9ubuntu6
2026-01-13 02:04:27 status half-configured libblkid1:amd64 2.39.3-9ubuntu6
2026-01-13 02:04:27 status installed libblkid1:amd64 2.39.3-9ubuntu6
2026-01-13 02:04:27 configure libtinfo6:amd64 6.4+20240113-1ubuntu2 <none>
2026-01-13 02:04:27 status unpacked libtinfo6:amd64 6.4+20240113-1ubuntu2
2026-01-13 02:04:27 status half-configured libtinfo6:amd64 6.4+20240113-1ubuntu2
2026-01-13 02:04:27 status installed libtinfo6:amd64 6.4+20240113-1ubuntu2
2026-01-13 02:04:27 configure libzstd1:amd64 1.5.5+dfsg2-2build1 <none>
2026-01-13 02:04:27 status unpacked libzstd1:amd64 1.5.5+dfsg2-2build1
2026-01-13 02:04:27 status half-configured libzstd1:amd64 1.5.5+dfsg2-2build1
2026-01-13 02:04:27 status installed libzstd1:amd64 1.5.5+dfsg2-2build1
2026-01-13 02:04:27 configure liblzma5:amd64 5.6.1+really5.4.5-1 <none>
2026-01-13 02:04:27 status unpacked liblzma5:amd64 5.6.1+really5.4.5-1
2026-01-13 02:04:27 status half-configured liblzma5:amd64 5.6.1+really5.4.5-1
2026-01-13 02:04:27 status installed liblzma5:amd64 5.6.1+really5.4.5-1
2026-01-13 02:04:27 configure libgpg-error0:amd64 1.47-3build2 <none>
2026-01-13 02:04:27 status unpacked libgpg-error0:amd64 1.47-3build2
2026-01-13 02:04:27 status half-configured libgpg-error0:amd64 1.47-3build2
2026-01-13 02:04:27 status installed libgpg-error0:amd64 1.47-3build2
2026-01-13 02:04:27 configure libssl3t64:amd64 3.0.13-0ubuntu3 <none>
2026-01-13 02:04:27 status unpacked libssl3t64:amd64 3.0.13-0ubuntu3
2026-01-13 02:04:27 status half-configured libssl3t64:amd64 3.0.13-0ubuntu3
2026-01-13 02:04:27 status installed libssl3t64:amd64 3.0.13-0ubuntu3
2026-01-13 02:04:27 configure liblz4-1:amd64 1.9.4-1build1 <none>
2026-01-13 02:04:27 status unpacked liblz4-1:amd64 1.9.4-1build1
2026-01-13 02:04:27 status half-configured liblz4-1:amd64 1.9.4-1build1
2026-01-13 02:04:27 status installed liblz4-1:amd64 1.9.4-1build1
2026-01-13 02:04:27 configure libc-bin:amd64 2.39-0ubuntu8 <none>
2026-01-13 02:04:27 status unpacked libc-bin:amd64 2.39-0ubuntu8
2026-01-13 02:04:27 status half-configured libc-bin:amd64 2.39-0ubuntu8
2026-01-13 02:04:27 status installed libc-bin:amd64 2.39-0ubuntu8
2026-01-13 02:04:27 configure ncurses-bin:amd64 6.4+20240113-1ubuntu2 <none>
2026-01-13 02:04:27 status unpacked ncurses-bin:amd64 6.4+20240113-1ubuntu2
2026-01-13 02:04:27 status half-configured ncurses-bin:amd64 6.4+20240113-1ubuntu2
2026-01-13 02:04:27 status installed ncurses-bin:amd64 6.4+20240113-1ubuntu2
2026-01-13 02:04:27 configure libacl1:amd64 2.3.2-1build1 <none>
2026-01-13 02:04:27 status triggers-pending libc-bin:amd64 2.39-0ubuntu8
2026-01-13 02:04:27 status unpacked libacl1:amd64 2.3.2-1build1
2026-01-13 02:04:27 status half-configured libacl1:amd64 2.3.2-1build1
2026-01-13 02:04:27 status installed libacl1:amd64 2.3.2-1build1
2026-01-13 02:04:27 configure libsmartcols1:amd64 2.39.3-9ubuntu6 <none>
2026-01-13 02:04:27 status unpacked libsmartcols1:amd64 2.39.3-9ubuntu6
2026-01-13 02:04:27 status half-configured libsmartcols1:amd64 2.39.3-9ubuntu6
2026-01-13 02:04:27 status installed libsmartcols1:amd64 2.39.3-9ubuntu6
2026-01-13 02:04:27 configure libgcrypt20:amd64 1.10.3-2build1 <none>
2026-01-13 02:04:27 status unpacked libgcrypt20:amd64 1.10.3-2build1
2026-01-13 02:04:27 status half-configured libgcrypt20:amd64 1.10.3-2build1
2026-01-13 02:04:27 status installed libgcrypt20:amd64 1.10.3-2build1
2026-01-13 02:04:27 configure zlib1g:amd64 1:1.3.dfsg-3.1ubuntu2 <none>
2026-01-13 02:04:27 status unpacked zlib1g:amd64 1:1.3.dfsg-3.1ubuntu2
2026-01-13 02:04:27 status half-configured zlib1g:amd64 1:1.3.dfsg-3.1ubuntu2
2026-01-13 02:04:27 status installed zlib1g:amd64 1:1.3.dfsg-3.1ubuntu2
2026-01-13 02:04:27 configure libcrypt1:amd64 1:4.4.36-4build1 <none>
2026-01-13 02:04:27 status unpacked libcrypt1:amd64 1:4.4.36-4build1
2026-01-13 02:04:27 status half-configured libcrypt1:amd64 1:4.4.36-4build1
2026-01-13 02:04:27 status installed libcrypt1:amd64 1:4.4.36-4build1
2026-01-13 02:04:27 configure libcom-err2:amd64 1.47.0-2.4~exp1ubuntu4 <none>
2026-01-13 02:04:27 status unpacked libcom-err2:amd64 1.47.0-2.4~exp1ubuntu4
2026-01-13 02:04:27 status half-configured libcom-err2:amd64 1.47.0-2.4~exp1ubuntu4
2026-01-13 02:04:27 status installed libcom-err2:amd64 1.47.0-2.4~exp1ubuntu4
2026-01-13 02:04:27 configure diffutils:amd64 1:3.10-1build1 <none>
2026-01-13 02:04:27 status unpacked diffutils:amd64 1:3.10-1build1
2026-01-13 02:04:27 status half-configured diffutils:amd64 1:3.10-1build1
2026-01-13 02:04:27 status installed diffutils:amd64 1:3.10-1build1
2026-01-13 02:04:27 configure libcap2:amd64 1:2.66-5ubuntu2 <none>
2026-01-13 02:04:27 status unpacked libcap2:amd64 1:2.66-5ubuntu2
2026-01-13 02:04:27 status half-configured libcap2:amd64 1:2.66-5ubuntu2
2026-01-13 02:04:27 status installed libcap2:amd64 1:2.66-5ubuntu2
2026-01-13 02:04:27 configure hostname:amd64 3.23+nmu2ubuntu2 <none>
2026-01-13 02:04:27 status unpacked hostname:amd64 3.23+nmu2ubuntu2
2026-01-13 02:04:27 status half-configured hostname:amd64 3.23+nmu2ubuntu2
2026-01-13 02:04:27 status installed hostname:amd64 3.23+nmu2ubuntu2
2026-01-13 02:04:27 configure libcap-ng0:amd64 0.8.4-2build2 <none>
2026-01-13 02:04:27 status unpacked libcap-ng0:amd64 0.8.4-2build2
2026-01-13 02:04:27 status half-configured libcap-ng0:amd64 0.8.4-2build2
2026-01-13 02:04:27 status installed libcap-ng0:amd64 0.8.4-2build2
2026-01-13 02:04:27 configure libgmp10:amd64 2:6.3.0+dfsg-2ubuntu6 <none>
2026-01-13 02:04:27 status unpacked libgmp10:amd64 2:6.3.0+dfsg-2ubuntu6
2026-01-13 02:04:27 status half-configured libgmp10:amd64 2:6.3.0+dfsg-2ubuntu6
2026-01-13 02:04:27 status installed libgmp10:amd64 2:6.3.0+dfsg-2ubuntu6
2026-01-13 02:04:27 configure libaudit1:amd64 1:3.1.2-2.1build1 <none>
2026-01-13 02:04:27 status unpacked libaudit1:amd64 1:3.1.2-2.1build1
2026-01-13 02:04:27 status half-configured libaudit1:amd64 1:3.1.2-2.1build1
2026-01-13 02:04:27 status installed libaudit1:amd64 1:3.1.2-2.1build1
2026-01-13 02:04:27 configure libuuid1:amd64 2.39.3-9ubuntu6 <none>
2026-01-13 02:04:27 status unpacked libuuid1:amd64 2.39.3-9ubuntu6
2026-01-13 02:04:27 status half-configured libuuid1:amd64 2.39.3-9ubuntu6
2026-01-13 02:04:27 status installed libuuid1:amd64 2.39.3-9ubuntu6
2026-01-13 02:04:27 configure libss2:amd64 1.47.0-2.4~exp1ubuntu4 <none>
2026-01-13 02:04:27 status unpacked libss2:amd64 1.47.0-2.4~exp1ubuntu4
2026-01-13 02:04:27 status half-configured libss2:amd64 1.47.0-2.4~exp1ubuntu4
2026-01-13 02:04:27 status installed libss2:amd64 1.47.0-2.4~exp1ubuntu4
2026-01-13 02:04:27 configure libsepol2:amd64 3.5-2build1 <none>
2026-01-13 02:04:27 status unpacked libsepol2:amd64 3.5-2build1
2026-01-13 02:04:27 status half-configured libsepol2:amd64 3.5-2build1
2026-01-13 02:04:27 status installed libsepol2:amd64 3.5-2build1
2026-01-13 02:04:27 configure libpcre2-8-0:amd64 10.42-4ubuntu2 <none>
2026-01-13 02:04:27 status unpacked libpcre2-8-0:amd64 10.42-4ubuntu2
2026-01-13 02:04:27 status half-configured libpcre2-8-0:amd64 10.42-4ubuntu2
2026-01-13 02:04:27 status installed libpcre2-8-0:amd64 10.42-4ubuntu2
2026-01-13 02:04:27 configure libncursesw6:amd64 6.4+20240113-1ubuntu2 <none>
2026-01-13 02:04:27 status unpacked libncursesw6:amd64 6.4+20240113-1ubuntu2
2026-01-13 02:04:27 status half-configured libncursesw6:amd64 6.4+20240113-1ubuntu2
2026-01-13 02:04:27 status installed libncursesw6:amd64 6.4+20240113-1ubuntu2
2026-01-13 02:04:27 configure logsave:amd64 1.47.0-2.4~exp1ubuntu4 <none>
2026-01-13 02:04:27 status unpacked logsave:amd64 1.47.0-2.4~exp1ubuntu4
2026-01-13 02:04:27 status half-configured logsave:amd64 1.47.0-2.4~exp1ubuntu4
2026-01-13 02:04:27 status installed logsave:amd64 1.47.0-2.4~exp1ubuntu4
2026-01-13 02:04:27 configure libudev1:amd64 255.4-1ubuntu8 <none>
2026-01-13 02:04:27 status unpacked libudev1:amd64 255.4-1ubuntu8
2026-01-13 02:04:27 status half-configured libudev1:amd64 255.4-1ubuntu8
2026-01-13 02:04:27 status installed libudev1:amd64 255.4-1ubuntu8
2026-01-13 02:04:27 configure base-files:amd64 13ubuntu10 <none>
2026-01-13 02:04:27 status unpacked base-files:amd64 13ubuntu10
2026-01-13 02:04:27 status half-configured base-files:amd64 13ubuntu10
2026-01-13 02:04:28 status installed base-files:amd64 13ubuntu10
2026-01-13 02:04:28 configure bash:amd64 5.2.21-2ubuntu4 <none>
2026-01-13 02:04:28 status unpacked bash:amd64 5.2.21-2ubuntu4
2026-01-13 02:04:28 status half-configured bash:amd64 5.2.21-2ubuntu4
2026-01-13 02:04:28 status installed bash:amd64 5.2.21-2ubuntu4
2026-01-13 02:04:28 configure grep:amd64 3.11-4build1 <none>
2026-01-13 02:04:28 status unpacked grep:amd64 3.11-4build1
2026-01-13 02:04:28 status half-configured grep:amd64 3.11-4build1
2026-01-13 02:04:28 status installed grep:amd64 3.11-4build1
2026-01-13 02:04:28 configure e2fsprogs:amd64 1.47.0-2.4~exp1ubuntu4 <none>
2026-01-13 02:04:28 status unpacked e2fsprogs:amd64 1.47.0-2.4~exp1ubuntu4
2026-01-13 02:04:28 status half-configured e2fsprogs:amd64 1.47.0-2.4~exp1ubuntu4
2026-01-13 02:04:28 status installed e2fsprogs:amd64 1.47.0-2.4~exp1ubuntu4
2026-01-13 02:04:28 configure libsystemd0:amd64 255.4-1ubuntu8 <none>
2026-01-13 02:04:28 status unpacked libsystemd0:amd64 255.4-1ubuntu8
2026-01-13 02:04:28 status half-configured libsystemd0:amd64 255.4-1ubuntu8
2026-01-13 02:04:28 status installed libsystemd0:amd64 255.4-1ubuntu8
2026-01-13 02:04:28 configure libselinux1:amd64 3.5-2ubuntu2 <none>
2026-01-13 02:04:28 status unpacked libselinux1:amd64 3.5-2ubuntu2
2026-01-13 02:04:28 status half-configured libselinux1:amd64 3.5-2ubuntu2
2026-01-13 02:04:28 status installed libselinux1:amd64 3.5-2ubuntu2
2026-01-13 02:04:28 configure libpam0g:amd64 1.5.3-5ubuntu5 <none>
2026-01-13 02:04:28 status unpacked libpam0g:amd64 1.5.3-5ubuntu5
2026-01-13 02:04:28 status half-configured libpam0g:amd64 1.5.3-5ubuntu5
2026-01-13 02:04:28 status installed libpam0g:amd64 1.5.3-5ubuntu5
2026-01-13 02:04:28 configure sed:amd64 4.9-2build1 <none>
2026-01-13 02:04:28 status unpacked sed:amd64 4.9-2build1
2026-01-13 02:04:28 status half-configured sed:amd64 4.9-2build1
2026-01-13 02:04:28 status installed sed:amd64 4.9-2build1
2026-01-13 02:04:28 configure libproc2-0:amd64 2:4.0.4-4ubuntu3 <none>
2026-01-13 02:04:28 status unpacked libproc2-0:amd64 2:4.0.4-4ubuntu3
2026-01-13 02:04:28 status half-configured libproc2-0:amd64 2:4.0.4-4ubuntu3
2026-01-13 02:04:28 status installed libproc2-0:amd64 2:4.0.4-4ubuntu3
2026-01-13 02:04:28 configure findutils:amd64 4.9.0-5build1 <none>
2026-01-13 02:04:28 status unpacked findutils:amd64 4.9.0-5build1
2026-01-13 02:04:28 status half-configured findutils:amd64 4.9.0-5build1
2026-01-13 02:04:28 status installed findutils:amd64 4.9.0-5build1
2026-01-13 02:04:28 configure libmount1:amd64 2.39.3-9ubuntu6 <none>
2026-01-13 02:04:28 status unpacked libmount1:amd64 2.39.3-9ubuntu6
2026-01-13 02:04:28 status half-configured libmount1:amd64 2.39.3-9ubuntu6
2026-01-13 02:04:28 status installed libmount1:amd64 2.39.3-9ubuntu6
2026-01-13 02:04:28 configure procps:amd64 2:4.0.4-4ubuntu3 <none>
2026-01-13 02:04:28 status unpacked procps:amd64 2:4.0.4-4ubuntu3
2026-01-13 02:04:28 status half-configured procps:amd64 2:4.0.4-4ubuntu3
2026-01-13 02:04:28 status installed procps:amd64 2:4.0.4-4ubuntu3
2026-01-13 02:04:28 configure libsemanage2:amd64 3.5-1build5 <none>
2026-01-13 02:04:28 status unpacked libsemanage2:amd64 3.5-1build5
2026-01-13 02:04:28 status half-configured libsemanage2:amd64 3.5-1build5
2026-01-13 02:04:28 status installed libsemanage2:amd64 3.5-1build5
2026-01-13 02:04:28 configure base-passwd:amd64 3.6.3build1 <none>
2026-01-13 02:04:28 status unpacked base-passwd:amd64 3.6.3build1
2026-01-13 02:04:28 status half-configured base-passwd:amd64 3.6.3build1
2026-01-13 02:04:28 status installed base-passwd:amd64 3.6.3build1
2026-01-13 02:04:28 configure bsdutils:amd64 1:2.39.3-9ubuntu6 <none>
2026-01-13 02:04:28 status unpacked bsdutils:amd64 1:2.39.3-9ubuntu6
2026-01-13 02:04:28 status half-configured bsdutils:amd64 1:2.39.3-9ubuntu6
2026-01-13 02:04:28 status installed bsdutils:amd64 1:2.39.3-9ubuntu6
2026-01-13 02:04:28 configure tar:amd64 1.35+dfsg-3build1 <none>
2026-01-13 02:04:28 status unpacked tar:amd64 1.35+dfsg-3build1
2026-01-13 02:04:28 status half-configured tar:amd64 1.35+dfsg-3build1
2026-01-13 02:04:28 status installed tar:amd64 1.35+dfsg-3build1
2026-01-13 02:04:28 configure libpam-modules-bin:amd64 1.5.3-5ubuntu5 <none>
2026-01-13 02:04:28 status unpacked libpam-modules-bin:amd64 1.5.3-5ubuntu5
2026-01-13 02:04:28 status half-configured libpam-modules-bin:amd64 1.5.3-5ubuntu5
2026-01-13 02:04:28 status installed libpam-modules-bin:amd64 1.5.3-5ubuntu5
2026-01-13 02:04:28 configure coreutils:amd64 9.4-3ubuntu6 <none>
2026-01-13 02:04:28 status unpacked coreutils:amd64 9.4-3ubuntu6
2026-01-13 02:04:28 status half-configured coreutils:amd64 9.4-3ubuntu6
2026-01-13 02:04:28 status installed coreutils:amd64 9.4-3ubuntu6
2026-01-13 02:04:28 configure util-linux:amd64 2.39.3-9ubuntu6 <none>
2026-01-13 02:04:28 status unpacked util-linux:amd64 2.39.3-9ubuntu6
2026-01-13 02:04:28 status half-configured util-linux:amd64 2.39.3-9ubuntu6
2026-01-13 02:04:28 status installed util-linux:amd64 2.39.3-9ubuntu6
2026-01-13 02:04:28 configure dpkg:amd64 1.22.6ubuntu6 <none>
2026-01-13 02:04:28 status unpacked dpkg:amd64 1.22.6ubuntu6
2026-01-13 02:04:28 status half-configured dpkg:amd64 1.22.6ubuntu6
2026-01-13 02:04:28 status installed dpkg:amd64 1.22.6ubuntu6
2026-01-13 02:04:28 configure mount:amd64 2.39.3-9ubuntu6 <none>
2026-01-13 02:04:28 status unpacked mount:amd64 2.39.3-9ubuntu6
2026-01-13 02:04:28 status half-configured mount:amd64 2.39.3-9ubuntu6
2026-01-13 02:04:28 status installed mount:amd64 2.39.3-9ubuntu6
2026-01-13 02:04:28 configure dash:amd64 0.5.12-6ubuntu5 <none>
2026-01-13 02:04:28 status unpacked dash:amd64 0.5.12-6ubuntu5
2026-01-13 02:04:28 status half-configured dash:amd64 0.5.12-6ubuntu5
2026-01-13 02:04:28 status installed dash:amd64 0.5.12-6ubuntu5
2026-01-13 02:04:28 configure libpam-modules:amd64 1.5.3-5ubuntu5 <none>
2026-01-13 02:04:28 status unpacked libpam-modules:amd64 1.5.3-5ubuntu5
2026-01-13 02:04:28 status half-configured libpam-modules:amd64 1.5.3-5ubuntu5
2026-01-13 02:04:28 status installed libpam-modules:amd64 1.5.3-5ubuntu5
2026-01-13 02:04:28 configure perl-base:amd64 5.38.2-3.2build2 <none>
2026-01-13 02:04:28 status unpacked perl-base:amd64 5.38.2-3.2build2
2026-01-13 02:04:28 status half-configured perl-base:amd64 5.38.2-3.2build2
2026-01-13 02:04:28 status installed perl-base:amd64 5.38.2-3.2build2
2026-01-13 02:04:28 configure gzip:amd64 1.12-1ubuntu3 <none>
2026-01-13 02:04:28 status unpacked gzip:amd64 1.12-1ubuntu3
2026-01-13 02:04:28 status half-configured gzip:amd64 1.12-1ubuntu3
2026-01-13 02:04:28 status installed gzip:amd64 1.12-1ubuntu3
2026-01-13 02:04:28 configure passwd:amd64 1:4.13+dfsg1-4ubuntu3 <none>
2026-01-13 02:04:28 status unpacked passwd:amd64 1:4.13+dfsg1-4ubuntu3
2026-01-13 02:04:28 status half-configured passwd:amd64 1:4.13+dfsg1-4ubuntu3
2026-01-13 02:04:29 status installed passwd:amd64 1:4.13+dfsg1-4ubuntu3
2026-01-13 02:04:29 configure libpam-runtime:all 1.5.3-5ubuntu5 <none>
2026-01-13 02:04:29 status unpacked libpam-runtime:all 1.5.3-5ubuntu5
2026-01-13 02:04:29 status half-configured libpam-runtime:all 1.5.3-5ubuntu5
2026-01-13 02:04:29 status installed libpam-runtime:all 1.5.3-5ubuntu5
2026-01-13 02:04:29 configure login:amd64 1:4.13+dfsg1-4ubuntu3 <none>
2026-01-13 02:04:29 status unpacked login:amd64 1:4.13+dfsg1-4ubuntu3
2026-01-13 02:04:29 status half-configured login:amd64 1:4.13+dfsg1-4ubuntu3
2026-01-13 02:04:29 status installed login:amd64 1:4.13+dfsg1-4ubuntu3
2026-01-13 02:04:29 trigproc libc-bin:amd64 2.39-0ubuntu8 <none>
2026-01-13 02:04:29 status half-configured libc-bin:amd64 2.39-0ubuntu8
2026-01-13 02:04:29 status installed libc-bin:amd64 2.39-0ubuntu8
2026-01-13 02:04:29 startup archives unpack
2026-01-13 02:04:29 install apt:amd64 <none> 2.7.14build2
2026-01-13 02:04:29 status triggers-pending libc-bin:amd64 2.39-0ubuntu8
2026-01-13 02:04:29 status half-installed apt:amd64 2.7.14build2
2026-01-13 02:04:29 status unpacked apt:amd64 2.7.14build2
2026-01-13 02:04:29 install gpgv:amd64 <none> 2.4.4-2ubuntu17
2026-01-13 02:04:29 status half-installed gpgv:amd64 2.4.4-2ubuntu17
2026-01-13 02:04:29 status unpacked gpgv:amd64 2.4.4-2ubuntu17
2026-01-13 02:04:29 install libapt-pkg6.0t64:amd64 <none> 2.7.14build2
2026-01-13 02:04:29 status half-installed libapt-pkg6.0t64:amd64 2.7.14build2
2026-01-13 02:04:29 status unpacked libapt-pkg6.0t64:amd64 2.7.14build2
2026-01-13 02:04:29 install libassuan0:amd64 <none> 2.5.6-1build1
2026-01-13 02:04:29 status half-installed libassuan0:amd64 2.5.6-1build1
2026-01-13 02:04:29 status unpacked libassuan0:amd64 2.5.6-1build1
2026-01-13 02:04:29 install libffi8:amd64 <none> 3.4.6-1build1
2026-01-13 02:04:29 status half-installed libffi8:amd64 3.4.6-1build1
2026-01-13 02:04:29 status unpacked libffi8:amd64 3.4.6-1build1
2026-01-13 02:04:29 install libgnutls30t64:amd64 <none> 3.8.3-1.1ubuntu3
2026-01-13 02:04:29 status half-installed libgnutls30t64:amd64 3.8.3-1.1ubuntu3
2026-01-13 02:04:29 status unpacked libgnutls30t64:amd64 3.8.3-1.1ubuntu3
2026-01-13 02:04:29 install libhogweed6t64:amd64 <none> 3.9.1-2.2build1
2026-01-13 02:04:29 status half-installed libhogweed6t64:amd64 3.9.1-2.2build1
2026-01-13 02:04:29 status unpacked libhogweed6t64:amd64 3.9.1-2.2build1
2026-01-13 02:04:29 install libidn2-0:amd64 <none> 2.3.7-2build1
2026-01-13 02:04:29 status half-installed libidn2-0:amd64 2.3.7-2build1
2026-01-13 02:04:29 status unpacked libidn2-0:amd64 2.3.7-2build1
2026-01-13 02:04:29 install libnettle8t64:amd64 <none> 3.9.1-2.2build1
2026-01-13 02:04:29 status half-installed libnettle8t64:amd64 3.9.1-2.2build1
2026-01-13 02:04:29 status unpacked libnettle8t64:amd64 3.9.1-2.2build1
2026-01-13 02:04:29 install libnpth0t64:amd64 <none> 1.6-3.1build1
2026-01-13 02:04:29 status half-installed libnpth0t64:amd64 1.6-3.1build1
2026-01-13 02:04:29 status unpacked libnpth0t64:amd64 1.6-3.1build1
2026-01-13 02:04:29 install libp11-kit0:amd64 <none> 0.25.3-4ubuntu2
2026-01-13 02:04:29 status half-installed libp11-kit0:amd64 0.25.3-4ubuntu2
2026-01-13 02:04:29 status unpacked libp11-kit0:amd64 0.25.3-4ubuntu2
2026-01-13 02:04:29 install libseccomp2:amd64 <none> 2.5.5-1ubuntu3
2026-01-13 02:04:29 status half-installed libseccomp2:amd64 2.5.5-1ubuntu3
2026-01-13 02:04:29 status unpacked libseccomp2:amd64 2.5.5-1ubuntu3
2026-01-13 02:04:29 install libstdc++6:amd64 <none> 14-20240412-0ubuntu1
2026-01-13 02:04:29 status half-installed libstdc++6:amd64 14-20240412-0ubuntu1
2026-01-13 02:04:29 status unpacked libstdc++6:amd64 14-20240412-0ubuntu1
2026-01-13 02:04:29 install libtasn1-6:amd64 <none> 4.19.0-3build1
2026-01-13 02:04:29 status half-installed libtasn1-6:amd64 4.19.0-3build1
2026-01-13 02:04:29 status unpacked libtasn1-6:amd64 4.19.0-3build1
2026-01-13 02:04:29 install libunistring5:amd64 <none> 1.1-2build1
2026-01-13 02:04:29 status half-installed libunistring5:amd64 1.1-2build1
2026-01-13 02:04:29 status unpacked libunistring5:amd64 1.1-2build1
2026-01-13 02:04:29 install libxxhash0:amd64 <none> 0.8.2-2build1
2026-01-13 02:04:29 status half-installed libxxhash0:amd64 0.8.2-2build1
2026-01-13 02:04:29 status unpacked libxxhash0:amd64 0.8.2-2build1
2026-01-13 02:04:29 install ubuntu-keyring:all <none> 2023.11.28.1
2026-01-13 02:04:29 status half-installed ubuntu-keyring:all 2023.11.28.1
2026-01-13 02:04:29 status unpacked ubuntu-keyring:all 2023.11.28.1
2026-01-13 02:04:29 trigproc libc-bin:amd64 2.39-0ubuntu8 <none>
2026-01-13 02:04:29 status half-configured libc-bin:amd64 2.39-0ubuntu8
2026-01-13 02:04:29 status installed libc-bin:amd64 2.39-0ubuntu8
2026-01-13 02:04:29 startup packages configure
2026-01-13 02:04:29 configure libnpth0t64:amd64 1.6-3.1build1 <none>
2026-01-13 02:04:29 status triggers-pending libc-bin:amd64 2.39-0ubuntu8
2026-01-13 02:04:30 status unpacked libnpth0t64:amd64 1.6-3.1build1
2026-01-13 02:04:30 status half-configured libnpth0t64:amd64 1.6-3.1build1
2026-01-13 02:04:30 status installed libnpth0t64:amd64 1.6-3.1build1
2026-01-13 02:04:30 configure libassuan0:amd64 2.5.6-1build1 <none>
2026-01-13 02:04:30 status unpacked libassuan0:amd64 2.5.6-1build1
2026-01-13 02:04:30 status half-configured libassuan0:amd64 2.5.6-1build1
2026-01-13 02:04:30 status installed libassuan0:amd64 2.5.6-1build1
2026-01-13 02:04:30 configure ubuntu-keyring:all 2023.11.28.1 <none>
2026-01-13 02:04:30 status unpacked ubuntu-keyring:all 2023.11.28.1
2026-01-13 02:04:30 status half-configured ubuntu-keyring:all 2023.11.28.1
2026-01-13 02:04:30 status installed ubuntu-keyring:all 2023.11.28.1
2026-01-13 02:04:30 configure libseccomp2:amd64 2.5.5-1ubuntu3 <none>
2026-01-13 02:04:30 status unpacked libseccomp2:amd64 2.5.5-1ubuntu3
2026-01-13 02:04:30 status half-configured libseccomp2:amd64 2.5.5-1ubuntu3
2026-01-13 02:04:30 status installed libseccomp2:amd64 2.5.5-1ubuntu3
2026-01-13 02:04:30 configure libnettle8t64:amd64 3.9.1-2.2build1 <none>
2026-01-13 02:04:30 status unpacked libnettle8t64:amd64 3.9.1-2.2build1
2026-01-13 02:04:30 status half-configured libnettle8t64:amd64 3.9.1-2.2build1
2026-01-13 02:04:30 status installed libnettle8t64:amd64 3.9.1-2.2build1
2026-01-13 02:04:30 configure libunistring5:amd64 1.1-2build1 <none>
2026-01-13 02:04:30 status unpacked libunistring5:amd64 1.1-2build1
2026-01-13 02:04:30 status half-configured libunistring5:amd64 1.1-2build1
2026-01-13 02:04:30 status installed libunistring5:amd64 1.1-2build1
2026-01-13 02:04:30 configure libffi8:amd64 3.4.6-1build1 <none>
2026-01-13 02:04:30 status unpacked libffi8:amd64 3.4.6-1build1
2026-01-13 02:04:30 status half-configured libffi8:amd64 3.4.6-1build1
2026-01-13 02:04:30 status installed libffi8:amd64 3.4.6-1build1
2026-01-13 02:04:30 configure libhogweed6t64:amd64 3.9.1-2.2build1 <none>
2026-01-13 02:04:30 status unpacked libhogweed6t64:amd64 3.9.1-2.2build1
2026-01-13 02:04:30 status half-configured libhogweed6t64:amd64 3.9.1-2.2build1
2026-01-13 02:04:30 status installed libhogweed6t64:amd64 3.9.1-2.2build1
2026-01-13 02:04:30 configure gpgv:amd64 2.4.4-2ubuntu17 <none>
2026-01-13 02:04:30 status unpacked gpgv:amd64 2.4.4-2ubuntu17
2026-01-13 02:04:30 status half-configured gpgv:amd64 2.4.4-2ubuntu17
2026-01-13 02:04:30 status installed gpgv:amd64 2.4.4-2ubuntu17
2026-01-13 02:04:30 configure libxxhash0:amd64 0.8.2-2build1 <none>
2026-01-13 02:04:30 status unpacked libxxhash0:amd64 0.8.2-2build1
2026-01-13 02:04:30 status half-configured libxxhash0:amd64 0.8.2-2build1
2026-01-13 02:04:30 status installed libxxhash0:amd64 0.8.2-2build1
2026-01-13 02:04:30 configure libtasn1-6:amd64 4.19.0-3build1 <none>
2026-01-13 02:04:30 status unpacked libtasn1-6:amd64 4.19.0-3build1
2026-01-13 02:04:30 status half-configured libtasn1-6:amd64 4.19.0-3build1
2026-01-13 02:04:30 status installed libtasn1-6:amd64 4.19.0-3build1
2026-01-13 02:04:30 configure libstdc++6:amd64 14-20240412-0ubuntu1 <none>
2026-01-13 02:04:30 status unpacked libstdc++6:amd64 14-20240412-0ubuntu1
2026-01-13 02:04:30 status half-configured libstdc++6:amd64 14-20240412-0ubuntu1
2026-01-13 02:04:30 status installed libstdc++6:amd64 14-20240412-0ubuntu1
2026-01-13 02:04:30 configure libidn2-0:amd64 2.3.7-2build1 <none>
2026-01-13 02:04:30 status unpacked libidn2-0:amd64 2.3.7-2build1
2026-01-13 02:04:30 status half-configured libidn2-0:amd64 2.3.7-2build1
2026-01-13 02:04:30 status installed libidn2-0:amd64 2.3.7-2build1
2026-01-13 02:04:30 configure libp11-kit0:amd64 0.25.3-4ubuntu2 <none>
2026-01-13 02:04:30 status unpacked libp11-kit0:amd64 0.25.3-4ubuntu2
2026-01-13 02:04:30 status half-configured libp11-kit0:amd64 0.25.3-4ubuntu2
2026-01-13 02:04:30 status installed libp11-kit0:amd64 0.25.3-4ubuntu2
2026-01-13 02:04:30 configure libapt-pkg6.0t64:amd64 2.7.14build2 <none>
2026-01-13 02:04:30 status unpacked libapt-pkg6.0t64:amd64 2.7.14build2
2026-01-13 02:04:30 status half-configured libapt-pkg6.0t64:amd64 2.7.14build2
2026-01-13 02:04:30 status installed libapt-pkg6.0t64:amd64 2.7.14build2
2026-01-13 02:04:30 configure libgnutls30t64:amd64 3.8.3-1.1ubuntu3 <none>
2026-01-13 02:04:30 status unpacked libgnutls30t64:amd64 3.8.3-1.1ubuntu3
2026-01-13 02:04:30 status half-configured libgnutls30t64:amd64 3.8.3-1.1ubuntu3
2026-01-13 02:04:30 status installed libgnutls30t64:amd64 3.8.3-1.1ubuntu3
2026-01-13 02:04:30 configure apt:amd64 2.7.14build2 <none>
2026-01-13 02:04:30 status unpacked apt:amd64 2.7.14build2
2026-01-13 02:04:30 status half-configured apt:amd64 2.7.14build2
2026-01-13 02:04:30 status installed apt:amd64 2.7.14build2
2026-01-13 02:04:30 trigproc libc-bin:amd64 2.39-0ubuntu8 <none>
2026-01-13 02:04:30 status half-configured libc-bin:amd64 2.39-0ubuntu8
2026-01-13 02:04:30 status installed libc-bin:amd64 2.39-0ubuntu8
2026-01-13 02:04:34 startup archives unpack
2026-01-13 02:04:34 upgrade apt:amd64 2.7.14build2 2.7.14build2
2026-01-13 02:04:34 status triggers-pending libc-bin:amd64 2.39-0ubuntu8
2026-01-13 02:04:34 status half-configured apt:amd64 2.7.14build2
2026-01-13 02:04:34 status unpacked apt:amd64 2.7.14build2
2026-01-13 02:04:34 status half-installed apt:amd64 2.7.14build2
2026-01-13 02:04:34 status unpacked apt:amd64 2.7.14build2
2026-01-13 02:04:35 startup packages configure
2026-01-13 02:04:35 configure apt:amd64 2.7.14build2 <none>
2026-01-13 02:04:35 status unpacked apt:amd64 2.7.14build2
2026-01-13 02:04:35 status half-configured apt:amd64 2.7.14build2
2026-01-13 02:04:35 status installed apt:amd64 2.7.14build2
2026-01-13 02:04:35 startup packages configure
2026-01-13 02:04:35 trigproc libc-bin:amd64 2.39-0ubuntu8 <none>
2026-01-13 02:04:35 status half-configured libc-bin:amd64 2.39-0ubuntu8
2026-01-13 02:04:35 status installed libc-bin:amd64 2.39-0ubuntu8
2026-01-13 02:04:39 startup archives unpack
2026-01-13 02:04:39 upgrade base-files:amd64 13ubuntu10 13ubuntu10
2026-01-13 02:04:39 status half-configured base-files:amd64 13ubuntu10
2026-01-13 02:04:39 status unpacked base-files:amd64 13ubuntu10
2026-01-13 02:04:39 status half-installed base-files:amd64 13ubuntu10
2026-01-13 02:04:39 status unpacked base-files:amd64 13ubuntu10
2026-01-13 02:04:39 startup packages configure
2026-01-13 02:04:39 configure base-files:amd64 13ubuntu10 <none>
2026-01-13 02:04:39 status unpacked base-files:amd64 13ubuntu10
2026-01-13 02:04:39 status half-configured base-files:amd64 13ubuntu10
2026-01-13 02:04:39 status installed base-files:amd64 13ubuntu10
2026-01-13 02:04:40 startup packages configure
2026-01-13 02:04:43 startup archives unpack
2026-01-13 02:04:43 upgrade base-passwd:amd64 3.6.3build1 3.6.3build1
2026-01-13 02:04:43 status half-configured base-passwd:amd64 3.6.3build1
2026-01-13 02:04:43 status unpacked base-passwd:amd64 3.6.3build1
2026-01-13 02:04:43 status half-installed base-passwd:amd64 3.6.3build1
2026-01-13 02:04:43 status unpacked base-passwd:amd64 3.6.3build1
2026-01-13 02:04:44 startup packages configure
2026-01-13 02:04:44 configure base-passwd:amd64 3.6.3build1 <none>
2026-01-13 02:04:44 status unpacked base-passwd:amd64 3.6.3build1
2026-01-13 02:04:44 status half-configured base-passwd:amd64 3.6.3build1
2026-01-13 02:04:44 status installed base-passwd:amd64 3.6.3build1
2026-01-13 02:04:44 startup packages configure
2026-01-13 02:04:48 startup archives unpack
2026-01-13 02:04:48 upgrade bash:amd64 5.2.21-2ubuntu4 5.2.21-2ubuntu4
2026-01-13 02:04:48 status half-configured bash:amd64 5.2.21-2ubuntu4
2026-01-13 02:04:48 status unpacked bash:amd64 5.2.21-2ubuntu4
2026-01-13 02:04:48 status half-installed bash:amd64 5.2.21-2ubuntu4
2026-01-13 02:04:48 status triggers-pending debianutils:amd64 5.17build1
2026-01-13 02:04:48 status unpacked bash:amd64 5.2.21-2ubuntu4
2026-01-13 02:04:48 startup packages configure
2026-01-13 02:04:48 configure bash:amd64 5.2.21-2ubuntu4 <none>
2026-01-13 02:04:48 status unpacked bash:amd64 5.2.21-2ubuntu4
2026-01-13 02:04:48 status half-configured bash:amd64 5.2.21-2ubuntu4
2026-01-13 02:04:48 status installed bash:amd64 5.2.21-2ubuntu4
2026-01-13 02:04:49 startup packages configure
2026-01-13 02:04:49 trigproc debianutils:amd64 5.17build1 <none>
2026-01-13 02:04:49 status half-configured debianutils:amd64 5.17build1
2026-01-13 02:04:49 status installed debianutils:amd64 5.17build1
2026-01-13 02:04:52 startup archives unpack
2026-01-13 02:04:52 upgrade bsdutils:amd64 1:2.39.3-9ubuntu6 1:2.39.3-9ubuntu6
2026-01-13 02:04:52 status half-configured bsdutils:amd64 1:2.39.3-9ubuntu6
2026-01-13 02:04:52 status unpacked bsdutils:amd64 1:2.39.3-9ubuntu6
2026-01-13 02:04:52 status half-installed bsdutils:amd64 1:2.39.3-9ubuntu6
2026-01-13 02:04:52 status unpacked bsdutils:amd64 1:2.39.3-9ubuntu6
2026-01-13 02:04:53 startup packages configure
2026-01-13 02:04:53 configure bsdutils:amd64 1:2.39.3-9ubuntu6 <none>
2026-01-13 02:04:53 status unpacked bsdutils:amd64 1:2.39.3-9ubuntu6
2026-01-13 02:04:53 status half-configured bsdutils:amd64 1:2.39.3-9ubuntu6
2026-01-13 02:04:53 status installed bsdutils:amd64 1:2.39.3-9ubuntu6
2026-01-13 02:04:53 startup packages configure
2026-01-13 02:04:57 startup archives unpack
2026-01-13 02:04:57 upgrade coreutils:amd64 9.4-3ubuntu6 9.4-3ubuntu6
2026-01-13 02:04:57 status half-configured coreutils:amd64 9.4-3ubuntu6
2026-01-13 02:04:57 status unpacked coreutils:amd64 9.4-3ubuntu6
2026-01-13 02:04:57 status half-installed coreutils:amd64 9.4-3ubuntu6
2026-01-13 02:04:57 status unpacked coreutils:amd64 9.4-3ubuntu6
2026-01-13 02:04:57 startup packages configure
2026-01-13 02:04:57 configure coreutils:amd64 9.4-3ubuntu6 <none>
2026-01-13 02:04:57 status unpacked coreutils:amd64 9.4-3ubuntu6
2026-01-13 02:04:57 status half-configured coreutils:amd64 9.4-3ubuntu6
2026-01-13 02:04:57 status installed coreutils:amd64 9.4-3ubuntu6
2026-01-13 02:04:58 startup packages configure
2026-01-13 02:05:01 startup archives unpack
2026-01-13 02:05:01 upgrade dash:amd64 0.5.12-6ubuntu5 0.5.12-6ubuntu5
2026-01-13 02:05:01 status half-configured dash:amd64 0.5.12-6ubuntu5
2026-01-13 02:05:01 status unpacked dash:amd64 0.5.12-6ubuntu5
2026-01-13 02:05:01 status half-installed dash:amd64 0.5.12-6ubuntu5
2026-01-13 02:05:01 status triggers-pending debianutils:amd64 5.17build1
2026-01-13 02:05:02 status unpacked dash:amd64 0.5.12-6ubuntu5
2026-01-13 02:05:02 startup packages configure
2026-01-13 02:05:02 configure dash:amd64 0.5.12-6ubuntu5 <none>
2026-01-13 02:05:02 status unpacked dash:amd64 0.5.12-6ubuntu5
2026-01-13 02:05:02 status half-configured dash:amd64 0.5.12-6ubuntu5
2026-01-13 02:05:02 status installed dash:amd64 0.5.12-6ubuntu5
2026-01-13 02:05:02 startup packages configure
2026-01-13 02:05:02 trigproc debianutils:amd64 5.17build1 <none>
2026-01-13 02:05:02 status half-configured debianutils:amd64 5.17build1
2026-01-13 02:05:02 status installed debianutils:amd64 5.17build1
2026-01-13 02:05:06 startup archives unpack
2026-01-13 02:05:06 upgrade debconf:all 1.5.86ubuntu1 1.5.86ubuntu1
2026-01-13 02:05:06 status half-configured debconf:all 1.5.86ubuntu1
2026-01-13 02:05:06 status unpacked debconf:all 1.5.86ubuntu1
2026-01-13 02:05:06 status half-installed debconf:all 1.5.86ubuntu1
2026-01-13 02:05:06 status unpacked debconf:all 1.5.86ubuntu1
2026-01-13 02:05:06 startup packages configure
2026-01-13 02:05:06 configure debconf:all 1.5.86ubuntu1 <none>
2026-01-13 02:05:06 status unpacked debconf:all 1.5.86ubuntu1
2026-01-13 02:05:06 status half-configured debconf:all 1.5.86ubuntu1
2026-01-13 02:05:07 status installed debconf:all 1.5.86ubuntu1
2026-01-13 02:05:07 startup packages configure
2026-01-13 02:05:11 startup archives unpack
2026-01-13 02:05:11 upgrade debianutils:amd64 5.17build1 5.17build1
2026-01-13 02:05:11 status half-configured debianutils:amd64 5.17build1
2026-01-13 02:05:11 status unpacked debianutils:amd64 5.17build1
2026-01-13 02:05:11 status half-installed debianutils:amd64 5.17build1
2026-01-13 02:05:11 status unpacked debianutils:amd64 5.17build1
2026-01-13 02:05:11 startup packages configure
2026-01-13 02:05:11 configure debianutils:amd64 5.17build1 <none>
2026-01-13 02:05:11 status unpacked debianutils:amd64 5.17build1
2026-01-13 02:05:11 status half-configured debianutils:amd64 5.17build1
2026-01-13 02:05:11 status installed debianutils:amd64 5.17build1
2026-01-13 02:05:11 startup packages configure
2026-01-13 02:05:15 startup archives unpack
2026-01-13 02:05:15 upgrade diffutils:amd64 1:3.10-1build1 1:3.10-1build1
2026-01-13 02:05:15 status half-configured diffutils:amd64 1:3.10-1build1
2026-01-13 02:05:15 status unpacked diffutils:amd64 1:3.10-1build1
2026-01-13 02:05:15 status half-installed diffutils:amd64 1:3.10-1build1
2026-01-13 02:05:15 status unpacked diffutils:amd64 1:3.10-1build1
2026-01-13 02:05:15 startup packages configure
2026-01-13 02:05:15 configure diffutils:amd64 1:3.10-1build1 <none>
2026-01-13 02:05:15 status unpacked diffutils:amd64 1:3.10-1build1
2026-01-13 02:05:15 status half-configured diffutils:amd64 1:3.10-1build1
2026-01-13 02:05:15 status installed diffutils:amd64 1:3.10-1build1
2026-01-13 02:05:15 startup packages configure
2026-01-13 02:05:19 startup archives unpack
2026-01-13 02:05:19 upgrade dpkg:amd64 1.22.6ubuntu6 1.22.6ubuntu6
2026-01-13 02:05:19 status half-configured dpkg:amd64 1.22.6ubuntu6
2026-01-13 02:05:19 status unpacked dpkg:amd64 1.22.6ubuntu6
2026-01-13 02:05:19 status half-installed dpkg:amd64 1.22.6ubuntu6
2026-01-13 02:05:19 status unpacked dpkg:amd64 1.22.6ubuntu6
2026-01-13 02:05:20 startup packages configure
2026-01-13 02:05:20 configure dpkg:amd64 1.22.6ubuntu6 <none>
2026-01-13 02:05:20 status unpacked dpkg:amd64 1.22.6ubuntu6
2026-01-13 02:05:20 status half-configured dpkg:amd64 1.22.6ubuntu6
2026-01-13 02:05:20 status installed dpkg:amd64 1.22.6ubuntu6
2026-01-13 02:05:20 startup packages configure
2026-01-13 02:05:24 startup archives unpack
2026-01-13 02:05:24 upgrade e2fsprogs:amd64 1.47.0-2.4~exp1ubuntu4 1.47.0-2.4~exp1ubuntu4
2026-01-13 02:05:24 status half-configured e2fsprogs:amd64 1.47.0-2.4~exp1ubuntu4
2026-01-13 02:05:24 status unpacked e2fsprogs:amd64 1.47.0-2.4~exp1ubuntu4
2026-01-13 02:05:24 status half-installed e2fsprogs:amd64 1.47.0-2.4~exp1ubuntu4
2026-01-13 02:05:24 status unpacked e2fsprogs:amd64 1.47.0-2.4~exp1ubuntu4
2026-01-13 02:05:24 startup packages configure
2026-01-13 02:05:24 configure e2fsprogs:amd64 1.47.0-2.4~exp1ubuntu4 <none>
2026-01-13 02:05:24 status unpacked e2fsprogs:amd64 1.47.0-2.4~exp1ubuntu4
2026-01-13 02:05:24 status half-configured e2fsprogs:amd64 1.47.0-2.4~exp1ubuntu4
2026-01-13 02:05:24 status installed e2fsprogs:amd64 1.47.0-2.4~exp1ubuntu4
2026-01-13 02:05:28 startup archives unpack
2026-01-13 02:05:28 upgrade findutils:amd64 4.9.0-5build1 4.9.0-5build1
2026-01-13 02:05:28 status half-configured findutils:amd64 4.9.0-5build1
2026-01-13 02:05:28 status unpacked findutils:amd64 4.9.0-5build1
2026-01-13 02:05:28 status half-installed findutils:amd64 4.9.0-5build1
2026-01-13 02:05:28 status unpacked findutils:amd64 4.9.0-5build1
2026-01-13 02:05:28 startup packages configure
2026-01-13 02:05:28 configure findutils:amd64 4.9.0-5build1 <none>
2026-01-13 02:05:28 status unpacked findutils:amd64 4.9.0-5build1
2026-01-13 02:05:28 status half-configured findutils:amd64 4.9.0-5build1
2026-01-13 02:05:28 status installed findutils:amd64 4.9.0-5build1
2026-01-13 02:05:28 startup packages configure
2026-01-13 02:05:32 startup archives unpack
2026-01-13 02:05:32 upgrade gcc-14-base:amd64 14-20240412-0ubuntu1 14-20240412-0ubuntu1
2026-01-13 02:05:32 status half-configured gcc-14-base:amd64 14-20240412-0ubuntu1
2026-01-13 02:05:32 status unpacked gcc-14-base:amd64 14-20240412-0ubuntu1
2026-01-13 02:05:32 status half-installed gcc-14-base:amd64 14-20240412-0ubuntu1
2026-01-13 02:05:32 status unpacked gcc-14-base:amd64 14-20240412-0ubuntu1
2026-01-13 02:05:32 startup packages configure
2026-01-13 02:05:32 configure gcc-14-base:amd64 14-20240412-0ubuntu1 <none>
2026-01-13 02:05:32 status unpacked gcc-14-base:amd64 14-20240412-0ubuntu1
2026-01-13 02:05:32 status half-configured gcc-14-base:amd64 14-20240412-0ubuntu1
2026-01-13 02:05:32 status installed gcc-14-base:amd64 14-20240412-0ubuntu1
2026-01-13 02:05:33 startup packages configure
2026-01-13 02:05:36 startup archives unpack
2026-01-13 02:05:36 upgrade gpgv:amd64 2.4.4-2ubuntu17 2.4.4-2ubuntu17
2026-01-13 02:05:36 status half-configured gpgv:amd64 2.4.4-2ubuntu17
2026-01-13 02:05:36 status unpacked gpgv:amd64 2.4.4-2ubuntu17
2026-01-13 02:05:36 status half-installed gpgv:amd64 2.4.4-2ubuntu17
2026-01-13 02:05:36 status unpacked gpgv:amd64 2.4.4-2ubuntu17
2026-01-13 02:05:37 startup packages configure
2026-01-13 02:05:37 configure gpgv:amd64 2.4.4-2ubuntu17 <none>
2026-01-13 02:05:37 status unpacked gpgv:amd64 2.4.4-2ubuntu17
2026-01-13 02:05:37 status half-configured gpgv:amd64 2.4.4-2ubuntu17
2026-01-13 02:05:37 status installed gpgv:amd64 2.4.4-2ubuntu17
2026-01-13 02:05:37 startup packages configure
2026-01-13 02:05:40 startup archives unpack
2026-01-13 02:05:40 upgrade grep:amd64 3.11-4build1 3.11-4build1
2026-01-13 02:05:40 status half-configured grep:amd64 3.11-4build1
2026-01-13 02:05:40 status unpacked grep:amd64 3.11-4build1
2026-01-13 02:05:40 status half-installed grep:amd64 3.11-4build1
2026-01-13 02:05:40 status unpacked grep:amd64 3.11-4build1
2026-01-13 02:05:41 startup packages configure
2026-01-13 02:05:41 configure grep:amd64 3.11-4build1 <none>
2026-01-13 02:05:41 status unpacked grep:amd64 3.11-4build1
2026-01-13 02:05:41 status half-configured grep:amd64 3.11-4build1
2026-01-13 02:05:41 status installed grep:amd64 3.11-4build1
2026-01-13 02:05:41 startup packages configure
2026-01-13 02:05:45 startup archives unpack
2026-01-13 02:05:45 upgrade gzip:amd64 1.12-1ubuntu3 1.12-1ubuntu3
2026-01-13 02:05:45 status half-configured gzip:amd64 1.12-1ubuntu3
2026-01-13 02:05:45 status unpacked gzip:amd64 1.12-1ubuntu3
2026-01-13 02:05:45 status half-installed gzip:amd64 1.12-1ubuntu3
2026-01-13 02:05:45 status unpacked gzip:amd64 1.12-1ubuntu3
2026-01-13 02:05:45 startup packages configure
2026-01-13 02:05:45 configure gzip:amd64 1.12-1ubuntu3 <none>
2026-01-13 02:05:45 status unpacked gzip:amd64 1.12-1ubuntu3
2026-01-13 02:05:45 status half-configured gzip:amd64 1.12-1ubuntu3
2026-01-13 02:05:45 status installed gzip:amd64 1.12-1ubuntu3
2026-01-13 02:05:45 startup packages configure
2026-01-13 02:05:49 startup archives unpack
2026-01-13 02:05:49 upgrade hostname:amd64 3.23+nmu2ubuntu2 3.23+nmu2ubuntu2
2026-01-13 02:05:49 status half-configured hostname:amd64 3.23+nmu2ubuntu2
2026-01-13 02:05:49 status unpacked hostname:amd64 3.23+nmu2ubuntu2
2026-01-13 02:05:49 status half-installed hostname:amd64 3.23+nmu2ubuntu2
2026-01-13 02:05:49 status unpacked hostname:amd64 3.23+nmu2ubuntu2
2026-01-13 02:05:49 startup packages configure
2026-01-13 02:05:49 configure hostname:amd64 3.23+nmu2ubuntu2 <none>
2026-01-13 02:05:49 status unpacked hostname:amd64 3.23+nmu2ubuntu2
2026-01-13 02:05:49 status half-configured hostname:amd64 3.23+nmu2ubuntu2
2026-01-13 02:05:49 status installed hostname:amd64 3.23+nmu2ubuntu2
2026-01-13 02:05:50 startup packages configure
2026-01-13 02:05:53 startup archives unpack
2026-01-13 02:05:53 upgrade init-system-helpers:all 1.66ubuntu1 1.66ubuntu1
2026-01-13 02:05:53 status half-configured init-system-helpers:all 1.66ubuntu1
2026-01-13 02:05:53 status unpacked init-system-helpers:all 1.66ubuntu1
2026-01-13 02:05:53 status half-installed init-system-helpers:all 1.66ubuntu1
2026-01-13 02:05:53 status unpacked init-system-helpers:all 1.66ubuntu1
2026-01-13 02:05:53 startup packages configure
2026-01-13 02:05:53 configure init-system-helpers:all 1.66ubuntu1 <none>
2026-01-13 02:05:53 status unpacked init-system-helpers:all 1.66ubuntu1
2026-01-13 02:05:53 status half-configured init-system-helpers:all 1.66ubuntu1
2026-01-13 02:05:53 status installed init-system-helpers:all 1.66ubuntu1
2026-01-13 02:05:54 startup packages configure
2026-01-13 02:05:57 startup archives unpack
2026-01-13 02:05:57 upgrade libacl1:amd64 2.3.2-1build1 2.3.2-1build1
2026-01-13 02:05:57 status triggers-pending libc-bin:amd64 2.39-0ubuntu8
2026-01-13 02:05:57 status half-configured libacl1:amd64 2.3.2-1build1
2026-01-13 02:05:57 status unpacked libacl1:amd64 2.3.2-1build1
2026-01-13 02:05:57 status half-installed libacl1:amd64 2.3.2-1build1
2026-01-13 02:05:57 status unpacked libacl1:amd64 2.3.2-1build1
2026-01-13 02:05:57 startup packages configure
2026-01-13 02:05:57 configure libacl1:amd64 2.3.2-1build1 <none>
2026-01-13 02:05:57 status unpacked libacl1:amd64 2.3.2-1build1
2026-01-13 02:05:57 status half-configured libacl1:amd64 2.3.2-1build1
2026-01-13 02:05:57 status installed libacl1:amd64 2.3.2-1build1
2026-01-13 02:05:58 startup packages configure
2026-01-13 02:05:58 trigproc libc-bin:amd64 2.39-0ubuntu8 <none>
2026-01-13 02:05:58 status half-configured libc-bin:amd64 2.39-0ubuntu8
2026-01-13 02:05:58 status installed libc-bin:amd64 2.39-0ubuntu8
2026-01-13 02:06:01 startup archives unpack
2026-01-13 02:06:01 upgrade libapt-pkg6.0t64:amd64 2.7.14build2 2.7.14build2
2026-01-13 02:06:01 status triggers-pending libc-bin:amd64 2.39-0ubuntu8
2026-01-13 02:06:01 status half-configured libapt-pkg6.0t64:amd64 2.7.14build2
2026-01-13 02:06:01 status unpacked libapt-pkg6.0t64:amd64 2.7.14build2
2026-01-13 02:06:01 status half-installed libapt-pkg6.0t64:amd64 2.7.14build2
2026-01-13 02:06:01 status unpacked libapt-pkg6.0t64:amd64 2.7.14build2
2026-01-13 02:06:02 startup packages configure
2026-01-13 02:06:02 configure libapt-pkg6.0t64:amd64 2.7.14build2 <none>
2026-01-13 02:06:02 status unpacked libapt-pkg6.0t64:amd64 2.7.14build2
2026-01-13 02:06:02 status half-configured libapt-pkg6.0t64:amd64 2.7.14build2
2026-01-13 02:06:02 status installed libapt-pkg6.0t64:amd64 2.7.14build2
2026-01-13 02:06:02 startup packages configure
2026-01-13 02:06:02 trigproc libc-bin:amd64 2.39-0ubuntu8 <none>
2026-01-13 02:06:02 status half-configured libc-bin:amd64 2.39-0ubuntu8
2026-01-13 02:06:02 status installed libc-bin:amd64 2.39-0ubuntu8
2026-01-13 02:06:06 startup archives unpack
2026-01-13 02:06:06 upgrade libassuan0:amd64 2.5.6-1build1 2.5.6-1build1
2026-01-13 02:06:06 status triggers-pending libc-bin:amd64 2.39-0ubuntu8
2026-01-13 02:06:06 status half-configured libassuan0:amd64 2.5.6-1build1
2026-01-13 02:06:06 status unpacked libassuan0:amd64 2.5.6-1build1
2026-01-13 02:06:06 status half-installed libassuan0:amd64 2.5.6-1build1
2026-01-13 02:06:06 status unpacked libassuan0:amd64 2.5.6-1build1
2026-01-13 02:06:06 startup packages configure
2026-01-13 02:06:06 configure libassuan0:amd64 2.5.6-1build1 <none>
2026-01-13 02:06:06 status unpacked libassuan0:amd64 2.5.6-1build1
2026-01-13 02:06:06 status half-configured libassuan0:amd64 2.5.6-1build1
2026-01-13 02:06:06 status installed libassuan0:amd64 2.5.6-1build1
2026-01-13 02:06:06 startup packages configure
2026-01-13 02:06:06 trigproc libc-bin:amd64 2.39-0ubuntu8 <none>
2026-01-13 02:06:06 status half-configured libc-bin:amd64 2.39-0ubuntu8
2026-01-13 02:06:06 status installed libc-bin:amd64 2.39-0ubuntu8
2026-01-13 02:06:10 startup archives unpack
2026-01-13 02:06:10 upgrade libattr1:amd64 1:2.5.2-1build1 1:2.5.2-1build1
2026-01-13 02:06:10 status triggers-pending libc-bin:amd64 2.39-0ubuntu8
2026-01-13 02:06:10 status half-configured libattr1:amd64 1:2.5.2-1build1
2026-01-13 02:06:10 status unpacked libattr1:amd64 1:2.5.2-1build1
2026-01-13 02:06:10 status half-installed libattr1:amd64 1:2.5.2-1build1
2026-01-13 02:06:10 status unpacked libattr1:amd64 1:2.5.2-1build1
2026-01-13 02:06:10 startup packages configure
2026-01-13 02:06:10 configure libattr1:amd64 1:2.5.2-1build1 <none>
2026-01-13 02:06:10 status unpacked libattr1:amd64 1:2.5.2-1build1
2026-01-13 02:06:10 status half-configured libattr1:amd64 1:2.5.2-1build1
2026-01-13 02:06:10 status installed libattr1:amd64 1:2.5.2-1build1
2026-01-13 02:06:10 startup packages configure
2026-01-13 02:06:10 trigproc libc-bin:amd64 2.39-0ubuntu8 <none>
2026-01-13 02:06:10 status half-configured libc-bin:amd64 2.39-0ubuntu8
2026-01-13 02:06:10 status installed libc-bin:amd64 2.39-0ubuntu8
2026-01-13 02:06:14 startup archives unpack
2026-01-13 02:06:14 upgrade libaudit-common:all 1:3.1.2-2.1build1 1:3.1.2-2.1build1
2026-01-13 02:06:14 status half-configured libaudit-common:all 1:3.1.2-2.1build1
2026-01-13 02:06:14 status unpacked libaudit-common:all 1:3.1.2-2.1build1
2026-01-13 02:06:14 status half-installed libaudit-common:all 1:3.1.2-2.1build1
2026-01-13 02:06:14 status unpacked libaudit-common:all 1:3.1.2-2.1build1
2026-01-13 02:06:14 startup packages configure
2026-01-13 02:06:14 configure libaudit-common:all 1:3.1.2-2.1build1 <none>
2026-01-13 02:06:14 status unpacked libaudit-common:all 1:3.1.2-2.1build1
2026-01-13 02:06:14 status half-configured libaudit-common:all 1:3.1.2-2.1build1
2026-01-13 02:06:14 status installed libaudit-common:all 1:3.1.2-2.1build1
2026-01-13 02:06:14 startup packages configure
2026-01-13 02:06:18 startup archives unpack
2026-01-13 02:06:18 upgrade libaudit1:amd64 1:3.1.2-2.1build1 1:3.1.2-2.1build1
2026-01-13 02:06:18 status triggers-pending libc-bin:amd64 2.39-0ubuntu8
2026-01-13 02:06:18 status half-configured libaudit1:amd64 1:3.1.2-2.1build1
2026-01-13 02:06:18 status unpacked libaudit1:amd64 1:3.1.2-2.1build1
2026-01-13 02:06:18 status half-installed libaudit1:amd64 1:3.1.2-2.1build1
2026-01-13 02:06:18 status unpacked libaudit1:amd64 1:3.1.2-2.1build1
2026-01-13 02:06:18 startup packages configure
2026-01-13 02:06:18 configure libaudit1:amd64 1:3.1.2-2.1build1 <none>
2026-01-13 02:06:18 status unpacked libaudit1:amd64 1:3.1.2-2.1build1
2026-01-13 02:06:18 status half-configured libaudit1:amd64 1:3.1.2-2.1build1
2026-01-13 02:06:18 status installed libaudit1:amd64 1:3.1.2-2.1build1
2026-01-13 02:06:19 startup packages configure
2026-01-13 02:06:19 trigproc libc-bin:amd64 2.39-0ubuntu8 <none>
2026-01-13 02:06:19 status half-configured libc-bin:amd64 2.39-0ubuntu8
2026-01-13 02:06:19 status installed libc-bin:amd64 2.39-0ubuntu8
2026-01-13 02:06:22 startup archives unpack
2026-01-13 02:06:22 upgrade libblkid1:amd64 2.39.3-9ubuntu6 2.39.3-9ubuntu6
2026-01-13 02:06:22 status triggers-pending libc-bin:amd64 2.39-0ubuntu8
2026-01-13 02:06:22 status half-configured libblkid1:amd64 2.39.3-9ubuntu6
2026-01-13 02:06:22 status unpacked libblkid1:amd64 2.39.3-9ubuntu6
2026-01-13 02:06:22 status half-installed libblkid1:amd64 2.39.3-9ubuntu6
2026-01-13 02:06:22 status unpacked libblkid1:amd64 2.39.3-9ubuntu6
2026-01-13 02:06:23 startup packages configure
2026-01-13 02:06:23 configure libblkid1:amd64 2.39.3-9ubuntu6 <none>
2026-01-13 02:06:23 status unpacked libblkid1:amd64 2.39.3-9ubuntu6
2026-01-13 02:06:23 status half-configured libblkid1:amd64 2.39.3-9ubuntu6
2026-01-13 02:06:23 status installed libblkid1:amd64 2.39.3-9ubuntu6
2026-01-13 02:06:23 startup packages configure
2026-01-13 02:06:23 trigproc libc-bin:amd64 2.39-0ubuntu8 <none>
2026-01-13 02:06:23 status half-configured libc-bin:amd64 2.39-0ubuntu8
2026-01-13 02:06:23 status installed libc-bin:amd64 2.39-0ubuntu8
2026-01-13 02:06:27 startup archives unpack
2026-01-13 02:06:27 upgrade libbz2-1.0:amd64 1.0.8-5.1 1.0.8-5.1
2026-01-13 02:06:27 status triggers-pending libc-bin:amd64 2.39-0ubuntu8
2026-01-13 02:06:27 status half-configured libbz2-1.0:amd64 1.0.8-5.1
2026-01-13 02:06:27 status unpacked libbz2-1.0:amd64 1.0.8-5.1
2026-01-13 02:06:27 status half-installed libbz2-1.0:amd64 1.0.8-5.1
2026-01-13 02:06:27 status unpacked libbz2-1.0:amd64 1.0.8-5.1
2026-01-13 02:06:27 startup packages configure
2026-01-13 02:06:27 configure libbz2-1.0:amd64 1.0.8-5.1 <none>
2026-01-13 02:06:27 status unpacked libbz2-1.0:amd64 1.0.8-5.1
2026-01-13 02:06:27 status half-configured libbz2-1.0:amd64 1.0.8-5.1
2026-01-13 02:06:27 status installed libbz2-1.0:amd64 1.0.8-5.1
2026-01-13 02:06:27 startup packages configure
2026-01-13 02:06:27 trigproc libc-bin:amd64 2.39-0ubuntu8 <none>
2026-01-13 02:06:27 status half-configured libc-bin:amd64 2.39-0ubuntu8
2026-01-13 02:06:27 status installed libc-bin:amd64 2.39-0ubuntu8
2026-01-13 02:06:31 startup archives unpack
2026-01-13 02:06:31 upgrade libc-bin:amd64 2.39-0ubuntu8 2.39-0ubuntu8
2026-01-13 02:06:31 status half-configured libc-bin:amd64 2.39-0ubuntu8
2026-01-13 02:06:31 status unpacked libc-bin:amd64 2.39-0ubuntu8
2026-01-13 02:06:31 status half-installed libc-bin:amd64 2.39-0ubuntu8
2026-01-13 02:06:31 status unpacked libc-bin:amd64 2.39-0ubuntu8
2026-01-13 02:06:31 startup packages configure
2026-01-13 02:06:31 configure libc-bin:amd64 2.39-0ubuntu8 <none>
2026-01-13 02:06:31 status unpacked libc-bin:amd64 2.39-0ubuntu8
2026-01-13 02:06:31 status half-configured libc-bin:amd64 2.39-0ubuntu8
2026-01-13 02:06:31 status installed libc-bin:amd64 2.39-0ubuntu8
2026-01-13 02:06:31 startup packages configure
2026-01-13 02:06:35 startup archives unpack
2026-01-13 02:06:35 upgrade libc6:amd64 2.39-0ubuntu8 2.39-0ubuntu8
2026-01-13 02:06:35 status triggers-pending libc-bin:amd64 2.39-0ubuntu8
2026-01-13 02:06:35 status half-configured libc6:amd64 2.39-0ubuntu8
2026-01-13 02:06:35 status unpacked libc6:amd64 2.39-0ubuntu8
2026-01-13 02:06:35 status half-installed libc6:amd64 2.39-0ubuntu8
2026-01-13 02:06:35 status unpacked libc6:amd64 2.39-0ubuntu8
2026-01-13 02:06:36 startup packages configure
2026-01-13 02:06:36 configure libc6:amd64 2.39-0ubuntu8 <none>
2026-01-13 02:06:36 status unpacked libc6:amd64 2.39-0ubuntu8
2026-01-13 02:06:36 status half-configured libc6:amd64 2.39-0ubuntu8
2026-01-13 02:06:37 status installed libc6:amd64 2.39-0ubuntu8
2026-01-13 02:06:37 startup packages configure
2026-01-13 02:06:37 trigproc libc-bin:amd64 2.39-0ubuntu8 <none>
2026-01-13 02:06:37 status half-configured libc-bin:amd64 2.39-0ubuntu8
2026-01-13 02:06:37 status installed libc-bin:amd64 2.39-0ubuntu8
2026-01-13 02:06:41 startup archives unpack
2026-01-13 02:06:41 upgrade libcap-ng0:amd64 0.8.4-2build2 0.8.4-2build2
2026-01-13 02:06:41 status triggers-pending libc-bin:amd64 2.39-0ubuntu8
2026-01-13 02:06:41 status half-configured libcap-ng0:amd64 0.8.4-2build2
2026-01-13 02:06:41 status unpacked libcap-ng0:amd64 0.8.4-2build2
2026-01-13 02:06:41 status half-installed libcap-ng0:amd64 0.8.4-2build2
2026-01-13 02:06:41 status unpacked libcap-ng0:amd64 0.8.4-2build2
2026-01-13 02:06:41 startup packages configure
2026-01-13 02:06:41 configure libcap-ng0:amd64 0.8.4-2build2 <none>
2026-01-13 02:06:41 status unpacked libcap-ng0:amd64 0.8.4-2build2
2026-01-13 02:06:41 status half-configured libcap-ng0:amd64 0.8.4-2build2
2026-01-13 02:06:41 status installed libcap-ng0:amd64 0.8.4-2build2
2026-01-13 02:06:41 startup packages configure
2026-01-13 02:06:41 trigproc libc-bin:amd64 2.39-0ubuntu8 <none>
2026-01-13 02:06:41 status half-configured libc-bin:amd64 2.39-0ubuntu8
2026-01-13 02:06:41 status installed libc-bin:amd64 2.39-0ubuntu8
2026-01-13 02:06:45 startup archives unpack
2026-01-13 02:06:45 upgrade libcap2:amd64 1:2.66-5ubuntu2 1:2.66-5ubuntu2
2026-01-13 02:06:45 status triggers-pending libc-bin:amd64 2.39-0ubuntu8
2026-01-13 02:06:45 status half-configured libcap2:amd64 1:2.66-5ubuntu2
2026-01-13 02:06:45 status unpacked libcap2:amd64 1:2.66-5ubuntu2
2026-01-13 02:06:45 status half-installed libcap2:amd64 1:2.66-5ubuntu2
2026-01-13 02:06:45 status unpacked libcap2:amd64 1:2.66-5ubuntu2
2026-01-13 02:06:45 startup packages configure
2026-01-13 02:06:45 configure libcap2:amd64 1:2.66-5ubuntu2 <none>
2026-01-13 02:06:45 status unpacked libcap2:amd64 1:2.66-5ubuntu2
2026-01-13 02:06:45 status half-configured libcap2:amd64 1:2.66-5ubuntu2
2026-01-13 02:06:45 status installed libcap2:amd64 1:2.66-5ubuntu2
2026-01-13 02:06:45 startup packages configure
2026-01-13 02:06:45 trigproc libc-bin:amd64 2.39-0ubuntu8 <none>
2026-01-13 02:06:45 status half-configured libc-bin:amd64 2.39-0ubuntu8
2026-01-13 02:06:45 status installed libc-bin:amd64 2.39-0ubuntu8
2026-01-13 02:06:49 startup archives unpack
2026-01-13 02:06:49 upgrade libcom-err2:amd64 1.47.0-2.4~exp1ubuntu4 1.47.0-2.4~exp1ubuntu4
2026-01-13 02:06:49 status triggers-pending libc-bin:amd64 2.39-0ubuntu8
2026-01-13 02:06:49 status half-configured libcom-err2:amd64 1.47.0-2.4~exp1ubuntu4
2026-01-13 02:06:49 status unpacked libcom-err2:amd64 1.47.0-2.4~exp1ubuntu4
2026-01-13 02:06:49 status half-installed libcom-err2:amd64 1.47.0-2.4~exp1ubuntu4
2026-01-13 02:06:49 status unpacked libcom-err2:amd64 1.47.0-2.4~exp1ubuntu4
2026-01-13 02:06:49 startup packages configure
2026-01-13 02:06:49 configure libcom-err2:amd64 1.47.0-2.4~exp1ubuntu4 <none>
2026-01-13 02:06:49 status unpacked libcom-err2:amd64 1.47.0-2.4~exp1ubuntu4
2026-01-13 02:06:49 status half-configured libcom-err2:amd64 1.47.0-2.4~exp1ubuntu4
2026-01-13 02:06:49 status installed libcom-err2:amd64 1.47.0-2.4~exp1ubuntu4
2026-01-13 02:06:49 trigproc libc-bin:amd64 2.39-0ubuntu8 <none>
2026-01-13 02:06:49 status half-configured libc-bin:amd64 2.39-0ubuntu8
2026-01-13 02:06:49 status installed libc-bin:amd64 2.39-0ubuntu8
2026-01-13 02:06:53 startup archives unpack
2026-01-13 02:06:53 upgrade libcrypt1:amd64 1:4.4.36-4build1 1:4.4.36-4build1
2026-01-13 02:06:53 status triggers-pending libc-bin:amd64 2.39-0ubuntu8
2026-01-13 02:06:53 status half-configured libcrypt1:amd64 1:4.4.36-4build1
2026-01-13 02:06:53 status unpacked libcrypt1:amd64 1:4.4.36-4build1
2026-01-13 02:06:53 status half-installed libcrypt1:amd64 1:4.4.36-4build1
2026-01-13 02:06:53 status unpacked libcrypt1:amd64 1:4.4.36-4build1
2026-01-13 02:06:53 startup packages configure
2026-01-13 02:06:53 configure libcrypt1:amd64 1:4.4.36-4build1 <none>
2026-01-13 02:06:53 status unpacked libcrypt1:amd64 1:4.4.36-4build1
2026-01-13 02:06:53 status half-configured libcrypt1:amd64 1:4.4.36-4build1
2026-01-13 02:06:53 status installed libcrypt1:amd64 1:4.4.36-4build1
2026-01-13 02:06:54 startup packages configure
2026-01-13 02:06:54 trigproc libc-bin:amd64 2.39-0ubuntu8 <none>
2026-01-13 02:06:54 status half-configured libc-bin:amd64 2.39-0ubuntu8
2026-01-13 02:06:54 status installed libc-bin:amd64 2.39-0ubuntu8
2026-01-13 02:06:57 startup archives unpack
2026-01-13 02:06:57 upgrade libdebconfclient0:amd64 0.271ubuntu3 0.271ubuntu3
2026-01-13 02:06:57 status triggers-pending libc-bin:amd64 2.39-0ubuntu8
2026-01-13 02:06:57 status half-configured libdebconfclient0:amd64 0.271ubuntu3
2026-01-13 02:06:57 status unpacked libdebconfclient0:amd64 0.271ubuntu3
2026-01-13 02:06:57 status half-installed libdebconfclient0:amd64 0.271ubuntu3
2026-01-13 02:06:57 status unpacked libdebconfclient0:amd64 0.271ubuntu3
2026-01-13 02:06:58 startup packages configure
2026-01-13 02:06:58 configure libdebconfclient0:amd64 0.271ubuntu3 <none>
2026-01-13 02:06:58 status unpacked libdebconfclient0:amd64 0.271ubuntu3
2026-01-13 02:06:58 status half-configured libdebconfclient0:amd64 0.271ubuntu3
2026-01-13 02:06:58 status installed libdebconfclient0:amd64 0.271ubuntu3
2026-01-13 02:06:58 startup packages configure
2026-01-13 02:06:58 trigproc libc-bin:amd64 2.39-0ubuntu8 <none>
2026-01-13 02:06:58 status half-configured libc-bin:amd64 2.39-0ubuntu8
2026-01-13 02:06:58 status installed libc-bin:amd64 2.39-0ubuntu8
2026-01-13 02:07:01 startup archives unpack
2026-01-13 02:07:01 upgrade libext2fs2t64:amd64 1.47.0-2.4~exp1ubuntu4 1.47.0-2.4~exp1ubuntu4
2026-01-13 02:07:01 status triggers-pending libc-bin:amd64 2.39-0ubuntu8
2026-01-13 02:07:01 status half-configured libext2fs2t64:amd64 1.47.0-2.4~exp1ubuntu4
2026-01-13 02:07:01 status unpacked libext2fs2t64:amd64 1.47.0-2.4~exp1ubuntu4
2026-01-13 02:07:01 status half-installed libext2fs2t64:amd64 1.47.0-2.4~exp1ubuntu4
2026-01-13 02:07:01 status unpacked libext2fs2t64:amd64 1.47.0-2.4~exp1ubuntu4
2026-01-13 02:07:02 startup packages configure
2026-01-13 02:07:02 configure libext2fs2t64:amd64 1.47.0-2.4~exp1ubuntu4 <none>
2026-01-13 02:07:02 status unpacked libext2fs2t64:amd64 1.47.0-2.4~exp1ubuntu4
2026-01-13 02:07:02 status half-configured libext2fs2t64:amd64 1.47.0-2.4~exp1ubuntu4
2026-01-13 02:07:02 status installed libext2fs2t64:amd64 1.47.0-2.4~exp1ubuntu4
2026-01-13 02:07:02 trigproc libc-bin:amd64 2.39-0ubuntu8 <none>
2026-01-13 02:07:02 status half-configured libc-bin:amd64 2.39-0ubuntu8
2026-01-13 02:07:02 status installed libc-bin:amd64 2.39-0ubuntu8
2026-01-13 02:07:05 startup archives unpack
2026-01-13 02:07:05 upgrade libffi8:amd64 3.4.6-1build1 3.4.6-1build1
2026-01-13 02:07:05 status triggers-pending libc-bin:amd64 2.39-0ubuntu8
2026-01-13 02:07:05 status half-configured libffi8:amd64 3.4.6-1build1
2026-01-13 02:07:05 status unpacked libffi8:amd64 3.4.6-1build1
2026-01-13 02:07:05 status half-installed libffi8:amd64 3.4.6-1build1
2026-01-13 02:07:05 status unpacked libffi8:amd64 3.4.6-1build1
2026-01-13 02:07:06 startup packages configure
2026-01-13 02:07:06 configure libffi8:amd64 3.4.6-1build1 <none>
2026-01-13 02:07:06 status unpacked libffi8:amd64 3.4.6-1build1
2026-01-13 02:07:06 status half-configured libffi8:amd64 3.4.6-1build1
2026-01-13 02:07:06 status installed libffi8:amd64 3.4.6-1build1
2026-01-13 02:07:06 startup packages configure
2026-01-13 02:07:06 trigproc libc-bin:amd64 2.39-0ubuntu8 <none>
2026-01-13 02:07:06 status half-configured libc-bin:amd64 2.39-0ubuntu8
2026-01-13 02:07:06 status installed libc-bin:amd64 2.39-0ubuntu8
2026-01-13 02:07:10 startup archives unpack
2026-01-13 02:07:10 upgrade libgcc-s1:amd64 14-20240412-0ubuntu1 14-20240412-0ubuntu1
2026-01-13 02:07:10 status triggers-pending libc-bin:amd64 2.39-0ubuntu8
2026-01-13 02:07:10 status half-configured libgcc-s1:amd64 14-20240412-0ubuntu1
2026-01-13 02:07:10 status unpacked libgcc-s1:amd64 14-20240412-0ubuntu1
2026-01-13 02:07:10 status half-installed libgcc-s1:amd64 14-20240412-0ubuntu1
2026-01-13 02:07:10 status unpacked libgcc-s1:amd64 14-20240412-0ubuntu1
2026-01-13 02:07:10 startup packages configure
2026-01-13 02:07:10 configure libgcc-s1:amd64 14-20240412-0ubuntu1 <none>
2026-01-13 02:07:10 status unpacked libgcc-s1:amd64 14-20240412-0ubuntu1
2026-01-13 02:07:10 status half-configured libgcc-s1:amd64 14-20240412-0ubuntu1
2026-01-13 02:07:10 status installed libgcc-s1:amd64 14-20240412-0ubuntu1
2026-01-13 02:07:10 startup packages configure
2026-01-13 02:07:10 trigproc libc-bin:amd64 2.39-0ubuntu8 <none>
2026-01-13 02:07:10 status half-configured libc-bin:amd64 2.39-0ubuntu8
2026-01-13 02:07:10 status installed libc-bin:amd64 2.39-0ubuntu8
2026-01-13 02:07:14 startup archives unpack
2026-01-13 02:07:14 upgrade libgcrypt20:amd64 1.10.3-2build1 1.10.3-2build1
2026-01-13 02:07:14 status triggers-pending libc-bin:amd64 2.39-0ubuntu8
2026-01-13 02:07:14 status half-configured libgcrypt20:amd64 1.10.3-2build1
2026-01-13 02:07:14 status unpacked libgcrypt20:amd64 1.10.3-2build1
2026-01-13 02:07:14 status half-installed libgcrypt20:amd64 1.10.3-2build1
2026-01-13 02:07:14 status unpacked libgcrypt20:amd64 1.10.3-2build1
2026-01-13 02:07:14 startup packages configure
2026-01-13 02:07:14 configure libgcrypt20:amd64 1.10.3-2build1 <none>
2026-01-13 02:07:14 status unpacked libgcrypt20:amd64 1.10.3-2build1
2026-01-13 02:07:14 status half-configured libgcrypt20:amd64 1.10.3-2build1
2026-01-13 02:07:14 status installed libgcrypt20:amd64 1.10.3-2build1
2026-01-13 02:07:15 startup packages configure
2026-01-13 02:07:15 trigproc libc-bin:amd64 2.39-0ubuntu8 <none>
2026-01-13 02:07:15 status half-configured libc-bin:amd64 2.39-0ubuntu8
2026-01-13 02:07:15 status installed libc-bin:amd64 2.39-0ubuntu8
2026-01-13 02:07:18 startup archives unpack
2026-01-13 02:07:18 upgrade libgmp10:amd64 2:6.3.0+dfsg-2ubuntu6 2:6.3.0+dfsg-2ubuntu6
2026-01-13 02:07:18 status triggers-pending libc-bin:amd64 2.39-0ubuntu8
2026-01-13 02:07:18 status half-configured libgmp10:amd64 2:6.3.0+dfsg-2ubuntu6
2026-01-13 02:07:18 status unpacked libgmp10:amd64 2:6.3.0+dfsg-2ubuntu6
2026-01-13 02:07:18 status half-installed libgmp10:amd64 2:6.3.0+dfsg-2ubuntu6
2026-01-13 02:07:18 status unpacked libgmp10:amd64 2:6.3.0+dfsg-2ubuntu6
2026-01-13 02:07:19 startup packages configure
2026-01-13 02:07:19 configure libgmp10:amd64 2:6.3.0+dfsg-2ubuntu6 <none>
2026-01-13 02:07:19 status unpacked libgmp10:amd64 2:6.3.0+dfsg-2ubuntu6
2026-01-13 02:07:19 status half-configured libgmp10:amd64 2:6.3.0+dfsg-2ubuntu6
2026-01-13 02:07:19 status installed libgmp10:amd64 2:6.3.0+dfsg-2ubuntu6
2026-01-13 02:07:19 startup packages configure
2026-01-13 02:07:19 trigproc libc-bin:amd64 2.39-0ubuntu8 <none>
2026-01-13 02:07:19 status half-configured libc-bin:amd64 2.39-0ubuntu8
2026-01-13 02:07:19 status installed libc-bin:amd64 2.39-0ubuntu8
2026-01-13 02:07:23 startup archives unpack
2026-01-13 02:07:23 upgrade libgnutls30t64:amd64 3.8.3-1.1ubuntu3 3.8.3-1.1ubuntu3
2026-01-13 02:07:23 status triggers-pending libc-bin:amd64 2.39-0ubuntu8
2026-01-13 02:07:23 status half-configured libgnutls30t64:amd64 3.8.3-1.1ubuntu3
2026-01-13 02:07:23 status unpacked libgnutls30t64:amd64 3.8.3-1.1ubuntu3
2026-01-13 02:07:23 status half-installed libgnutls30t64:amd64 3.8.3-1.1ubuntu3
2026-01-13 02:07:23 status unpacked libgnutls30t64:amd64 3.8.3-1.1ubuntu3
2026-01-13 02:07:23 startup packages configure
2026-01-13 02:07:23 configure libgnutls30t64:amd64 3.8.3-1.1ubuntu3 <none>
2026-01-13 02:07:23 status unpacked libgnutls30t64:amd64 3.8.3-1.1ubuntu3
2026-01-13 02:07:23 status half-configured libgnutls30t64:amd64 3.8.3-1.1ubuntu3
2026-01-13 02:07:23 status installed libgnutls30t64:amd64 3.8.3-1.1ubuntu3
2026-01-13 02:07:23 startup packages configure
2026-01-13 02:07:23 trigproc libc-bin:amd64 2.39-0ubuntu8 <none>
2026-01-13 02:07:23 status half-configured libc-bin:amd64 2.39-0ubuntu8
2026-01-13 02:07:23 status installed libc-bin:amd64 2.39-0ubuntu8
2026-01-13 02:07:27 startup archives unpack
2026-01-13 02:07:27 upgrade libgpg-error0:amd64 1.47-3build2 1.47-3build2
2026-01-13 02:07:27 status triggers-pending libc-bin:amd64 2.39-0ubuntu8
2026-01-13 02:07:27 status half-configured libgpg-error0:amd64 1.47-3build2
2026-01-13 02:07:27 status unpacked libgpg-error0:amd64 1.47-3build2
2026-01-13 02:07:27 status half-installed libgpg-error0:amd64 1.47-3build2
2026-01-13 02:07:27 status unpacked libgpg-error0:amd64 1.47-3build2
2026-01-13 02:07:27 startup packages configure
2026-01-13 02:07:27 configure libgpg-error0:amd64 1.47-3build2 <none>
2026-01-13 02:07:27 status unpacked libgpg-error0:amd64 1.47-3build2
2026-01-13 02:07:27 status half-configured libgpg-error0:amd64 1.47-3build2
2026-01-13 02:07:27 status installed libgpg-error0:amd64 1.47-3build2
2026-01-13 02:07:27 startup packages configure
2026-01-13 02:07:27 trigproc libc-bin:amd64 2.39-0ubuntu8 <none>
2026-01-13 02:07:27 status half-configured libc-bin:amd64 2.39-0ubuntu8
2026-01-13 02:07:27 status installed libc-bin:amd64 2.39-0ubuntu8
2026-01-13 02:07:31 startup archives unpack
2026-01-13 02:07:31 upgrade libhogweed6t64:amd64 3.9.1-2.2build1 3.9.1-2.2build1
2026-01-13 02:07:31 status triggers-pending libc-bin:amd64 2.39-0ubuntu8
2026-01-13 02:07:31 status half-configured libhogweed6t64:amd64 3.9.1-2.2build1
2026-01-13 02:07:31 status unpacked libhogweed6t64:amd64 3.9.1-2.2build1
2026-01-13 02:07:31 status half-installed libhogweed6t64:amd64 3.9.1-2.2build1
2026-01-13 02:07:31 status unpacked libhogweed6t64:amd64 3.9.1-2.2build1
2026-01-13 02:07:31 startup packages configure
2026-01-13 02:07:31 configure libhogweed6t64:amd64 3.9.1-2.2build1 <none>
2026-01-13 02:07:31 status unpacked libhogweed6t64:amd64 3.9.1-2.2build1
2026-01-13 02:07:31 status half-configured libhogweed6t64:amd64 3.9.1-2.2build1
2026-01-13 02:07:31 status installed libhogweed6t64:amd64 3.9.1-2.2build1
2026-01-13 02:07:32 startup packages configure
2026-01-13 02:07:32 trigproc libc-bin:amd64 2.39-0ubuntu8 <none>
2026-01-13 02:07:32 status half-configured libc-bin:amd64 2.39-0ubuntu8
2026-01-13 02:07:32 status installed libc-bin:amd64 2.39-0ubuntu8
2026-01-13 02:07:35 startup archives unpack
2026-01-13 02:07:35 upgrade libidn2-0:amd64 2.3.7-2build1 2.3.7-2build1
2026-01-13 02:07:35 status triggers-pending libc-bin:amd64 2.39-0ubuntu8
2026-01-13 02:07:35 status half-configured libidn2-0:amd64 2.3.7-2build1
2026-01-13 02:07:35 status unpacked libidn2-0:amd64 2.3.7-2build1
2026-01-13 02:07:35 status half-installed libidn2-0:amd64 2.3.7-2build1
2026-01-13 02:07:35 status unpacked libidn2-0:amd64 2.3.7-2build1
2026-01-13 02:07:36 startup packages configure
2026-01-13 02:07:36 configure libidn2-0:amd64 2.3.7-2build1 <none>
2026-01-13 02:07:36 status unpacked libidn2-0:amd64 2.3.7-2build1
2026-01-13 02:07:36 status half-configured libidn2-0:amd64 2.3.7-2build1
2026-01-13 02:07:36 status installed libidn2-0:amd64 2.3.7-2build1
2026-01-13 02:07:36 startup packages configure
2026-01-13 02:07:36 trigproc libc-bin:amd64 2.39-0ubuntu8 <none>
2026-01-13 02:07:36 status half-configured libc-bin:amd64 2.39-0ubuntu8
2026-01-13 02:07:36 status installed libc-bin:amd64 2.39-0ubuntu8
2026-01-13 02:07:39 startup archives unpack
2026-01-13 02:07:39 upgrade liblz4-1:amd64 1.9.4-1build1 1.9.4-1build1
2026-01-13 02:07:39 status triggers-pending libc-bin:amd64 2.39-0ubuntu8
2026-01-13 02:07:39 status half-configured liblz4-1:amd64 1.9.4-1build1
2026-01-13 02:07:39 status unpacked liblz4-1:amd64 1.9.4-1build1
2026-01-13 02:07:39 status half-installed liblz4-1:amd64 1.9.4-1build1
2026-01-13 02:07:39 status unpacked liblz4-1:amd64 1.9.4-1build1
2026-01-13 02:07:40 startup packages configure
2026-01-13 02:07:40 configure liblz4-1:amd64 1.9.4-1build1 <none>
2026-01-13 02:07:40 status unpacked liblz4-1:amd64 1.9.4-1build1
2026-01-13 02:07:40 status half-configured liblz4-1:amd64 1.9.4-1build1
2026-01-13 02:07:40 status installed liblz4-1:amd64 1.9.4-1build1
2026-01-13 02:07:40 startup packages configure
2026-01-13 02:07:40 trigproc libc-bin:amd64 2.39-0ubuntu8 <none>
2026-01-13 02:07:40 status half-configured libc-bin:amd64 2.39-0ubuntu8
2026-01-13 02:07:40 status installed libc-bin:amd64 2.39-0ubuntu8
2026-01-13 02:07:44 startup archives unpack
2026-01-13 02:07:44 upgrade liblzma5:amd64 5.6.1+really5.4.5-1 5.6.1+really5.4.5-1
2026-01-13 02:07:44 status triggers-pending libc-bin:amd64 2.39-0ubuntu8
2026-01-13 02:07:44 status half-configured liblzma5:amd64 5.6.1+really5.4.5-1
2026-01-13 02:07:44 status unpacked liblzma5:amd64 5.6.1+really5.4.5-1
2026-01-13 02:07:44 status half-installed liblzma5:amd64 5.6.1+really5.4.5-1
2026-01-13 02:07:44 status unpacked liblzma5:amd64 5.6.1+really5.4.5-1
2026-01-13 02:07:44 startup packages configure
2026-01-13 02:07:44 configure liblzma5:amd64 5.6.1+really5.4.5-1 <none>
2026-01-13 02:07:44 status unpacked liblzma5:amd64 5.6.1+really5.4.5-1
2026-01-13 02:07:44 status half-configured liblzma5:amd64 5.6.1+really5.4.5-1
2026-01-13 02:07:44 status installed liblzma5:amd64 5.6.1+really5.4.5-1
2026-01-13 02:07:44 startup packages configure
2026-01-13 02:07:44 trigproc libc-bin:amd64 2.39-0ubuntu8 <none>
2026-01-13 02:07:44 status half-configured libc-bin:amd64 2.39-0ubuntu8
2026-01-13 02:07:44 status installed libc-bin:amd64 2.39-0ubuntu8
2026-01-13 02:07:48 startup archives unpack
2026-01-13 02:07:48 upgrade libmd0:amd64 1.1.0-2build1 1.1.0-2build1
2026-01-13 02:07:48 status triggers-pending libc-bin:amd64 2.39-0ubuntu8
2026-01-13 02:07:48 status half-configured libmd0:amd64 1.1.0-2build1
2026-01-13 02:07:48 status unpacked libmd0:amd64 1.1.0-2build1
2026-01-13 02:07:48 status half-installed libmd0:amd64 1.1.0-2build1
2026-01-13 02:07:48 status unpacked libmd0:amd64 1.1.0-2build1
2026-01-13 02:07:48 startup packages configure
2026-01-13 02:07:48 configure libmd0:amd64 1.1.0-2build1 <none>
2026-01-13 02:07:48 status unpacked libmd0:amd64 1.1.0-2build1
2026-01-13 02:07:48 status half-configured libmd0:amd64 1.1.0-2build1
2026-01-13 02:07:48 status installed libmd0:amd64 1.1.0-2build1
2026-01-13 02:07:48 startup packages configure
2026-01-13 02:07:48 trigproc libc-bin:amd64 2.39-0ubuntu8 <none>
2026-01-13 02:07:48 status half-configured libc-bin:amd64 2.39-0ubuntu8
2026-01-13 02:07:48 status installed libc-bin:amd64 2.39-0ubuntu8
2026-01-13 02:07:52 startup archives unpack
2026-01-13 02:07:52 upgrade libmount1:amd64 2.39.3-9ubuntu6 2.39.3-9ubuntu6
2026-01-13 02:07:52 status triggers-pending libc-bin:amd64 2.39-0ubuntu8
2026-01-13 02:07:52 status half-configured libmount1:amd64 2.39.3-9ubuntu6
2026-01-13 02:07:52 status unpacked libmount1:amd64 2.39.3-9ubuntu6
2026-01-13 02:07:52 status half-installed libmount1:amd64 2.39.3-9ubuntu6
2026-01-13 02:07:52 status unpacked libmount1:amd64 2.39.3-9ubuntu6
2026-01-13 02:07:52 startup packages configure
2026-01-13 02:07:52 configure libmount1:amd64 2.39.3-9ubuntu6 <none>
2026-01-13 02:07:52 status unpacked libmount1:amd64 2.39.3-9ubuntu6
2026-01-13 02:07:52 status half-configured libmount1:amd64 2.39.3-9ubuntu6
2026-01-13 02:07:52 status installed libmount1:amd64 2.39.3-9ubuntu6
2026-01-13 02:07:53 startup packages configure
2026-01-13 02:07:53 trigproc libc-bin:amd64 2.39-0ubuntu8 <none>
2026-01-13 02:07:53 status half-configured libc-bin:amd64 2.39-0ubuntu8
2026-01-13 02:07:53 status installed libc-bin:amd64 2.39-0ubuntu8
2026-01-13 02:07:56 startup archives unpack
2026-01-13 02:07:56 upgrade libncursesw6:amd64 6.4+20240113-1ubuntu2 6.4+20240113-1ubuntu2
2026-01-13 02:07:56 status triggers-pending libc-bin:amd64 2.39-0ubuntu8
2026-01-13 02:07:56 status half-configured libncursesw6:amd64 6.4+20240113-1ubuntu2
2026-01-13 02:07:56 status unpacked libncursesw6:amd64 6.4+20240113-1ubuntu2
2026-01-13 02:07:56 status half-installed libncursesw6:amd64 6.4+20240113-1ubuntu2
2026-01-13 02:07:56 status unpacked libncursesw6:amd64 6.4+20240113-1ubuntu2
2026-01-13 02:07:57 startup packages configure
2026-01-13 02:07:57 configure libncursesw6:amd64 6.4+20240113-1ubuntu2 <none>
2026-01-13 02:07:57 status unpacked libncursesw6:amd64 6.4+20240113-1ubuntu2
2026-01-13 02:07:57 status half-configured libncursesw6:amd64 6.4+20240113-1ubuntu2
2026-01-13 02:07:57 status installed libncursesw6:amd64 6.4+20240113-1ubuntu2
2026-01-13 02:07:57 trigproc libc-bin:amd64 2.39-0ubuntu8 <none>
2026-01-13 02:07:57 status half-configured libc-bin:amd64 2.39-0ubuntu8
2026-01-13 02:07:57 status installed libc-bin:amd64 2.39-0ubuntu8
2026-01-13 02:08:00 startup archives unpack
2026-01-13 02:08:00 upgrade libnettle8t64:amd64 3.9.1-2.2build1 3.9.1-2.2build1
2026-01-13 02:08:00 status triggers-pending libc-bin:amd64 2.39-0ubuntu8
2026-01-13 02:08:00 status half-configured libnettle8t64:amd64 3.9.1-2.2build1
2026-01-13 02:08:00 status unpacked libnettle8t64:amd64 3.9.1-2.2build1
2026-01-13 02:08:00 status half-installed libnettle8t64:amd64 3.9.1-2.2build1
2026-01-13 02:08:00 status unpacked libnettle8t64:amd64 3.9.1-2.2build1
2026-01-13 02:08:01 startup packages configure
2026-01-13 02:08:01 configure libnettle8t64:amd64 3.9.1-2.2build1 <none>
2026-01-13 02:08:01 status unpacked libnettle8t64:amd64 3.9.1-2.2build1
2026-01-13 02:08:01 status half-configured libnettle8t64:amd64 3.9.1-2.2build1
2026-01-13 02:08:01 status installed libnettle8t64:amd64 3.9.1-2.2build1
2026-01-13 02:08:01 startup packages configure
2026-01-13 02:08:01 trigproc libc-bin:amd64 2.39-0ubuntu8 <none>
2026-01-13 02:08:01 status half-configured libc-bin:amd64 2.39-0ubuntu8
2026-01-13 02:08:01 status installed libc-bin:amd64 2.39-0ubuntu8
2026-01-13 02:08:04 startup archives unpack
2026-01-13 02:08:04 upgrade libnpth0t64:amd64 1.6-3.1build1 1.6-3.1build1
2026-01-13 02:08:04 status triggers-pending libc-bin:amd64 2.39-0ubuntu8
2026-01-13 02:08:04 status half-configured libnpth0t64:amd64 1.6-3.1build1
2026-01-13 02:08:04 status unpacked libnpth0t64:amd64 1.6-3.1build1
2026-01-13 02:08:04 status half-installed libnpth0t64:amd64 1.6-3.1build1
2026-01-13 02:08:04 status unpacked libnpth0t64:amd64 1.6-3.1build1
2026-01-13 02:08:05 startup packages configure
2026-01-13 02:08:05 configure libnpth0t64:amd64 1.6-3.1build1 <none>
2026-01-13 02:08:05 status unpacked libnpth0t64:amd64 1.6-3.1build1
2026-01-13 02:08:05 status half-configured libnpth0t64:amd64 1.6-3.1build1
2026-01-13 02:08:05 status installed libnpth0t64:amd64 1.6-3.1build1
2026-01-13 02:08:05 startup packages configure
2026-01-13 02:08:05 trigproc libc-bin:amd64 2.39-0ubuntu8 <none>
2026-01-13 02:08:05 status half-configured libc-bin:amd64 2.39-0ubuntu8
2026-01-13 02:08:05 status installed libc-bin:amd64 2.39-0ubuntu8
2026-01-13 02:08:09 startup archives unpack
2026-01-13 02:08:09 upgrade libp11-kit0:amd64 0.25.3-4ubuntu2 0.25.3-4ubuntu2
2026-01-13 02:08:09 status triggers-pending libc-bin:amd64 2.39-0ubuntu8
2026-01-13 02:08:09 status half-configured libp11-kit0:amd64 0.25.3-4ubuntu2
2026-01-13 02:08:09 status unpacked libp11-kit0:amd64 0.25.3-4ubuntu2
2026-01-13 02:08:09 status half-installed libp11-kit0:amd64 0.25.3-4ubuntu2
2026-01-13 02:08:09 status unpacked libp11-kit0:amd64 0.25.3-4ubuntu2
2026-01-13 02:08:09 startup packages configure
2026-01-13 02:08:09 configure libp11-kit0:amd64 0.25.3-4ubuntu2 <none>
2026-01-13 02:08:09 status unpacked libp11-kit0:amd64 0.25.3-4ubuntu2
2026-01-13 02:08:09 status half-configured libp11-kit0:amd64 0.25.3-4ubuntu2
2026-01-13 02:08:09 status installed libp11-kit0:amd64 0.25.3-4ubuntu2
2026-01-13 02:08:09 startup packages configure
2026-01-13 02:08:09 trigproc libc-bin:amd64 2.39-0ubuntu8 <none>
2026-01-13 02:08:09 status half-configured libc-bin:amd64 2.39-0ubuntu8
2026-01-13 02:08:09 status installed libc-bin:amd64 2.39-0ubuntu8
2026-01-13 02:08:13 startup archives unpack
2026-01-13 02:08:13 upgrade libpam-modules:amd64 1.5.3-5ubuntu5 1.5.3-5ubuntu5
2026-01-13 02:08:13 status half-configured libpam-modules:amd64 1.5.3-5ubuntu5
2026-01-13 02:08:13 status unpacked libpam-modules:amd64 1.5.3-5ubuntu5
2026-01-13 02:08:13 status half-installed libpam-modules:amd64 1.5.3-5ubuntu5
2026-01-13 02:08:13 status unpacked libpam-modules:amd64 1.5.3-5ubuntu5
2026-01-13 02:08:13 startup packages configure
2026-01-13 02:08:13 configure libpam-modules:amd64 1.5.3-5ubuntu5 <none>
2026-01-13 02:08:13 status unpacked libpam-modules:amd64 1.5.3-5ubuntu5
2026-01-13 02:08:13 status half-configured libpam-modules:amd64 1.5.3-5ubuntu5
2026-01-13 02:08:13 status installed libpam-modules:amd64 1.5.3-5ubuntu5
2026-01-13 02:08:14 startup packages configure
2026-01-13 02:08:17 startup archives unpack
2026-01-13 02:08:17 upgrade libpam-modules-bin:amd64 1.5.3-5ubuntu5 1.5.3-5ubuntu5
2026-01-13 02:08:17 status half-configured libpam-modules-bin:amd64 1.5.3-5ubuntu5
2026-01-13 02:08:17 status unpacked libpam-modules-bin:amd64 1.5.3-5ubuntu5
2026-01-13 02:08:17 status half-installed libpam-modules-bin:amd64 1.5.3-5ubuntu5
2026-01-13 02:08:17 status unpacked libpam-modules-bin:amd64 1.5.3-5ubuntu5
2026-01-13 02:08:17 startup packages configure
2026-01-13 02:08:17 configure libpam-modules-bin:amd64 1.5.3-5ubuntu5 <none>
2026-01-13 02:08:17 status unpacked libpam-modules-bin:amd64 1.5.3-5ubuntu5
2026-01-13 02:08:17 status half-configured libpam-modules-bin:amd64 1.5.3-5ubuntu5
2026-01-13 02:08:17 status installed libpam-modules-bin:amd64 1.5.3-5ubuntu5
2026-01-13 02:08:18 startup packages configure
2026-01-13 02:08:21 startup archives unpack
2026-01-13 02:08:21 upgrade libpam-runtime:all 1.5.3-5ubuntu5 1.5.3-5ubuntu5
2026-01-13 02:08:21 status half-configured libpam-runtime:all 1.5.3-5ubuntu5
2026-01-13 02:08:21 status unpacked libpam-runtime:all 1.5.3-5ubuntu5
2026-01-13 02:08:21 status half-installed libpam-runtime:all 1.5.3-5ubuntu5
2026-01-13 02:08:21 status unpacked libpam-runtime:all 1.5.3-5ubuntu5
2026-01-13 02:08:22 startup packages configure
2026-01-13 02:08:22 configure libpam-runtime:all 1.5.3-5ubuntu5 <none>
2026-01-13 02:08:22 status unpacked libpam-runtime:all 1.5.3-5ubuntu5
2026-01-13 02:08:22 status half-configured libpam-runtime:all 1.5.3-5ubuntu5
2026-01-13 02:08:22 status installed libpam-runtime:all 1.5.3-5ubuntu5
2026-01-13 02:08:22 startup packages configure
2026-01-13 02:08:26 startup archives unpack
2026-01-13 02:08:26 upgrade libpam0g:amd64 1.5.3-5ubuntu5 1.5.3-5ubuntu5
2026-01-13 02:08:26 status triggers-pending libc-bin:amd64 2.39-0ubuntu8
2026-01-13 02:08:26 status half-configured libpam0g:amd64 1.5.3-5ubuntu5
2026-01-13 02:08:26 status unpacked libpam0g:amd64 1.5.3-5ubuntu5
2026-01-13 02:08:26 status half-installed libpam0g:amd64 1.5.3-5ubuntu5
2026-01-13 02:08:26 status unpacked libpam0g:amd64 1.5.3-5ubuntu5
2026-01-13 02:08:26 startup packages configure
2026-01-13 02:08:26 configure libpam0g:amd64 1.5.3-5ubuntu5 <none>
2026-01-13 02:08:26 status unpacked libpam0g:amd64 1.5.3-5ubuntu5
2026-01-13 02:08:26 status half-configured libpam0g:amd64 1.5.3-5ubuntu5
2026-01-13 02:08:26 status installed libpam0g:amd64 1.5.3-5ubuntu5
2026-01-13 02:08:26 startup packages configure
2026-01-13 02:08:26 trigproc libc-bin:amd64 2.39-0ubuntu8 <none>
2026-01-13 02:08:26 status half-configured libc-bin:amd64 2.39-0ubuntu8
2026-01-13 02:08:26 status installed libc-bin:amd64 2.39-0ubuntu8
2026-01-13 02:08:30 startup archives unpack
2026-01-13 02:08:30 upgrade libpcre2-8-0:amd64 10.42-4ubuntu2 10.42-4ubuntu2
2026-01-13 02:08:30 status triggers-pending libc-bin:amd64 2.39-0ubuntu8
2026-01-13 02:08:30 status half-configured libpcre2-8-0:amd64 10.42-4ubuntu2
2026-01-13 02:08:30 status unpacked libpcre2-8-0:amd64 10.42-4ubuntu2
2026-01-13 02:08:30 status half-installed libpcre2-8-0:amd64 10.42-4ubuntu2
2026-01-13 02:08:30 status unpacked libpcre2-8-0:amd64 10.42-4ubuntu2
2026-01-13 02:08:30 startup packages configure
2026-01-13 02:08:30 configure libpcre2-8-0:amd64 10.42-4ubuntu2 <none>
2026-01-13 02:08:30 status unpacked libpcre2-8-0:amd64 10.42-4ubuntu2
2026-01-13 02:08:30 status half-configured libpcre2-8-0:amd64 10.42-4ubuntu2
2026-01-13 02:08:30 status installed libpcre2-8-0:amd64 10.42-4ubuntu2
2026-01-13 02:08:31 startup packages configure
2026-01-13 02:08:31 trigproc libc-bin:amd64 2.39-0ubuntu8 <none>
2026-01-13 02:08:31 status half-configured libc-bin:amd64 2.39-0ubuntu8
2026-01-13 02:08:31 status installed libc-bin:amd64 2.39-0ubuntu8
2026-01-13 02:08:34 startup archives unpack
2026-01-13 02:08:34 upgrade libproc2-0:amd64 2:4.0.4-4ubuntu3 2:4.0.4-4ubuntu3
2026-01-13 02:08:34 status triggers-pending libc-bin:amd64 2.39-0ubuntu8
2026-01-13 02:08:34 status half-configured libproc2-0:amd64 2:4.0.4-4ubuntu3
2026-01-13 02:08:34 status unpacked libproc2-0:amd64 2:4.0.4-4ubuntu3
2026-01-13 02:08:34 status half-installed libproc2-0:amd64 2:4.0.4-4ubuntu3
2026-01-13 02:08:34 status unpacked libproc2-0:amd64 2:4.0.4-4ubuntu3
2026-01-13 02:08:35 startup packages configure
2026-01-13 02:08:35 configure libproc2-0:amd64 2:4.0.4-4ubuntu3 <none>
2026-01-13 02:08:35 status unpacked libproc2-0:amd64 2:4.0.4-4ubuntu3
2026-01-13 02:08:35 status half-configured libproc2-0:amd64 2:4.0.4-4ubuntu3
2026-01-13 02:08:35 status installed libproc2-0:amd64 2:4.0.4-4ubuntu3
2026-01-13 02:08:35 trigproc libc-bin:amd64 2.39-0ubuntu8 <none>
2026-01-13 02:08:35 status half-configured libc-bin:amd64 2.39-0ubuntu8
2026-01-13 02:08:35 status installed libc-bin:amd64 2.39-0ubuntu8
2026-01-13 02:08:38 startup archives unpack
2026-01-13 02:08:38 upgrade libseccomp2:amd64 2.5.5-1ubuntu3 2.5.5-1ubuntu3
2026-01-13 02:08:38 status triggers-pending libc-bin:amd64 2.39-0ubuntu8
2026-01-13 02:08:38 status half-configured libseccomp2:amd64 2.5.5-1ubuntu3
2026-01-13 02:08:38 status unpacked libseccomp2:amd64 2.5.5-1ubuntu3
2026-01-13 02:08:38 status half-installed libseccomp2:amd64 2.5.5-1ubuntu3
2026-01-13 02:08:38 status unpacked libseccomp2:amd64 2.5.5-1ubuntu3
2026-01-13 02:08:38 startup packages configure
2026-01-13 02:08:38 configure libseccomp2:amd64 2.5.5-1ubuntu3 <none>
2026-01-13 02:08:38 status unpacked libseccomp2:amd64 2.5.5-1ubuntu3
2026-01-13 02:08:38 status half-configured libseccomp2:amd64 2.5.5-1ubuntu3
2026-01-13 02:08:38 status installed libseccomp2:amd64 2.5.5-1ubuntu3
2026-01-13 02:08:39 startup packages configure
2026-01-13 02:08:39 trigproc libc-bin:amd64 2.39-0ubuntu8 <none>
2026-01-13 02:08:39 status half-configured libc-bin:amd64 2.39-0ubuntu8
2026-01-13 02:08:39 status installed libc-bin:amd64 2.39-0ubuntu8
2026-01-13 02:08:42 startup archives unpack
2026-01-13 02:08:42 upgrade libselinux1:amd64 3.5-2ubuntu2 3.5-2ubuntu2
2026-01-13 02:08:42 status triggers-pending libc-bin:amd64 2.39-0ubuntu8
2026-01-13 02:08:42 status half-configured libselinux1:amd64 3.5-2ubuntu2
2026-01-13 02:08:42 status unpacked libselinux1:amd64 3.5-2ubuntu2
2026-01-13 02:08:42 status half-installed libselinux1:amd64 3.5-2ubuntu2
2026-01-13 02:08:42 status unpacked libselinux1:amd64 3.5-2ubuntu2
2026-01-13 02:08:43 startup packages configure
2026-01-13 02:08:43 configure libselinux1:amd64 3.5-2ubuntu2 <none>
2026-01-13 02:08:43 status unpacked libselinux1:amd64 3.5-2ubuntu2
2026-01-13 02:08:43 status half-configured libselinux1:amd64 3.5-2ubuntu2
2026-01-13 02:08:43 status installed libselinux1:amd64 3.5-2ubuntu2
2026-01-13 02:08:43 startup packages configure
2026-01-13 02:08:43 trigproc libc-bin:amd64 2.39-0ubuntu8 <none>
2026-01-13 02:08:43 status half-configured libc-bin:amd64 2.39-0ubuntu8
2026-01-13 02:08:43 status installed libc-bin:amd64 2.39-0ubuntu8
2026-01-13 02:08:46 startup archives unpack
2026-01-13 02:08:46 upgrade libsemanage-common:all 3.5-1build5 3.5-1build5
2026-01-13 02:08:46 status half-configured libsemanage-common:all 3.5-1build5
2026-01-13 02:08:46 status unpacked libsemanage-common:all 3.5-1build5
2026-01-13 02:08:46 status half-installed libsemanage-common:all 3.5-1build5
2026-01-13 02:08:46 status unpacked libsemanage-common:all 3.5-1build5
2026-01-13 02:08:47 startup packages configure
2026-01-13 02:08:47 configure libsemanage-common:all 3.5-1build5 <none>
2026-01-13 02:08:47 status unpacked libsemanage-common:all 3.5-1build5
2026-01-13 02:08:47 status half-configured libsemanage-common:all 3.5-1build5
2026-01-13 02:08:47 status installed libsemanage-common:all 3.5-1build5
2026-01-13 02:08:50 startup archives unpack
2026-01-13 02:08:50 upgrade libsemanage2:amd64 3.5-1build5 3.5-1build5
2026-01-13 02:08:50 status triggers-pending libc-bin:amd64 2.39-0ubuntu8
2026-01-13 02:08:50 status half-configured libsemanage2:amd64 3.5-1build5
2026-01-13 02:08:50 status unpacked libsemanage2:amd64 3.5-1build5
2026-01-13 02:08:50 status half-installed libsemanage2:amd64 3.5-1build5
2026-01-13 02:08:50 status unpacked libsemanage2:amd64 3.5-1build5
2026-01-13 02:08:51 startup packages configure
2026-01-13 02:08:51 configure libsemanage2:amd64 3.5-1build5 <none>
2026-01-13 02:08:51 status unpacked libsemanage2:amd64 3.5-1build5
2026-01-13 02:08:51 status half-configured libsemanage2:amd64 3.5-1build5
2026-01-13 02:08:51 status installed libsemanage2:amd64 3.5-1build5
2026-01-13 02:08:51 trigproc libc-bin:amd64 2.39-0ubuntu8 <none>
2026-01-13 02:08:51 status half-configured libc-bin:amd64 2.39-0ubuntu8
2026-01-13 02:08:51 status installed libc-bin:amd64 2.39-0ubuntu8
2026-01-13 02:08:54 startup archives unpack
2026-01-13 02:08:54 upgrade libsepol2:amd64 3.5-2build1 3.5-2build1
2026-01-13 02:08:54 status triggers-pending libc-bin:amd64 2.39-0ubuntu8
2026-01-13 02:08:54 status half-configured libsepol2:amd64 3.5-2build1
2026-01-13 02:08:54 status unpacked libsepol2:amd64 3.5-2build1
2026-01-13 02:08:54 status half-installed libsepol2:amd64 3.5-2build1
2026-01-13 02:08:54 status unpacked libsepol2:amd64 3.5-2build1
2026-01-13 02:08:55 startup packages configure
2026-01-13 02:08:55 configure libsepol2:amd64 3.5-2build1 <none>
2026-01-13 02:08:55 status unpacked libsepol2:amd64 3.5-2build1
2026-01-13 02:08:55 status half-configured libsepol2:amd64 3.5-2build1
2026-01-13 02:08:55 status installed libsepol2:amd64 3.5-2build1
2026-01-13 02:08:55 trigproc libc-bin:amd64 2.39-0ubuntu8 <none>
2026-01-13 02:08:55 status half-configured libc-bin:amd64 2.39-0ubuntu8
2026-01-13 02:08:55 status installed libc-bin:amd64 2.39-0ubuntu8
2026-01-13 02:08:58 startup archives unpack
2026-01-13 02:08:58 upgrade libsmartcols1:amd64 2.39.3-9ubuntu6 2.39.3-9ubuntu6
2026-01-13 02:08:58 status triggers-pending libc-bin:amd64 2.39-0ubuntu8
2026-01-13 02:08:58 status half-configured libsmartcols1:amd64 2.39.3-9ubuntu6
2026-01-13 02:08:58 status unpacked libsmartcols1:amd64 2.39.3-9ubuntu6
2026-01-13 02:08:58 status half-installed libsmartcols1:amd64 2.39.3-9ubuntu6
2026-01-13 02:08:58 status unpacked libsmartcols1:amd64 2.39.3-9ubuntu6
2026-01-13 02:08:59 startup packages configure
2026-01-13 02:08:59 configure libsmartcols1:amd64 2.39.3-9ubuntu6 <none>
2026-01-13 02:08:59 status unpacked libsmartcols1:amd64 2.39.3-9ubuntu6
2026-01-13 02:08:59 status half-configured libsmartcols1:amd64 2.39.3-9ubuntu6
2026-01-13 02:08:59 status installed libsmartcols1:amd64 2.39.3-9ubuntu6
2026-01-13 02:08:59 startup packages configure
2026-01-13 02:08:59 trigproc libc-bin:amd64 2.39-0ubuntu8 <none>
2026-01-13 02:08:59 status half-configured libc-bin:amd64 2.39-0ubuntu8
2026-01-13 02:08:59 status installed libc-bin:amd64 2.39-0ubuntu8
2026-01-13 02:09:02 startup archives unpack
2026-01-13 02:09:02 upgrade libss2:amd64 1.47.0-2.4~exp1ubuntu4 1.47.0-2.4~exp1ubuntu4
2026-01-13 02:09:02 status triggers-pending libc-bin:amd64 2.39-0ubuntu8
2026-01-13 02:09:02 status half-configured libss2:amd64 1.47.0-2.4~exp1ubuntu4
2026-01-13 02:09:02 status unpacked libss2:amd64 1.47.0-2.4~exp1ubuntu4
2026-01-13 02:09:02 status half-installed libss2:amd64 1.47.0-2.4~exp1ubuntu4
2026-01-13 02:09:02 status unpacked libss2:amd64 1.47.0-2.4~exp1ubuntu4
2026-01-13 02:09:03 startup packages configure
2026-01-13 02:09:03 configure libss2:amd64 1.47.0-2.4~exp1ubuntu4 <none>
2026-01-13 02:09:03 status unpacked libss2:amd64 1.47.0-2.4~exp1ubuntu4
2026-01-13 02:09:03 status half-configured libss2:amd64 1.47.0-2.4~exp1ubuntu4
2026-01-13 02:09:03 status installed libss2:amd64 1.47.0-2.4~exp1ubuntu4
2026-01-13 02:09:03 trigproc libc-bin:amd64 2.39-0ubuntu8 <none>
2026-01-13 02:09:03 status half-configured libc-bin:amd64 2.39-0ubuntu8
2026-01-13 02:09:03 status installed libc-bin:amd64 2.39-0ubuntu8
2026-01-13 02:09:07 startup archives unpack
2026-01-13 02:09:07 upgrade libssl3t64:amd64 3.0.13-0ubuntu3 3.0.13-0ubuntu3
2026-01-13 02:09:07 status triggers-pending libc-bin:amd64 2.39-0ubuntu8
2026-01-13 02:09:07 status half-configured libssl3t64:amd64 3.0.13-0ubuntu3
2026-01-13 02:09:07 status unpacked libssl3t64:amd64 3.0.13-0ubuntu3
2026-01-13 02:09:07 status half-installed libssl3t64:amd64 3.0.13-0ubuntu3
2026-01-13 02:09:07 status unpacked libssl3t64:amd64 3.0.13-0ubuntu3
2026-01-13 02:09:07 startup packages configure
2026-01-13 02:09:07 configure libssl3t64:amd64 3.0.13-0ubuntu3 <none>
2026-01-13 02:09:07 status unpacked libssl3t64:amd64 3.0.13-0ubuntu3
2026-01-13 02:09:07 status half-configured libssl3t64:amd64 3.0.13-0ubuntu3
2026-01-13 02:09:07 status installed libssl3t64:amd64 3.0.13-0ubuntu3
2026-01-13 02:09:08 startup packages configure
2026-01-13 02:09:08 trigproc libc-bin:amd64 2.39-0ubuntu8 <none>
2026-01-13 02:09:08 status half-configured libc-bin:amd64 2.39-0ubuntu8
2026-01-13 02:09:08 status installed libc-bin:amd64 2.39-0ubuntu8
2026-01-13 02:09:11 startup archives unpack
2026-01-13 02:09:11 upgrade libstdc++6:amd64 14-20240412-0ubuntu1 14-20240412-0ubuntu1
2026-01-13 02:09:11 status triggers-pending libc-bin:amd64 2.39-0ubuntu8
2026-01-13 02:09:11 status half-configured libstdc++6:amd64 14-20240412-0ubuntu1
2026-01-13 02:09:11 status unpacked libstdc++6:amd64 14-20240412-0ubuntu1
2026-01-13 02:09:11 status half-installed libstdc++6:amd64 14-20240412-0ubuntu1
2026-01-13 02:09:11 status unpacked libstdc++6:amd64 14-20240412-0ubuntu1
2026-01-13 02:09:11 startup packages configure
2026-01-13 02:09:11 configure libstdc++6:amd64 14-20240412-0ubuntu1 <none>
2026-01-13 02:09:11 status unpacked libstdc++6:amd64 14-20240412-0ubuntu1
2026-01-13 02:09:11 status half-configured libstdc++6:amd64 14-20240412-0ubuntu1
2026-01-13 02:09:11 status installed libstdc++6:amd64 14-20240412-0ubuntu1
2026-01-13 02:09:12 startup packages configure
2026-01-13 02:09:12 trigproc libc-bin:amd64 2.39-0ubuntu8 <none>
2026-01-13 02:09:12 status half-configured libc-bin:amd64 2.39-0ubuntu8
2026-01-13 02:09:12 status installed libc-bin:amd64 2.39-0ubuntu8
2026-01-13 02:09:15 startup archives unpack
2026-01-13 02:09:15 upgrade libsystemd0:amd64 255.4-1ubuntu8 255.4-1ubuntu8
2026-01-13 02:09:15 status triggers-pending libc-bin:amd64 2.39-0ubuntu8
2026-01-13 02:09:15 status half-configured libsystemd0:amd64 255.4-1ubuntu8
2026-01-13 02:09:15 status unpacked libsystemd0:amd64 255.4-1ubuntu8
2026-01-13 02:09:15 status half-installed libsystemd0:amd64 255.4-1ubuntu8
2026-01-13 02:09:15 status unpacked libsystemd0:amd64 255.4-1ubuntu8
2026-01-13 02:09:16 startup packages configure
2026-01-13 02:09:16 configure libsystemd0:amd64 255.4-1ubuntu8 <none>
2026-01-13 02:09:16 status unpacked libsystemd0:amd64 255.4-1ubuntu8
2026-01-13 02:09:16 status half-configured libsystemd0:amd64 255.4-1ubuntu8
2026-01-13 02:09:16 status installed libsystemd0:amd64 255.4-1ubuntu8
2026-01-13 02:09:16 startup packages configure
2026-01-13 02:09:16 trigproc libc-bin:amd64 2.39-0ubuntu8 <none>
2026-01-13 02:09:16 status half-configured libc-bin:amd64 2.39-0ubuntu8
2026-01-13 02:09:16 status installed libc-bin:amd64 2.39-0ubuntu8
2026-01-13 02:09:20 startup archives unpack
2026-01-13 02:09:20 upgrade libtasn1-6:amd64 4.19.0-3build1 4.19.0-3build1
2026-01-13 02:09:20 status triggers-pending libc-bin:amd64 2.39-0ubuntu8
2026-01-13 02:09:20 status half-configured libtasn1-6:amd64 4.19.0-3build1
2026-01-13 02:09:20 status unpacked libtasn1-6:amd64 4.19.0-3build1
2026-01-13 02:09:20 status half-installed libtasn1-6:amd64 4.19.0-3build1
2026-01-13 02:09:20 status unpacked libtasn1-6:amd64 4.19.0-3build1
2026-01-13 02:09:20 startup packages configure
2026-01-13 02:09:20 configure libtasn1-6:amd64 4.19.0-3build1 <none>
2026-01-13 02:09:20 status unpacked libtasn1-6:amd64 4.19.0-3build1
2026-01-13 02:09:20 status half-configured libtasn1-6:amd64 4.19.0-3build1
2026-01-13 02:09:20 status installed libtasn1-6:amd64 4.19.0-3build1
2026-01-13 02:09:20 startup packages configure
2026-01-13 02:09:20 trigproc libc-bin:amd64 2.39-0ubuntu8 <none>
2026-01-13 02:09:20 status half-configured libc-bin:amd64 2.39-0ubuntu8
2026-01-13 02:09:20 status installed libc-bin:amd64 2.39-0ubuntu8
2026-01-13 02:09:24 startup archives unpack
2026-01-13 02:09:24 upgrade libtinfo6:amd64 6.4+20240113-1ubuntu2 6.4+20240113-1ubuntu2
2026-01-13 02:09:24 status triggers-pending libc-bin:amd64 2.39-0ubuntu8
2026-01-13 02:09:24 status half-configured libtinfo6:amd64 6.4+20240113-1ubuntu2
2026-01-13 02:09:24 status unpacked libtinfo6:amd64 6.4+20240113-1ubuntu2
2026-01-13 02:09:24 status half-installed libtinfo6:amd64 6.4+20240113-1ubuntu2
2026-01-13 02:09:24 status unpacked libtinfo6:amd64 6.4+20240113-1ubuntu2
2026-01-13 02:09:24 startup packages configure
2026-01-13 02:09:24 configure libtinfo6:amd64 6.4+20240113-1ubuntu2 <none>
2026-01-13 02:09:24 status unpacked libtinfo6:amd64 6.4+20240113-1ubuntu2
2026-01-13 02:09:24 status half-configured libtinfo6:amd64 6.4+20240113-1ubuntu2
2026-01-13 02:09:24 status installed libtinfo6:amd64 6.4+20240113-1ubuntu2
2026-01-13 02:09:25 startup packages configure
2026-01-13 02:09:25 trigproc libc-bin:amd64 2.39-0ubuntu8 <none>
2026-01-13 02:09:25 status half-configured libc-bin:amd64 2.39-0ubuntu8
2026-01-13 02:09:25 status installed libc-bin:amd64 2.39-0ubuntu8
2026-01-13 02:09:28 startup archives unpack
2026-01-13 02:09:28 upgrade libudev1:amd64 255.4-1ubuntu8 255.4-1ubuntu8
2026-01-13 02:09:28 status triggers-pending libc-bin:amd64 2.39-0ubuntu8
2026-01-13 02:09:28 status half-configured libudev1:amd64 255.4-1ubuntu8
2026-01-13 02:09:28 status unpacked libudev1:amd64 255.4-1ubuntu8
2026-01-13 02:09:28 status half-installed libudev1:amd64 255.4-1ubuntu8
2026-01-13 02:09:28 status unpacked libudev1:amd64 255.4-1ubuntu8
2026-01-13 02:09:29 startup packages configure
2026-01-13 02:09:29 configure libudev1:amd64 255.4-1ubuntu8 <none>
2026-01-13 02:09:29 status unpacked libudev1:amd64 255.4-1ubuntu8
2026-01-13 02:09:29 status half-configured libudev1:amd64 255.4-1ubuntu8
2026-01-13 02:09:29 status installed libudev1:amd64 255.4-1ubuntu8
2026-01-13 02:09:29 startup packages configure
2026-01-13 02:09:29 trigproc libc-bin:amd64 2.39-0ubuntu8 <none>
2026-01-13 02:09:29 status half-configured libc-bin:amd64 2.39-0ubuntu8
2026-01-13 02:09:29 status installed libc-bin:amd64 2.39-0ubuntu8
2026-01-13 02:09:32 startup archives unpack
2026-01-13 02:09:32 upgrade libunistring5:amd64 1.1-2build1 1.1-2build1
2026-01-13 02:09:32 status triggers-pending libc-bin:amd64 2.39-0ubuntu8
2026-01-13 02:09:32 status half-configured libunistring5:amd64 1.1-2build1
2026-01-13 02:09:33 status unpacked libunistring5:amd64 1.1-2build1
2026-01-13 02:09:33 status half-installed libunistring5:amd64 1.1-2build1
2026-01-13 02:09:33 status unpacked libunistring5:amd64 1.1-2build1
2026-01-13 02:09:33 startup packages configure
2026-01-13 02:09:33 configure libunistring5:amd64 1.1-2build1 <none>
2026-01-13 02:09:33 status unpacked libunistring5:amd64 1.1-2build1
2026-01-13 02:09:33 status half-configured libunistring5:amd64 1.1-2build1
2026-01-13 02:09:33 status installed libunistring5:amd64 1.1-2build1
2026-01-13 02:09:33 startup packages configure
2026-01-13 02:09:33 trigproc libc-bin:amd64 2.39-0ubuntu8 <none>
2026-01-13 02:09:33 status half-configured libc-bin:amd64 2.39-0ubuntu8
2026-01-13 02:09:33 status installed libc-bin:amd64 2.39-0ubuntu8
2026-01-13 02:09:37 startup archives unpack
2026-01-13 02:09:37 upgrade libuuid1:amd64 2.39.3-9ubuntu6 2.39.3-9ubuntu6
2026-01-13 02:09:37 status triggers-pending libc-bin:amd64 2.39-0ubuntu8
2026-01-13 02:09:37 status half-configured libuuid1:amd64 2.39.3-9ubuntu6
2026-01-13 02:09:37 status unpacked libuuid1:amd64 2.39.3-9ubuntu6
2026-01-13 02:09:37 status half-installed libuuid1:amd64 2.39.3-9ubuntu6
2026-01-13 02:09:37 status unpacked libuuid1:amd64 2.39.3-9ubuntu6
2026-01-13 02:09:37 startup packages configure
2026-01-13 02:09:37 configure libuuid1:amd64 2.39.3-9ubuntu6 <none>
2026-01-13 02:09:37 status unpacked libuuid1:amd64 2.39.3-9ubuntu6
2026-01-13 02:09:37 status half-configured libuuid1:amd64 2.39.3-9ubuntu6
2026-01-13 02:09:37 status installed libuuid1:amd64 2.39.3-9ubuntu6
2026-01-13 02:09:37 startup packages configure
2026-01-13 02:09:37 trigproc libc-bin:amd64 2.39-0ubuntu8 <none>
2026-01-13 02:09:37 status half-configured libc-bin:amd64 2.39-0ubuntu8
2026-01-13 02:09:37 status installed libc-bin:amd64 2.39-0ubuntu8
2026-01-13 02:09:41 startup archives unpack
2026-01-13 02:09:41 upgrade libxxhash0:amd64 0.8.2-2build1 0.8.2-2build1
2026-01-13 02:09:41 status triggers-pending libc-bin:amd64 2.39-0ubuntu8
2026-01-13 02:09:41 status half-configured libxxhash0:amd64 0.8.2-2build1
2026-01-13 02:09:41 status unpacked libxxhash0:amd64 0.8.2-2build1
2026-01-13 02:09:41 status half-installed libxxhash0:amd64 0.8.2-2build1
2026-01-13 02:09:41 status unpacked libxxhash0:amd64 0.8.2-2build1
2026-01-13 02:09:41 startup packages configure
2026-01-13 02:09:41 configure libxxhash0:amd64 0.8.2-2build1 <none>
2026-01-13 02:09:41 status unpacked libxxhash0:amd64 0.8.2-2build1
2026-01-13 02:09:41 status half-configured libxxhash0:amd64 0.8.2-2build1
2026-01-13 02:09:41 status installed libxxhash0:amd64 0.8.2-2build1
2026-01-13 02:09:41 startup packages configure
2026-01-13 02:09:41 trigproc libc-bin:amd64 2.39-0ubuntu8 <none>
2026-01-13 02:09:41 status half-configured libc-bin:amd64 2.39-0ubuntu8
2026-01-13 02:09:41 status installed libc-bin:amd64 2.39-0ubuntu8
2026-01-13 02:09:45 startup archives unpack
2026-01-13 02:09:45 upgrade libzstd1:amd64 1.5.5+dfsg2-2build1 1.5.5+dfsg2-2build1
2026-01-13 02:09:45 status triggers-pending libc-bin:amd64 2.39-0ubuntu8
2026-01-13 02:09:45 status half-configured libzstd1:amd64 1.5.5+dfsg2-2build1
2026-01-13 02:09:45 status unpacked libzstd1:amd64 1.5.5+dfsg2-2build1
2026-01-13 02:09:45 status half-installed libzstd1:amd64 1.5.5+dfsg2-2build1
2026-01-13 02:09:45 status unpacked libzstd1:amd64 1.5.5+dfsg2-2build1
2026-01-13 02:09:46 startup packages configure
2026-01-13 02:09:46 configure libzstd1:amd64 1.5.5+dfsg2-2build1 <none>
2026-01-13 02:09:46 status unpacked libzstd1:amd64 1.5.5+dfsg2-2build1
2026-01-13 02:09:46 status half-configured libzstd1:amd64 1.5.5+dfsg2-2build1
2026-01-13 02:09:46 status installed libzstd1:amd64 1.5.5+dfsg2-2build1
2026-01-13 02:09:46 startup packages configure
2026-01-13 02:09:46 trigproc libc-bin:amd64 2.39-0ubuntu8 <none>
2026-01-13 02:09:46 status half-configured libc-bin:amd64 2.39-0ubuntu8
2026-01-13 02:09:46 status installed libc-bin:amd64 2.39-0ubuntu8
2026-01-13 02:09:49 startup archives unpack
2026-01-13 02:09:49 upgrade login:amd64 1:4.13+dfsg1-4ubuntu3 1:4.13+dfsg1-4ubuntu3
2026-01-13 02:09:49 status half-configured login:amd64 1:4.13+dfsg1-4ubuntu3
2026-01-13 02:09:49 status unpacked login:amd64 1:4.13+dfsg1-4ubuntu3
2026-01-13 02:09:49 status half-installed login:amd64 1:4.13+dfsg1-4ubuntu3
2026-01-13 02:09:50 status unpacked login:amd64 1:4.13+dfsg1-4ubuntu3
2026-01-13 02:09:50 startup packages configure
2026-01-13 02:09:50 configure login:amd64 1:4.13+dfsg1-4ubuntu3 <none>
2026-01-13 02:09:50 status unpacked login:amd64 1:4.13+dfsg1-4ubuntu3
2026-01-13 02:09:50 status half-configured login:amd64 1:4.13+dfsg1-4ubuntu3
2026-01-13 02:09:50 status installed login:amd64 1:4.13+dfsg1-4ubuntu3
2026-01-13 02:09:50 startup packages configure
2026-01-13 02:09:54 startup archives unpack
2026-01-13 02:09:54 upgrade logsave:amd64 1.47.0-2.4~exp1ubuntu4 1.47.0-2.4~exp1ubuntu4
2026-01-13 02:09:54 status half-configured logsave:amd64 1.47.0-2.4~exp1ubuntu4
2026-01-13 02:09:54 status unpacked logsave:amd64 1.47.0-2.4~exp1ubuntu4
2026-01-13 02:09:54 status half-installed logsave:amd64 1.47.0-2.4~exp1ubuntu4
2026-01-13 02:09:54 status unpacked logsave:amd64 1.47.0-2.4~exp1ubuntu4
2026-01-13 02:09:54 startup packages configure
2026-01-13 02:09:54 configure logsave:amd64 1.47.0-2.4~exp1ubuntu4 <none>
2026-01-13 02:09:54 status unpacked logsave:amd64 1.47.0-2.4~exp1ubuntu4
2026-01-13 02:09:54 status half-configured logsave:amd64 1.47.0-2.4~exp1ubuntu4
2026-01-13 02:09:54 status installed logsave:amd64 1.47.0-2.4~exp1ubuntu4
2026-01-13 02:09:58 startup archives unpack
2026-01-13 02:09:58 upgrade mawk:amd64 1.3.4.20240123-1build1 1.3.4.20240123-1build1
2026-01-13 02:09:58 status half-configured mawk:amd64 1.3.4.20240123-1build1
2026-01-13 02:09:58 status unpacked mawk:amd64 1.3.4.20240123-1build1
2026-01-13 02:09:58 status half-installed mawk:amd64 1.3.4.20240123-1build1
2026-01-13 02:09:58 status unpacked mawk:amd64 1.3.4.20240123-1build1
2026-01-13 02:09:58 startup packages configure
2026-01-13 02:09:58 configure mawk:amd64 1.3.4.20240123-1build1 <none>
2026-01-13 02:09:58 status unpacked mawk:amd64 1.3.4.20240123-1build1
2026-01-13 02:09:58 status half-configured mawk:amd64 1.3.4.20240123-1build1
2026-01-13 02:09:58 status installed mawk:amd64 1.3.4.20240123-1build1
2026-01-13 02:10:02 startup archives unpack
2026-01-13 02:10:02 upgrade mount:amd64 2.39.3-9ubuntu6 2.39.3-9ubuntu6
2026-01-13 02:10:02 status half-configured mount:amd64 2.39.3-9ubuntu6
2026-01-13 02:10:02 status unpacked mount:amd64 2.39.3-9ubuntu6
2026-01-13 02:10:02 status half-installed mount:amd64 2.39.3-9ubuntu6
2026-01-13 02:10:02 status unpacked mount:amd64 2.39.3-9ubuntu6
2026-01-13 02:10:02 startup packages configure
2026-01-13 02:10:02 configure mount:amd64 2.39.3-9ubuntu6 <none>
2026-01-13 02:10:02 status unpacked mount:amd64 2.39.3-9ubuntu6
2026-01-13 02:10:02 status half-configured mount:amd64 2.39.3-9ubuntu6
2026-01-13 02:10:02 status installed mount:amd64 2.39.3-9ubuntu6
2026-01-13 02:10:05 startup archives unpack
2026-01-13 02:10:06 upgrade ncurses-base:all 6.4+20240113-1ubuntu2 6.4+20240113-1ubuntu2
2026-01-13 02:10:06 status half-configured ncurses-base:all 6.4+20240113-1ubuntu2
2026-01-13 02:10:06 status unpacked ncurses-base:all 6.4+20240113-1ubuntu2
2026-01-13 02:10:06 status half-installed ncurses-base:all 6.4+20240113-1ubuntu2
2026-01-13 02:10:06 status unpacked ncurses-base:all 6.4+20240113-1ubuntu2
2026-01-13 02:10:06 startup packages configure
2026-01-13 02:10:06 configure ncurses-base:all 6.4+20240113-1ubuntu2 <none>
2026-01-13 02:10:06 status unpacked ncurses-base:all 6.4+20240113-1ubuntu2
2026-01-13 02:10:06 status half-configured ncurses-base:all 6.4+20240113-1ubuntu2
2026-01-13 02:10:06 status installed ncurses-base:all 6.4+20240113-1ubuntu2
2026-01-13 02:10:06 startup packages configure
2026-01-13 02:10:10 startup archives unpack
2026-01-13 02:10:10 upgrade ncurses-bin:amd64 6.4+20240113-1ubuntu2 6.4+20240113-1ubuntu2
2026-01-13 02:10:10 status half-configured ncurses-bin:amd64 6.4+20240113-1ubuntu2
2026-01-13 02:10:10 status unpacked ncurses-bin:amd64 6.4+20240113-1ubuntu2
2026-01-13 02:10:10 status half-installed ncurses-bin:amd64 6.4+20240113-1ubuntu2
2026-01-13 02:10:10 status unpacked ncurses-bin:amd64 6.4+20240113-1ubuntu2
2026-01-13 02:10:10 startup packages configure
2026-01-13 02:10:10 configure ncurses-bin:amd64 6.4+20240113-1ubuntu2 <none>
2026-01-13 02:10:10 status unpacked ncurses-bin:amd64 6.4+20240113-1ubuntu2
2026-01-13 02:10:10 status half-configured ncurses-bin:amd64 6.4+20240113-1ubuntu2
2026-01-13 02:10:10 status installed ncurses-bin:amd64 6.4+20240113-1ubuntu2
2026-01-13 02:10:10 startup packages configure
2026-01-13 02:10:14 startup archives unpack
2026-01-13 02:10:14 upgrade passwd:amd64 1:4.13+dfsg1-4ubuntu3 1:4.13+dfsg1-4ubuntu3
2026-01-13 02:10:14 status half-configured passwd:amd64 1:4.13+dfsg1-4ubuntu3
2026-01-13 02:10:14 status unpacked passwd:amd64 1:4.13+dfsg1-4ubuntu3
2026-01-13 02:10:14 status half-installed passwd:amd64 1:4.13+dfsg1-4ubuntu3
2026-01-13 02:10:14 status unpacked passwd:amd64 1:4.13+dfsg1-4ubuntu3
2026-01-13 02:10:14 startup packages configure
2026-01-13 02:10:14 configure passwd:amd64 1:4.13+dfsg1-4ubuntu3 <none>
2026-01-13 02:10:14 status unpacked passwd:amd64 1:4.13+dfsg1-4ubuntu3
2026-01-13 02:10:14 status half-configured passwd:amd64 1:4.13+dfsg1-4ubuntu3
2026-01-13 02:10:14 status installed passwd:amd64 1:4.13+dfsg1-4ubuntu3
2026-01-13 02:10:18 startup archives unpack
2026-01-13 02:10:18 upgrade perl-base:amd64 5.38.2-3.2build2 5.38.2-3.2build2
2026-01-13 02:10:18 status half-configured perl-base:amd64 5.38.2-3.2build2
2026-01-13 02:10:18 status unpacked perl-base:amd64 5.38.2-3.2build2
2026-01-13 02:10:18 status half-installed perl-base:amd64 5.38.2-3.2build2
2026-01-13 02:10:18 status unpacked perl-base:amd64 5.38.2-3.2build2
2026-01-13 02:10:19 startup packages configure
2026-01-13 02:10:19 configure perl-base:amd64 5.38.2-3.2build2 <none>
2026-01-13 02:10:19 status unpacked perl-base:amd64 5.38.2-3.2build2
2026-01-13 02:10:19 status half-configured perl-base:amd64 5.38.2-3.2build2
2026-01-13 02:10:19 status installed perl-base:amd64 5.38.2-3.2build2
2026-01-13 02:10:19 startup packages configure
2026-01-13 02:10:23 startup archives unpack
2026-01-13 02:10:23 upgrade procps:amd64 2:4.0.4-4ubuntu3 2:4.0.4-4ubuntu3
2026-01-13 02:10:23 status half-configured procps:amd64 2:4.0.4-4ubuntu3
2026-01-13 02:10:23 status unpacked procps:amd64 2:4.0.4-4ubuntu3
2026-01-13 02:10:23 status half-installed procps:amd64 2:4.0.4-4ubuntu3
2026-01-13 02:10:23 status unpacked procps:amd64 2:4.0.4-4ubuntu3
2026-01-13 02:10:23 startup packages configure
2026-01-13 02:10:23 configure procps:amd64 2:4.0.4-4ubuntu3 <none>
2026-01-13 02:10:23 status unpacked procps:amd64 2:4.0.4-4ubuntu3
2026-01-13 02:10:23 status half-configured procps:amd64 2:4.0.4-4ubuntu3
2026-01-13 02:10:23 status installed procps:amd64 2:4.0.4-4ubuntu3
2026-01-13 02:10:27 startup archives unpack
2026-01-13 02:10:27 upgrade sed:amd64 4.9-2build1 4.9-2build1
2026-01-13 02:10:27 status half-configured sed:amd64 4.9-2build1
2026-01-13 02:10:27 status unpacked sed:amd64 4.9-2build1
2026-01-13 02:10:27 status half-installed sed:amd64 4.9-2build1
2026-01-13 02:10:27 status unpacked sed:amd64 4.9-2build1
2026-01-13 02:10:27 startup packages configure
2026-01-13 02:10:27 configure sed:amd64 4.9-2build1 <none>
2026-01-13 02:10:27 status unpacked sed:amd64 4.9-2build1
2026-01-13 02:10:27 status half-configured sed:amd64 4.9-2build1
2026-01-13 02:10:27 status installed sed:amd64 4.9-2build1
2026-01-13 02:10:27 startup packages configure
2026-01-13 02:10:31 startup archives unpack
2026-01-13 02:10:31 upgrade sensible-utils:all 0.0.22 0.0.22
2026-01-13 02:10:31 status half-configured sensible-utils:all 0.0.22
2026-01-13 02:10:31 status unpacked sensible-utils:all 0.0.22
2026-01-13 02:10:31 status half-installed sensible-utils:all 0.0.22
2026-01-13 02:10:31 status unpacked sensible-utils:all 0.0.22
2026-01-13 02:10:31 startup packages configure
2026-01-13 02:10:31 configure sensible-utils:all 0.0.22 <none>
2026-01-13 02:10:31 status unpacked sensible-utils:all 0.0.22
2026-01-13 02:10:31 status half-configured sensible-utils:all 0.0.22
2026-01-13 02:10:31 status installed sensible-utils:all 0.0.22
2026-01-13 02:10:35 startup archives unpack
2026-01-13 02:10:35 upgrade sysvinit-utils:amd64 3.08-6ubuntu3 3.08-6ubuntu3
2026-01-13 02:10:35 status half-configured sysvinit-utils:amd64 3.08-6ubuntu3
2026-01-13 02:10:35 status unpacked sysvinit-utils:amd64 3.08-6ubuntu3
2026-01-13 02:10:35 status half-installed sysvinit-utils:amd64 3.08-6ubuntu3
2026-01-13 02:10:35 status unpacked sysvinit-utils:amd64 3.08-6ubuntu3
2026-01-13 02:10:35 startup packages configure
2026-01-13 02:10:35 configure sysvinit-utils:amd64 3.08-6ubuntu3 <none>
2026-01-13 02:10:35 status unpacked sysvinit-utils:amd64 3.08-6ubuntu3
2026-01-13 02:10:35 status half-configured sysvinit-utils:amd64 3.08-6ubuntu3
2026-01-13 02:10:35 status installed sysvinit-utils:amd64 3.08-6ubuntu3
2026-01-13 02:10:35 startup packages configure
2026-01-13 02:10:39 startup archives unpack
2026-01-13 02:10:39 upgrade tar:amd64 1.35+dfsg-3build1 1.35+dfsg-3build1
2026-01-13 02:10:39 status half-configured tar:amd64 1.35+dfsg-3build1
2026-01-13 02:10:39 status unpacked tar:amd64 1.35+dfsg-3build1
2026-01-13 02:10:39 status half-installed tar:amd64 1.35+dfsg-3build1
2026-01-13 02:10:39 status unpacked tar:amd64 1.35+dfsg-3build1
2026-01-13 02:10:39 startup packages configure
2026-01-13 02:10:39 configure tar:amd64 1.35+dfsg-3build1 <none>
2026-01-13 02:10:39 status unpacked tar:amd64 1.35+dfsg-3build1
2026-01-13 02:10:39 status half-configured tar:amd64 1.35+dfsg-3build1
2026-01-13 02:10:39 status installed tar:amd64 1.35+dfsg-3build1
2026-01-13 02:10:40 startup packages configure
2026-01-13 02:10:43 startup archives unpack
2026-01-13 02:10:43 upgrade ubuntu-keyring:all 2023.11.28.1 2023.11.28.1
2026-01-13 02:10:43 status half-configured ubuntu-keyring:all 2023.11.28.1
2026-01-13 02:10:43 status unpacked ubuntu-keyring:all 2023.11.28.1
2026-01-13 02:10:43 status half-installed ubuntu-keyring:all 2023.11.28.1
2026-01-13 02:10:43 status unpacked ubuntu-keyring:all 2023.11.28.1
2026-01-13 02:10:44 startup packages configure
2026-01-13 02:10:44 configure ubuntu-keyring:all 2023.11.28.1 <none>
2026-01-13 02:10:44 status unpacked ubuntu-keyring:all 2023.11.28.1
2026-01-13 02:10:44 status half-configured ubuntu-keyring:all 2023.11.28.1
2026-01-13 02:10:44 status installed ubuntu-keyring:all 2023.11.28.1
2026-01-13 02:10:44 startup packages configure
2026-01-13 02:10:47 startup archives unpack
2026-01-13 02:10:47 upgrade util-linux:amd64 2.39.3-9ubuntu6 2.39.3-9ubuntu6
2026-01-13 02:10:47 status half-configured util-linux:amd64 2.39.3-9ubuntu6
2026-01-13 02:10:47 status unpacked util-linux:amd64 2.39.3-9ubuntu6
2026-01-13 02:10:47 status half-installed util-linux:amd64 2.39.3-9ubuntu6
2026-01-13 02:10:47 status unpacked util-linux:amd64 2.39.3-9ubuntu6
2026-01-13 02:10:48 startup packages configure
2026-01-13 02:10:48 configure util-linux:amd64 2.39.3-9ubuntu6 <none>
2026-01-13 02:10:48 status unpacked util-linux:amd64 2.39.3-9ubuntu6
2026-01-13 02:10:48 status half-configured util-linux:amd64 2.39.3-9ubuntu6
2026-01-13 02:10:48 status installed util-linux:amd64 2.39.3-9ubuntu6
2026-01-13 02:10:48 startup packages configure
2026-01-13 02:10:52 startup archives unpack
2026-01-13 02:10:52 upgrade zlib1g:amd64 1:1.3.dfsg-3.1ubuntu2 1:1.3.dfsg-3.1ubuntu2
2026-01-13 02:10:52 status triggers-pending libc-bin:amd64 2.39-0ubuntu8
2026-01-13 02:10:52 status half-configured zlib1g:amd64 1:1.3.dfsg-3.1ubuntu2
2026-01-13 02:10:52 status unpacked zlib1g:amd64 1:1.3.dfsg-3.1ubuntu2
2026-01-13 02:10:52 status half-installed zlib1g:amd64 1:1.3.dfsg-3.1ubuntu2
2026-01-13 02:10:52 status unpacked zlib1g:amd64 1:1.3.dfsg-3.1ubuntu2
2026-01-13 02:10:52 startup packages configure
2026-01-13 02:10:52 configure zlib1g:amd64 1:1.3.dfsg-3.1ubuntu2 <none>
2026-01-13 02:10:52 status unpacked zlib1g:amd64 1:1.3.dfsg-3.1ubuntu2
2026-01-13 02:10:52 status half-configured zlib1g:amd64 1:1.3.dfsg-3.1ubuntu2
2026-01-13 02:10:52 status installed zlib1g:amd64 1:1.3.dfsg-3.1ubuntu2
2026-01-13 02:10:53 startup packages configure
2026-01-13 02:10:53 trigproc libc-bin:amd64 2.39-0ubuntu8 <none>
2026-01-13 02:10:53 status half-configured libc-bin:amd64 2.39-0ubuntu8
2026-01-13 02:10:53 status installed libc-bin:amd64 2.39-0ubuntu8
2026-01-13 02:10:58 startup archives unpack
2026-01-13 02:10:58 upgrade gcc-14-base:amd64 14-20240412-0ubuntu1 14.2.0-4ubuntu2~24.04
2026-01-13 02:10:58 status half-configured gcc-14-base:amd64 14-20240412-0ubuntu1
2026-01-13 02:10:58 status unpacked gcc-14-base:amd64 14-20240412-0ubuntu1
2026-01-13 02:10:58 status half-installed gcc-14-base:amd64 14-20240412-0ubuntu1
2026-01-13 02:10:58 status unpacked gcc-14-base:amd64 14.2.0-4ubuntu2~24.04
2026-01-13 02:10:58 startup packages configure
2026-01-13 02:10:58 configure gcc-14-base:amd64 14.2.0-4ubuntu2~24.04 <none>
2026-01-13 02:10:58 status unpacked gcc-14-base:amd64 14.2.0-4ubuntu2~24.04
2026-01-13 02:10:58 status half-configured gcc-14-base:amd64 14.2.0-4ubuntu2~24.04
2026-01-13 02:10:58 status installed gcc-14-base:amd64 14.2.0-4ubuntu2~24.04
2026-01-13 02:10:58 startup archives unpack
2026-01-13 02:10:58 upgrade libgcc-s1:amd64 14-20240412-0ubuntu1 14.2.0-4ubuntu2~24.04
2026-01-13 02:10:58 status triggers-pending libc-bin:amd64 2.39-0ubuntu8
2026-01-13 02:10:58 status half-configured libgcc-s1:amd64 14-20240412-0ubuntu1
2026-01-13 02:10:58 status unpacked libgcc-s1:amd64 14-20240412-0ubuntu1
2026-01-13 02:10:58 status half-installed libgcc-s1:amd64 14-20240412-0ubuntu1
2026-01-13 02:10:58 status unpacked libgcc-s1:amd64 14.2.0-4ubuntu2~24.04
2026-01-13 02:10:59 startup packages configure
2026-01-13 02:10:59 configure libgcc-s1:amd64 14.2.0-4ubuntu2~24.04 <none>
2026-01-13 02:10:59 status unpacked libgcc-s1:amd64 14.2.0-4ubuntu2~24.04
2026-01-13 02:10:59 status half-configured libgcc-s1:amd64 14.2.0-4ubuntu2~24.04
2026-01-13 02:10:59 status installed libgcc-s1:amd64 14.2.0-4ubuntu2~24.04
2026-01-13 02:10:59 startup archives unpack
2026-01-13 02:10:59 upgrade libstdc++6:amd64 14-20240412-0ubuntu1 14.2.0-4ubuntu2~24.04
2026-01-13 02:10:59 status half-configured libstdc++6:amd64 14-20240412-0ubuntu1
2026-01-13 02:10:59 status unpacked libstdc++6:amd64 14-20240412-0ubuntu1
2026-01-13 02:10:59 status half-installed libstdc++6:amd64 14-20240412-0ubuntu1
2026-01-13 02:10:59 status unpacked libstdc++6:amd64 14.2.0-4ubuntu2~24.04
2026-01-13 02:10:59 startup packages configure
2026-01-13 02:10:59 configure libstdc++6:amd64 14.2.0-4ubuntu2~24.04 <none>
2026-01-13 02:10:59 status unpacked libstdc++6:amd64 14.2.0-4ubuntu2~24.04
2026-01-13 02:10:59 status half-configured libstdc++6:amd64 14.2.0-4ubuntu2~24.04
2026-01-13 02:10:59 status installed libstdc++6:amd64 14.2.0-4ubuntu2~24.04
2026-01-13 02:10:59 startup archives unpack
2026-01-13 02:10:59 upgrade libc6:amd64 2.39-0ubuntu8 2.39-0ubuntu8.6
2026-01-13 02:10:59 status half-configured libc6:amd64 2.39-0ubuntu8
2026-01-13 02:10:59 status unpacked libc6:amd64 2.39-0ubuntu8
2026-01-13 02:10:59 status half-installed libc6:amd64 2.39-0ubuntu8
2026-01-13 02:10:59 status unpacked libc6:amd64 2.39-0ubuntu8.6
2026-01-13 02:10:59 startup packages configure
2026-01-13 02:10:59 configure libc6:amd64 2.39-0ubuntu8.6 <none>
2026-01-13 02:10:59 status unpacked libc6:amd64 2.39-0ubuntu8.6
2026-01-13 02:10:59 status half-configured libc6:amd64 2.39-0ubuntu8.6
2026-01-13 02:10:59 status installed libc6:amd64 2.39-0ubuntu8.6
2026-01-13 02:10:59 startup archives unpack
2026-01-13 02:10:59 upgrade base-files:amd64 13ubuntu10 13ubuntu10.3
2026-01-13 02:10:59 status half-configured base-files:amd64 13ubuntu10
2026-01-13 02:10:59 status unpacked base-files:amd64 13ubuntu10
2026-01-13 02:10:59 status half-installed base-files:amd64 13ubuntu10
2026-01-13 02:10:59 status unpacked base-files:amd64 13ubuntu10.3
2026-01-13 02:10:59 startup packages configure
2026-01-13 02:10:59 configure base-files:amd64 13ubuntu10.3 <none>
2026-01-13 02:10:59 status unpacked base-files:amd64 13ubuntu10.3
2026-01-13 02:10:59 status half-configured base-files:amd64 13ubuntu10.3
2026-01-13 02:10:59 status installed base-files:amd64 13ubuntu10.3
2026-01-13 02:10:59 startup archives unpack
2026-01-13 02:10:59 upgrade bsdutils:amd64 1:2.39.3-9ubuntu6 1:2.39.3-9ubuntu6.4
2026-01-13 02:10:59 status half-configured bsdutils:amd64 1:2.39.3-9ubuntu6
2026-01-13 02:10:59 status unpacked bsdutils:amd64 1:2.39.3-9ubuntu6
2026-01-13 02:10:59 status half-installed bsdutils:amd64 1:2.39.3-9ubuntu6
2026-01-13 02:10:59 status unpacked bsdutils:amd64 1:2.39.3-9ubuntu6.4
2026-01-13 02:10:59 startup packages configure
2026-01-13 02:10:59 configure bsdutils:amd64 1:2.39.3-9ubuntu6.4 <none>
2026-01-13 02:10:59 status unpacked bsdutils:amd64 1:2.39.3-9ubuntu6.4
2026-01-13 02:10:59 status half-configured bsdutils:amd64 1:2.39.3-9ubuntu6.4
2026-01-13 02:10:59 status installed bsdutils:amd64 1:2.39.3-9ubuntu6.4
2026-01-13 02:10:59 startup archives unpack
2026-01-13 02:10:59 upgrade coreutils:amd64 9.4-3ubuntu6 9.4-3ubuntu6.1
2026-01-13 02:10:59 status half-configured coreutils:amd64 9.4-3ubuntu6
2026-01-13 02:10:59 status unpacked coreutils:amd64 9.4-3ubuntu6
2026-01-13 02:10:59 status half-installed coreutils:amd64 9.4-3ubuntu6
2026-01-13 02:10:59 status unpacked coreutils:amd64 9.4-3ubuntu6.1
2026-01-13 02:10:59 startup packages configure
2026-01-13 02:10:59 configure coreutils:amd64 9.4-3ubuntu6.1 <none>
2026-01-13 02:10:59 status unpacked coreutils:amd64 9.4-3ubuntu6.1
2026-01-13 02:10:59 status half-configured coreutils:amd64 9.4-3ubuntu6.1
2026-01-13 02:10:59 status installed coreutils:amd64 9.4-3ubuntu6.1
2026-01-13 02:11:00 startup archives unpack
2026-01-13 02:11:00 upgrade libbz2-1.0:amd64 1.0.8-5.1 1.0.8-5.1build0.1
2026-01-13 02:11:00 status half-configured libbz2-1.0:amd64 1.0.8-5.1
2026-01-13 02:11:00 status unpacked libbz2-1.0:amd64 1.0.8-5.1
2026-01-13 02:11:00 status half-installed libbz2-1.0:amd64 1.0.8-5.1
2026-01-13 02:11:00 status unpacked libbz2-1.0:amd64 1.0.8-5.1build0.1
2026-01-13 02:11:00 startup packages configure
2026-01-13 02:11:00 configure libbz2-1.0:amd64 1.0.8-5.1build0.1 <none>
2026-01-13 02:11:00 status unpacked libbz2-1.0:amd64 1.0.8-5.1build0.1
2026-01-13 02:11:00 status half-configured libbz2-1.0:amd64 1.0.8-5.1build0.1
2026-01-13 02:11:00 status installed libbz2-1.0:amd64 1.0.8-5.1build0.1
2026-01-13 02:11:00 startup archives unpack
2026-01-13 02:11:00 upgrade liblz4-1:amd64 1.9.4-1build1 1.9.4-1build1.1
2026-01-13 02:11:00 status half-configured liblz4-1:amd64 1.9.4-1build1
2026-01-13 02:11:00 status unpacked liblz4-1:amd64 1.9.4-1build1
2026-01-13 02:11:00 status half-installed liblz4-1:amd64 1.9.4-1build1
2026-01-13 02:11:00 status unpacked liblz4-1:amd64 1.9.4-1build1.1
2026-01-13 02:11:00 startup packages configure
2026-01-13 02:11:00 configure liblz4-1:amd64 1.9.4-1build1.1 <none>
2026-01-13 02:11:00 status unpacked liblz4-1:amd64 1.9.4-1build1.1
2026-01-13 02:11:00 status half-configured liblz4-1:amd64 1.9.4-1build1.1
2026-01-13 02:11:00 status installed liblz4-1:amd64 1.9.4-1build1.1
2026-01-13 02:11:00 startup archives unpack
2026-01-13 02:11:00 upgrade liblzma5:amd64 5.6.1+really5.4.5-1 5.6.1+really5.4.5-1ubuntu0.2
2026-01-13 02:11:00 status half-configured liblzma5:amd64 5.6.1+really5.4.5-1
2026-01-13 02:11:00 status unpacked liblzma5:amd64 5.6.1+really5.4.5-1
2026-01-13 02:11:00 status half-installed liblzma5:amd64 5.6.1+really5.4.5-1
2026-01-13 02:11:00 status unpacked liblzma5:amd64 5.6.1+really5.4.5-1ubuntu0.2
2026-01-13 02:11:00 startup packages configure
2026-01-13 02:11:00 configure liblzma5:amd64 5.6.1+really5.4.5-1ubuntu0.2 <none>
2026-01-13 02:11:00 status unpacked liblzma5:amd64 5.6.1+really5.4.5-1ubuntu0.2
2026-01-13 02:11:00 status half-configured liblzma5:amd64 5.6.1+really5.4.5-1ubuntu0.2
2026-01-13 02:11:00 status installed liblzma5:amd64 5.6.1+really5.4.5-1ubuntu0.2
2026-01-13 02:11:00 startup archives unpack
2026-01-13 02:11:00 upgrade libcap2:amd64 1:2.66-5ubuntu2 1:2.66-5ubuntu2.2
2026-01-13 02:11:00 status half-configured libcap2:amd64 1:2.66-5ubuntu2
2026-01-13 02:11:00 status unpacked libcap2:amd64 1:2.66-5ubuntu2
2026-01-13 02:11:00 status half-installed libcap2:amd64 1:2.66-5ubuntu2
2026-01-13 02:11:00 status unpacked libcap2:amd64 1:2.66-5ubuntu2.2
2026-01-13 02:11:00 startup packages configure
2026-01-13 02:11:00 configure libcap2:amd64 1:2.66-5ubuntu2.2 <none>
2026-01-13 02:11:00 status unpacked libcap2:amd64 1:2.66-5ubuntu2.2
2026-01-13 02:11:00 status half-configured libcap2:amd64 1:2.66-5ubuntu2.2
2026-01-13 02:11:00 status installed libcap2:amd64 1:2.66-5ubuntu2.2
2026-01-13 02:11:00 startup archives unpack
2026-01-13 02:11:00 upgrade libzstd1:amd64 1.5.5+dfsg2-2build1 1.5.5+dfsg2-2build1.1
2026-01-13 02:11:00 status half-configured libzstd1:amd64 1.5.5+dfsg2-2build1
2026-01-13 02:11:00 status unpacked libzstd1:amd64 1.5.5+dfsg2-2build1
2026-01-13 02:11:00 status half-installed libzstd1:amd64 1.5.5+dfsg2-2build1
2026-01-13 02:11:00 status unpacked libzstd1:amd64 1.5.5+dfsg2-2build1.1
2026-01-13 02:11:00 startup packages configure
2026-01-13 02:11:00 configure libzstd1:amd64 1.5.5+dfsg2-2build1.1 <none>
2026-01-13 02:11:00 status unpacked libzstd1:amd64 1.5.5+dfsg2-2build1.1
2026-01-13 02:11:00 status half-configured libzstd1:amd64 1.5.5+dfsg2-2build1.1
2026-01-13 02:11:00 status installed libzstd1:amd64 1.5.5+dfsg2-2build1.1
2026-01-13 02:11:00 startup archives unpack
2026-01-13 02:11:00 upgrade libsystemd0:amd64 255.4-1ubuntu8 255.4-1ubuntu8.12
2026-01-13 02:11:00 status half-configured libsystemd0:amd64 255.4-1ubuntu8
2026-01-13 02:11:00 status unpacked libsystemd0:amd64 255.4-1ubuntu8
2026-01-13 02:11:00 status half-installed libsystemd0:amd64 255.4-1ubuntu8
2026-01-13 02:11:00 status unpacked libsystemd0:amd64 255.4-1ubuntu8.12
2026-01-13 02:11:00 startup packages configure
2026-01-13 02:11:00 configure libsystemd0:amd64 255.4-1ubuntu8.12 <none>
2026-01-13 02:11:00 status unpacked libsystemd0:amd64 255.4-1ubuntu8.12
2026-01-13 02:11:00 status half-configured libsystemd0:amd64 255.4-1ubuntu8.12
2026-01-13 02:11:00 status installed libsystemd0:amd64 255.4-1ubuntu8.12
2026-01-13 02:11:00 startup archives unpack
2026-01-13 02:11:00 upgrade libudev1:amd64 255.4-1ubuntu8 255.4-1ubuntu8.12
2026-01-13 02:11:00 status half-configured libudev1:amd64 255.4-1ubuntu8
2026-01-13 02:11:00 status unpacked libudev1:amd64 255.4-1ubuntu8
2026-01-13 02:11:00 status half-installed libudev1:amd64 255.4-1ubuntu8
2026-01-13 02:11:00 status unpacked libudev1:amd64 255.4-1ubuntu8.12
2026-01-13 02:11:00 startup packages configure
2026-01-13 02:11:00 configure libudev1:amd64 255.4-1ubuntu8.12 <none>
2026-01-13 02:11:00 status unpacked libudev1:amd64 255.4-1ubuntu8.12
2026-01-13 02:11:00 status half-configured libudev1:amd64 255.4-1ubuntu8.12
2026-01-13 02:11:00 status installed libudev1:amd64 255.4-1ubuntu8.12
2026-01-13 02:11:00 startup archives unpack
2026-01-13 02:11:00 upgrade zlib1g:amd64 1:1.3.dfsg-3.1ubuntu2 1:1.3.dfsg-3.1ubuntu2.1
2026-01-13 02:11:00 status half-configured zlib1g:amd64 1:1.3.dfsg-3.1ubuntu2
2026-01-13 02:11:00 status unpacked zlib1g:amd64 1:1.3.dfsg-3.1ubuntu2
2026-01-13 02:11:00 status half-installed zlib1g:amd64 1:1.3.dfsg-3.1ubuntu2
2026-01-13 02:11:00 status unpacked zlib1g:amd64 1:1.3.dfsg-3.1ubuntu2.1
2026-01-13 02:11:00 startup packages configure
2026-01-13 02:11:00 configure zlib1g:amd64 1:1.3.dfsg-3.1ubuntu2.1 <none>
2026-01-13 02:11:00 status unpacked zlib1g:amd64 1:1.3.dfsg-3.1ubuntu2.1
2026-01-13 02:11:00 status half-configured zlib1g:amd64 1:1.3.dfsg-3.1ubuntu2.1
2026-01-13 02:11:00 status installed zlib1g:amd64 1:1.3.dfsg-3.1ubuntu2.1
2026-01-13 02:11:00 startup archives unpack
2026-01-13 02:11:00 upgrade libapt-pkg6.0t64:amd64 2.7.14build2 2.8.3
2026-01-13 02:11:00 status half-configured libapt-pkg6.0t64:amd64 2.7.14build2
2026-01-13 02:11:00 status unpacked libapt-pkg6.0t64:amd64 2.7.14build2
2026-01-13 02:11:00 status half-installed libapt-pkg6.0t64:amd64 2.7.14build2
2026-01-13 02:11:00 status unpacked libapt-pkg6.0t64:amd64 2.8.3
2026-01-13 02:11:00 startup packages configure
2026-01-13 02:11:00 configure libapt-pkg6.0t64:amd64 2.8.3 <none>
2026-01-13 02:11:00 status unpacked libapt-pkg6.0t64:amd64 2.8.3
2026-01-13 02:11:00 status half-configured libapt-pkg6.0t64:amd64 2.8.3
2026-01-13 02:11:00 status installed libapt-pkg6.0t64:amd64 2.8.3
2026-01-13 02:11:00 startup archives unpack
2026-01-13 02:11:00 upgrade dpkg:amd64 1.22.6ubuntu6 1.22.6ubuntu6.5
2026-01-13 02:11:00 status half-configured dpkg:amd64 1.22.6ubuntu6
2026-01-13 02:11:00 status unpacked dpkg:amd64 1.22.6ubuntu6
2026-01-13 02:11:00 status half-installed dpkg:amd64 1.22.6ubuntu6
2026-01-13 02:11:00 status unpacked dpkg:amd64 1.22.6ubuntu6.5
2026-01-13 02:11:00 startup packages configure
2026-01-13 02:11:00 configure dpkg:amd64 1.22.6ubuntu6.5 <none>
2026-01-13 02:11:00 status unpacked dpkg:amd64 1.22.6ubuntu6.5
2026-01-13 02:11:00 status half-configured dpkg:amd64 1.22.6ubuntu6.5
2026-01-13 02:11:00 status installed dpkg:amd64 1.22.6ubuntu6.5
2026-01-13 02:11:00 startup archives unpack
2026-01-13 02:11:00 upgrade gzip:amd64 1.12-1ubuntu3 1.12-1ubuntu3.1
2026-01-13 02:11:00 status half-configured gzip:amd64 1.12-1ubuntu3
2026-01-13 02:11:00 status unpacked gzip:amd64 1.12-1ubuntu3
2026-01-13 02:11:00 status half-installed gzip:amd64 1.12-1ubuntu3
2026-01-13 02:11:01 status unpacked gzip:amd64 1.12-1ubuntu3.1
2026-01-13 02:11:01 startup packages configure
2026-01-13 02:11:01 configure gzip:amd64 1.12-1ubuntu3.1 <none>
2026-01-13 02:11:01 status unpacked gzip:amd64 1.12-1ubuntu3.1
2026-01-13 02:11:01 status half-configured gzip:amd64 1.12-1ubuntu3.1
2026-01-13 02:11:01 status installed gzip:amd64 1.12-1ubuntu3.1
2026-01-13 02:11:01 startup archives unpack
2026-01-13 02:11:01 upgrade login:amd64 1:4.13+dfsg1-4ubuntu3 1:4.13+dfsg1-4ubuntu3.2
2026-01-13 02:11:01 status half-configured login:amd64 1:4.13+dfsg1-4ubuntu3
2026-01-13 02:11:01 status unpacked login:amd64 1:4.13+dfsg1-4ubuntu3
2026-01-13 02:11:01 status half-installed login:amd64 1:4.13+dfsg1-4ubuntu3
2026-01-13 02:11:01 status unpacked login:amd64 1:4.13+dfsg1-4ubuntu3.2
2026-01-13 02:11:01 startup packages configure
2026-01-13 02:11:01 configure login:amd64 1:4.13+dfsg1-4ubuntu3.2 <none>
2026-01-13 02:11:01 status unpacked login:amd64 1:4.13+dfsg1-4ubuntu3.2
2026-01-13 02:11:01 status half-configured login:amd64 1:4.13+dfsg1-4ubuntu3.2
2026-01-13 02:11:01 status installed login:amd64 1:4.13+dfsg1-4ubuntu3.2
2026-01-13 02:11:01 startup archives unpack
2026-01-13 02:11:01 upgrade perl-base:amd64 5.38.2-3.2build2 5.38.2-3.2ubuntu0.2
2026-01-13 02:11:01 status half-configured perl-base:amd64 5.38.2-3.2build2
2026-01-13 02:11:01 status unpacked perl-base:amd64 5.38.2-3.2build2
2026-01-13 02:11:01 status half-installed perl-base:amd64 5.38.2-3.2build2
2026-01-13 02:11:01 status unpacked perl-base:amd64 5.38.2-3.2ubuntu0.2
2026-01-13 02:11:01 startup packages configure
2026-01-13 02:11:01 configure perl-base:amd64 5.38.2-3.2ubuntu0.2 <none>
2026-01-13 02:11:01 status unpacked perl-base:amd64 5.38.2-3.2ubuntu0.2
2026-01-13 02:11:01 status half-configured perl-base:amd64 5.38.2-3.2ubuntu0.2
2026-01-13 02:11:01 status installed perl-base:amd64 5.38.2-3.2ubuntu0.2
2026-01-13 02:11:01 startup archives unpack
2026-01-13 02:11:01 upgrade util-linux:amd64 2.39.3-9ubuntu6 2.39.3-9ubuntu6.4
2026-01-13 02:11:01 status half-configured util-linux:amd64 2.39.3-9ubuntu6
2026-01-13 02:11:01 status unpacked util-linux:amd64 2.39.3-9ubuntu6
2026-01-13 02:11:01 status half-installed util-linux:amd64 2.39.3-9ubuntu6
2026-01-13 02:11:01 status unpacked util-linux:amd64 2.39.3-9ubuntu6.4
2026-01-13 02:11:01 startup packages configure
2026-01-13 02:11:01 configure util-linux:amd64 2.39.3-9ubuntu6.4 <none>
2026-01-13 02:11:01 status unpacked util-linux:amd64 2.39.3-9ubuntu6.4
2026-01-13 02:11:01 status half-configured util-linux:amd64 2.39.3-9ubuntu6.4
2026-01-13 02:11:01 status installed util-linux:amd64 2.39.3-9ubuntu6.4
2026-01-13 02:11:01 startup archives unpack
2026-01-13 02:11:01 upgrade libc-bin:amd64 2.39-0ubuntu8 2.39-0ubuntu8.6
2026-01-13 02:11:01 status half-configured libc-bin:amd64 2.39-0ubuntu8
2026-01-13 02:11:01 status unpacked libc-bin:amd64 2.39-0ubuntu8
2026-01-13 02:11:01 status half-installed libc-bin:amd64 2.39-0ubuntu8
2026-01-13 02:11:01 status unpacked libc-bin:amd64 2.39-0ubuntu8.6
2026-01-13 02:11:01 startup packages configure
2026-01-13 02:11:01 configure libc-bin:amd64 2.39-0ubuntu8.6 <none>
2026-01-13 02:11:01 status unpacked libc-bin:amd64 2.39-0ubuntu8.6
2026-01-13 02:11:01 status half-configured libc-bin:amd64 2.39-0ubuntu8.6
2026-01-13 02:11:01 status installed libc-bin:amd64 2.39-0ubuntu8.6
2026-01-13 02:11:01 startup archives unpack
2026-01-13 02:11:01 upgrade libgpg-error0:amd64 1.47-3build2 1.47-3build2.1
2026-01-13 02:11:01 status triggers-pending libc-bin:amd64 2.39-0ubuntu8.6
2026-01-13 02:11:01 status half-configured libgpg-error0:amd64 1.47-3build2
2026-01-13 02:11:01 status unpacked libgpg-error0:amd64 1.47-3build2
2026-01-13 02:11:01 status half-installed libgpg-error0:amd64 1.47-3build2
2026-01-13 02:11:01 status unpacked libgpg-error0:amd64 1.47-3build2.1
2026-01-13 02:11:01 startup packages configure
2026-01-13 02:11:01 configure libgpg-error0:amd64 1.47-3build2.1 <none>
2026-01-13 02:11:01 status unpacked libgpg-error0:amd64 1.47-3build2.1
2026-01-13 02:11:01 status half-configured libgpg-error0:amd64 1.47-3build2.1
2026-01-13 02:11:01 status installed libgpg-error0:amd64 1.47-3build2.1
2026-01-13 02:11:01 startup archives unpack
2026-01-13 02:11:01 upgrade gpgv:amd64 2.4.4-2ubuntu17 2.4.4-2ubuntu17.4
2026-01-13 02:11:01 status half-configured gpgv:amd64 2.4.4-2ubuntu17
2026-01-13 02:11:01 status unpacked gpgv:amd64 2.4.4-2ubuntu17
2026-01-13 02:11:01 status half-installed gpgv:amd64 2.4.4-2ubuntu17
2026-01-13 02:11:01 status unpacked gpgv:amd64 2.4.4-2ubuntu17.4
2026-01-13 02:11:01 startup packages configure
2026-01-13 02:11:01 configure gpgv:amd64 2.4.4-2ubuntu17.4 <none>
2026-01-13 02:11:01 status unpacked gpgv:amd64 2.4.4-2ubuntu17.4
2026-01-13 02:11:01 status half-configured gpgv:amd64 2.4.4-2ubuntu17.4
2026-01-13 02:11:01 status installed gpgv:amd64 2.4.4-2ubuntu17.4
2026-01-13 02:11:01 startup archives unpack
2026-01-13 02:11:01 upgrade libgmp10:amd64 2:6.3.0+dfsg-2ubuntu6 2:6.3.0+dfsg-2ubuntu6.1
2026-01-13 02:11:01 status half-configured libgmp10:amd64 2:6.3.0+dfsg-2ubuntu6
2026-01-13 02:11:01 status unpacked libgmp10:amd64 2:6.3.0+dfsg-2ubuntu6
2026-01-13 02:11:01 status half-installed libgmp10:amd64 2:6.3.0+dfsg-2ubuntu6
2026-01-13 02:11:01 status unpacked libgmp10:amd64 2:6.3.0+dfsg-2ubuntu6.1
2026-01-13 02:11:02 startup packages configure
2026-01-13 02:11:02 configure libgmp10:amd64 2:6.3.0+dfsg-2ubuntu6.1 <none>
2026-01-13 02:11:02 status unpacked libgmp10:amd64 2:6.3.0+dfsg-2ubuntu6.1
2026-01-13 02:11:02 status half-configured libgmp10:amd64 2:6.3.0+dfsg-2ubuntu6.1
2026-01-13 02:11:02 status installed libgmp10:amd64 2:6.3.0+dfsg-2ubuntu6.1
2026-01-13 02:11:02 startup archives unpack
2026-01-13 02:11:02 upgrade libnettle8t64:amd64 3.9.1-2.2build1 3.9.1-2.2build1.1
2026-01-13 02:11:02 status half-configured libnettle8t64:amd64 3.9.1-2.2build1
2026-01-13 02:11:02 status unpacked libnettle8t64:amd64 3.9.1-2.2build1
2026-01-13 02:11:02 status half-installed libnettle8t64:amd64 3.9.1-2.2build1
2026-01-13 02:11:02 status unpacked libnettle8t64:amd64 3.9.1-2.2build1.1
2026-01-13 02:11:02 startup packages configure
2026-01-13 02:11:02 configure libnettle8t64:amd64 3.9.1-2.2build1.1 <none>
2026-01-13 02:11:02 status unpacked libnettle8t64:amd64 3.9.1-2.2build1.1
2026-01-13 02:11:02 status half-configured libnettle8t64:amd64 3.9.1-2.2build1.1
2026-01-13 02:11:02 status installed libnettle8t64:amd64 3.9.1-2.2build1.1
2026-01-13 02:11:02 startup archives unpack
2026-01-13 02:11:02 upgrade libhogweed6t64:amd64 3.9.1-2.2build1 3.9.1-2.2build1.1
2026-01-13 02:11:02 status half-configured libhogweed6t64:amd64 3.9.1-2.2build1
2026-01-13 02:11:02 status unpacked libhogweed6t64:amd64 3.9.1-2.2build1
2026-01-13 02:11:02 status half-installed libhogweed6t64:amd64 3.9.1-2.2build1
2026-01-13 02:11:02 status unpacked libhogweed6t64:amd64 3.9.1-2.2build1.1
2026-01-13 02:11:02 startup packages configure
2026-01-13 02:11:02 configure libhogweed6t64:amd64 3.9.1-2.2build1.1 <none>
2026-01-13 02:11:02 status unpacked libhogweed6t64:amd64 3.9.1-2.2build1.1
2026-01-13 02:11:02 status half-configured libhogweed6t64:amd64 3.9.1-2.2build1.1
2026-01-13 02:11:02 status installed libhogweed6t64:amd64 3.9.1-2.2build1.1
2026-01-13 02:11:02 startup archives unpack
2026-01-13 02:11:02 upgrade libunistring5:amd64 1.1-2build1 1.1-2build1.1
2026-01-13 02:11:02 status half-configured libunistring5:amd64 1.1-2build1
2026-01-13 02:11:02 status unpacked libunistring5:amd64 1.1-2build1
2026-01-13 02:11:02 status half-installed libunistring5:amd64 1.1-2build1
2026-01-13 02:11:02 status unpacked libunistring5:amd64 1.1-2build1.1
2026-01-13 02:11:02 startup packages configure
2026-01-13 02:11:02 configure libunistring5:amd64 1.1-2build1.1 <none>
2026-01-13 02:11:02 status unpacked libunistring5:amd64 1.1-2build1.1
2026-01-13 02:11:02 status half-configured libunistring5:amd64 1.1-2build1.1
2026-01-13 02:11:02 status installed libunistring5:amd64 1.1-2build1.1
2026-01-13 02:11:02 startup archives unpack
2026-01-13 02:11:02 upgrade libidn2-0:amd64 2.3.7-2build1 2.3.7-2build1.1
2026-01-13 02:11:02 status half-configured libidn2-0:amd64 2.3.7-2build1
2026-01-13 02:11:02 status unpacked libidn2-0:amd64 2.3.7-2build1
2026-01-13 02:11:02 status half-installed libidn2-0:amd64 2.3.7-2build1
2026-01-13 02:11:02 status unpacked libidn2-0:amd64 2.3.7-2build1.1
2026-01-13 02:11:02 startup packages configure
2026-01-13 02:11:02 configure libidn2-0:amd64 2.3.7-2build1.1 <none>
2026-01-13 02:11:02 status unpacked libidn2-0:amd64 2.3.7-2build1.1
2026-01-13 02:11:02 status half-configured libidn2-0:amd64 2.3.7-2build1.1
2026-01-13 02:11:02 status installed libidn2-0:amd64 2.3.7-2build1.1
2026-01-13 02:11:02 startup archives unpack
2026-01-13 02:11:02 upgrade libp11-kit0:amd64 0.25.3-4ubuntu2 0.25.3-4ubuntu2.1
2026-01-13 02:11:02 status half-configured libp11-kit0:amd64 0.25.3-4ubuntu2
2026-01-13 02:11:02 status unpacked libp11-kit0:amd64 0.25.3-4ubuntu2
2026-01-13 02:11:02 status half-installed libp11-kit0:amd64 0.25.3-4ubuntu2
2026-01-13 02:11:02 status unpacked libp11-kit0:amd64 0.25.3-4ubuntu2.1
2026-01-13 02:11:02 startup packages configure
2026-01-13 02:11:02 configure libp11-kit0:amd64 0.25.3-4ubuntu2.1 <none>
2026-01-13 02:11:02 status unpacked libp11-kit0:amd64 0.25.3-4ubuntu2.1
2026-01-13 02:11:02 status half-configured libp11-kit0:amd64 0.25.3-4ubuntu2.1
2026-01-13 02:11:02 status installed libp11-kit0:amd64 0.25.3-4ubuntu2.1
2026-01-13 02:11:02 startup archives unpack
2026-01-13 02:11:02 upgrade libtasn1-6:amd64 4.19.0-3build1 4.19.0-3ubuntu0.24.04.2
2026-01-13 02:11:02 status half-configured libtasn1-6:amd64 4.19.0-3build1
2026-01-13 02:11:02 status unpacked libtasn1-6:amd64 4.19.0-3build1
2026-01-13 02:11:02 status half-installed libtasn1-6:amd64 4.19.0-3build1
2026-01-13 02:11:02 status unpacked libtasn1-6:amd64 4.19.0-3ubuntu0.24.04.2
2026-01-13 02:11:02 startup packages configure
2026-01-13 02:11:02 configure libtasn1-6:amd64 4.19.0-3ubuntu0.24.04.2 <none>
2026-01-13 02:11:02 status unpacked libtasn1-6:amd64 4.19.0-3ubuntu0.24.04.2
2026-01-13 02:11:02 status half-configured libtasn1-6:amd64 4.19.0-3ubuntu0.24.04.2
2026-01-13 02:11:02 status installed libtasn1-6:amd64 4.19.0-3ubuntu0.24.04.2
2026-01-13 02:11:02 startup archives unpack
2026-01-13 02:11:02 upgrade libgnutls30t64:amd64 3.8.3-1.1ubuntu3 3.8.3-1.1ubuntu3.4
2026-01-13 02:11:02 status half-configured libgnutls30t64:amd64 3.8.3-1.1ubuntu3
2026-01-13 02:11:02 status unpacked libgnutls30t64:amd64 3.8.3-1.1ubuntu3
2026-01-13 02:11:02 status half-installed libgnutls30t64:amd64 3.8.3-1.1ubuntu3
2026-01-13 02:11:02 status unpacked libgnutls30t64:amd64 3.8.3-1.1ubuntu3.4
2026-01-13 02:11:02 startup packages configure
2026-01-13 02:11:02 configure libgnutls30t64:amd64 3.8.3-1.1ubuntu3.4 <none>
2026-01-13 02:11:02 status unpacked libgnutls30t64:amd64 3.8.3-1.1ubuntu3.4
2026-01-13 02:11:02 status half-configured libgnutls30t64:amd64 3.8.3-1.1ubuntu3.4
2026-01-13 02:11:02 status installed libgnutls30t64:amd64 3.8.3-1.1ubuntu3.4
2026-01-13 02:11:02 startup archives unpack
2026-01-13 02:11:02 upgrade libseccomp2:amd64 2.5.5-1ubuntu3 2.5.5-1ubuntu3.1
2026-01-13 02:11:02 status half-configured libseccomp2:amd64 2.5.5-1ubuntu3
2026-01-13 02:11:02 status unpacked libseccomp2:amd64 2.5.5-1ubuntu3
2026-01-13 02:11:02 status half-installed libseccomp2:amd64 2.5.5-1ubuntu3
2026-01-13 02:11:02 status unpacked libseccomp2:amd64 2.5.5-1ubuntu3.1
2026-01-13 02:11:02 startup packages configure
2026-01-13 02:11:02 configure libseccomp2:amd64 2.5.5-1ubuntu3.1 <none>
2026-01-13 02:11:02 status unpacked libseccomp2:amd64 2.5.5-1ubuntu3.1
2026-01-13 02:11:02 status half-configured libseccomp2:amd64 2.5.5-1ubuntu3.1
2026-01-13 02:11:02 status installed libseccomp2:amd64 2.5.5-1ubuntu3.1
2026-01-13 02:11:02 startup archives unpack
2026-01-13 02:11:02 upgrade apt:amd64 2.7.14build2 2.8.3
2026-01-13 02:11:02 status half-configured apt:amd64 2.7.14build2
2026-01-13 02:11:02 status unpacked apt:amd64 2.7.14build2
2026-01-13 02:11:02 status half-installed apt:amd64 2.7.14build2
2026-01-13 02:11:02 status unpacked apt:amd64 2.8.3
2026-01-13 02:11:02 startup packages configure
2026-01-13 02:11:02 configure apt:amd64 2.8.3 <none>
2026-01-13 02:11:02 status unpacked apt:amd64 2.8.3
2026-01-13 02:11:02 status half-configured apt:amd64 2.8.3
2026-01-13 02:11:03 status installed apt:amd64 2.8.3
2026-01-13 02:11:03 startup archives unpack
2026-01-13 02:11:03 upgrade logsave:amd64 1.47.0-2.4~exp1ubuntu4 1.47.0-2.4~exp1ubuntu4.1
2026-01-13 02:11:03 status half-configured logsave:amd64 1.47.0-2.4~exp1ubuntu4
2026-01-13 02:11:03 status unpacked logsave:amd64 1.47.0-2.4~exp1ubuntu4
2026-01-13 02:11:03 status half-installed logsave:amd64 1.47.0-2.4~exp1ubuntu4
2026-01-13 02:11:03 status unpacked logsave:amd64 1.47.0-2.4~exp1ubuntu4.1
2026-01-13 02:11:03 upgrade libext2fs2t64:amd64 1.47.0-2.4~exp1ubuntu4 1.47.0-2.4~exp1ubuntu4.1
2026-01-13 02:11:03 status half-configured libext2fs2t64:amd64 1.47.0-2.4~exp1ubuntu4
2026-01-13 02:11:03 status unpacked libext2fs2t64:amd64 1.47.0-2.4~exp1ubuntu4
2026-01-13 02:11:03 status half-installed libext2fs2t64:amd64 1.47.0-2.4~exp1ubuntu4
2026-01-13 02:11:03 status unpacked libext2fs2t64:amd64 1.47.0-2.4~exp1ubuntu4.1
2026-01-13 02:11:03 startup packages configure
2026-01-13 02:11:03 configure libext2fs2t64:amd64 1.47.0-2.4~exp1ubuntu4.1 <none>
2026-01-13 02:11:03 status unpacked libext2fs2t64:amd64 1.47.0-2.4~exp1ubuntu4.1
2026-01-13 02:11:03 status half-configured libext2fs2t64:amd64 1.47.0-2.4~exp1ubuntu4.1
2026-01-13 02:11:03 status installed libext2fs2t64:amd64 1.47.0-2.4~exp1ubuntu4.1
2026-01-13 02:11:03 startup archives unpack
2026-01-13 02:11:03 upgrade e2fsprogs:amd64 1.47.0-2.4~exp1ubuntu4 1.47.0-2.4~exp1ubuntu4.1
2026-01-13 02:11:03 status half-configured e2fsprogs:amd64 1.47.0-2.4~exp1ubuntu4
2026-01-13 02:11:03 status unpacked e2fsprogs:amd64 1.47.0-2.4~exp1ubuntu4
2026-01-13 02:11:03 status half-installed e2fsprogs:amd64 1.47.0-2.4~exp1ubuntu4
2026-01-13 02:11:03 status unpacked e2fsprogs:amd64 1.47.0-2.4~exp1ubuntu4.1
2026-01-13 02:11:03 upgrade mount:amd64 2.39.3-9ubuntu6 2.39.3-9ubuntu6.4
2026-01-13 02:11:03 status half-configured mount:amd64 2.39.3-9ubuntu6
2026-01-13 02:11:03 status unpacked mount:amd64 2.39.3-9ubuntu6
2026-01-13 02:11:03 status half-installed mount:amd64 2.39.3-9ubuntu6
2026-01-13 02:11:03 status unpacked mount:amd64 2.39.3-9ubuntu6.4
2026-01-13 02:11:03 upgrade libacl1:amd64 2.3.2-1build1 2.3.2-1build1.1
2026-01-13 02:11:03 status half-configured libacl1:amd64 2.3.2-1build1
2026-01-13 02:11:03 status unpacked libacl1:amd64 2.3.2-1build1
2026-01-13 02:11:03 status half-installed libacl1:amd64 2.3.2-1build1
2026-01-13 02:11:03 status unpacked libacl1:amd64 2.3.2-1build1.1
2026-01-13 02:11:03 startup packages configure
2026-01-13 02:11:03 configure libacl1:amd64 2.3.2-1build1.1 <none>
2026-01-13 02:11:03 status unpacked libacl1:amd64 2.3.2-1build1.1
2026-01-13 02:11:03 status half-configured libacl1:amd64 2.3.2-1build1.1
2026-01-13 02:11:03 status installed libacl1:amd64 2.3.2-1build1.1
2026-01-13 02:11:03 startup archives unpack
2026-01-13 02:11:03 upgrade libattr1:amd64 1:2.5.2-1build1 1:2.5.2-1build1.1
2026-01-13 02:11:03 status half-configured libattr1:amd64 1:2.5.2-1build1
2026-01-13 02:11:03 status unpacked libattr1:amd64 1:2.5.2-1build1
2026-01-13 02:11:03 status half-installed libattr1:amd64 1:2.5.2-1build1
2026-01-13 02:11:03 status unpacked libattr1:amd64 1:2.5.2-1build1.1
2026-01-13 02:11:03 startup packages configure
2026-01-13 02:11:03 configure libattr1:amd64 1:2.5.2-1build1.1 <none>
2026-01-13 02:11:03 status unpacked libattr1:amd64 1:2.5.2-1build1.1
2026-01-13 02:11:03 status half-configured libattr1:amd64 1:2.5.2-1build1.1
2026-01-13 02:11:03 status installed libattr1:amd64 1:2.5.2-1build1.1
2026-01-13 02:11:03 startup archives unpack
2026-01-13 02:11:03 upgrade libaudit-common:all 1:3.1.2-2.1build1 1:3.1.2-2.1build1.1
2026-01-13 02:11:03 status half-configured libaudit-common:all 1:3.1.2-2.1build1
2026-01-13 02:11:03 status unpacked libaudit-common:all 1:3.1.2-2.1build1
2026-01-13 02:11:03 status half-installed libaudit-common:all 1:3.1.2-2.1build1
2026-01-13 02:11:03 status unpacked libaudit-common:all 1:3.1.2-2.1build1.1
2026-01-13 02:11:03 startup packages configure
2026-01-13 02:11:03 configure libaudit-common:all 1:3.1.2-2.1build1.1 <none>
2026-01-13 02:11:03 status unpacked libaudit-common:all 1:3.1.2-2.1build1.1
2026-01-13 02:11:03 status half-configured libaudit-common:all 1:3.1.2-2.1build1.1
2026-01-13 02:11:03 status installed libaudit-common:all 1:3.1.2-2.1build1.1
2026-01-13 02:11:03 startup archives unpack
2026-01-13 02:11:03 upgrade libaudit1:amd64 1:3.1.2-2.1build1 1:3.1.2-2.1build1.1
2026-01-13 02:11:03 status half-configured libaudit1:amd64 1:3.1.2-2.1build1
2026-01-13 02:11:03 status unpacked libaudit1:amd64 1:3.1.2-2.1build1
2026-01-13 02:11:03 status half-installed libaudit1:amd64 1:3.1.2-2.1build1
2026-01-13 02:11:03 status unpacked libaudit1:amd64 1:3.1.2-2.1build1.1
2026-01-13 02:11:03 startup packages configure
2026-01-13 02:11:03 configure libaudit1:amd64 1:3.1.2-2.1build1.1 <none>
2026-01-13 02:11:03 status unpacked libaudit1:amd64 1:3.1.2-2.1build1.1
2026-01-13 02:11:03 status half-configured libaudit1:amd64 1:3.1.2-2.1build1.1
2026-01-13 02:11:03 status installed libaudit1:amd64 1:3.1.2-2.1build1.1
2026-01-13 02:11:03 startup archives unpack
2026-01-13 02:11:03 upgrade libblkid1:amd64 2.39.3-9ubuntu6 2.39.3-9ubuntu6.4
2026-01-13 02:11:03 status half-configured libblkid1:amd64 2.39.3-9ubuntu6
2026-01-13 02:11:03 status unpacked libblkid1:amd64 2.39.3-9ubuntu6
2026-01-13 02:11:03 status half-installed libblkid1:amd64 2.39.3-9ubuntu6
2026-01-13 02:11:03 status unpacked libblkid1:amd64 2.39.3-9ubuntu6.4
2026-01-13 02:11:03 startup packages configure
2026-01-13 02:11:03 configure libblkid1:amd64 2.39.3-9ubuntu6.4 <none>
2026-01-13 02:11:03 status unpacked libblkid1:amd64 2.39.3-9ubuntu6.4
2026-01-13 02:11:03 status half-configured libblkid1:amd64 2.39.3-9ubuntu6.4
2026-01-13 02:11:03 status installed libblkid1:amd64 2.39.3-9ubuntu6.4
2026-01-13 02:11:03 startup archives unpack
2026-01-13 02:11:03 upgrade libmd0:amd64 1.1.0-2build1 1.1.0-2build1.1
2026-01-13 02:11:03 status half-configured libmd0:amd64 1.1.0-2build1
2026-01-13 02:11:03 status unpacked libmd0:amd64 1.1.0-2build1
2026-01-13 02:11:03 status half-installed libmd0:amd64 1.1.0-2build1
2026-01-13 02:11:03 status unpacked libmd0:amd64 1.1.0-2build1.1
2026-01-13 02:11:03 startup packages configure
2026-01-13 02:11:03 configure libmd0:amd64 1.1.0-2build1.1 <none>
2026-01-13 02:11:03 status unpacked libmd0:amd64 1.1.0-2build1.1
2026-01-13 02:11:03 status half-configured libmd0:amd64 1.1.0-2build1.1
2026-01-13 02:11:03 status installed libmd0:amd64 1.1.0-2build1.1
2026-01-13 02:11:03 startup archives unpack
2026-01-13 02:11:03 upgrade libpcre2-8-0:amd64 10.42-4ubuntu2 10.42-4ubuntu2.1
2026-01-13 02:11:03 status half-configured libpcre2-8-0:amd64 10.42-4ubuntu2
2026-01-13 02:11:03 status unpacked libpcre2-8-0:amd64 10.42-4ubuntu2
2026-01-13 02:11:03 status half-installed libpcre2-8-0:amd64 10.42-4ubuntu2
2026-01-13 02:11:03 status unpacked libpcre2-8-0:amd64 10.42-4ubuntu2.1
2026-01-13 02:11:03 startup packages configure
2026-01-13 02:11:03 configure libpcre2-8-0:amd64 10.42-4ubuntu2.1 <none>
2026-01-13 02:11:03 status unpacked libpcre2-8-0:amd64 10.42-4ubuntu2.1
2026-01-13 02:11:03 status half-configured libpcre2-8-0:amd64 10.42-4ubuntu2.1
2026-01-13 02:11:03 status installed libpcre2-8-0:amd64 10.42-4ubuntu2.1
2026-01-13 02:11:03 startup archives unpack
2026-01-13 02:11:03 upgrade libselinux1:amd64 3.5-2ubuntu2 3.5-2ubuntu2.1
2026-01-13 02:11:03 status half-configured libselinux1:amd64 3.5-2ubuntu2
2026-01-13 02:11:03 status unpacked libselinux1:amd64 3.5-2ubuntu2
2026-01-13 02:11:03 status half-installed libselinux1:amd64 3.5-2ubuntu2
2026-01-13 02:11:03 status unpacked libselinux1:amd64 3.5-2ubuntu2.1
2026-01-13 02:11:03 startup packages configure
2026-01-13 02:11:03 configure libselinux1:amd64 3.5-2ubuntu2.1 <none>
2026-01-13 02:11:03 status unpacked libselinux1:amd64 3.5-2ubuntu2.1
2026-01-13 02:11:03 status half-configured libselinux1:amd64 3.5-2ubuntu2.1
2026-01-13 02:11:03 status installed libselinux1:amd64 3.5-2ubuntu2.1
2026-01-13 02:11:03 startup archives unpack
2026-01-13 02:11:03 upgrade libmount1:amd64 2.39.3-9ubuntu6 2.39.3-9ubuntu6.4
2026-01-13 02:11:03 status half-configured libmount1:amd64 2.39.3-9ubuntu6
2026-01-13 02:11:03 status unpacked libmount1:amd64 2.39.3-9ubuntu6
2026-01-13 02:11:03 status half-installed libmount1:amd64 2.39.3-9ubuntu6
2026-01-13 02:11:03 status unpacked libmount1:amd64 2.39.3-9ubuntu6.4
2026-01-13 02:11:03 startup packages configure
2026-01-13 02:11:03 configure libmount1:amd64 2.39.3-9ubuntu6.4 <none>
2026-01-13 02:11:03 status unpacked libmount1:amd64 2.39.3-9ubuntu6.4
2026-01-13 02:11:03 status half-configured libmount1:amd64 2.39.3-9ubuntu6.4
2026-01-13 02:11:03 status installed libmount1:amd64 2.39.3-9ubuntu6.4
2026-01-13 02:11:04 startup archives unpack
2026-01-13 02:11:04 upgrade libpam-runtime:all 1.5.3-5ubuntu5 1.5.3-5ubuntu5.5
2026-01-13 02:11:04 status half-configured libpam-runtime:all 1.5.3-5ubuntu5
2026-01-13 02:11:04 status unpacked libpam-runtime:all 1.5.3-5ubuntu5
2026-01-13 02:11:04 status half-installed libpam-runtime:all 1.5.3-5ubuntu5
2026-01-13 02:11:04 status unpacked libpam-runtime:all 1.5.3-5ubuntu5.5
2026-01-13 02:11:04 startup packages configure
2026-01-13 02:11:04 configure libpam-runtime:all 1.5.3-5ubuntu5.5 <none>
2026-01-13 02:11:04 status unpacked libpam-runtime:all 1.5.3-5ubuntu5.5
2026-01-13 02:11:04 status half-configured libpam-runtime:all 1.5.3-5ubuntu5.5
2026-01-13 02:11:04 status installed libpam-runtime:all 1.5.3-5ubuntu5.5
2026-01-13 02:11:04 startup archives unpack
2026-01-13 02:11:04 upgrade libpam0g:amd64 1.5.3-5ubuntu5 1.5.3-5ubuntu5.5
2026-01-13 02:11:04 status half-configured libpam0g:amd64 1.5.3-5ubuntu5
2026-01-13 02:11:04 status unpacked libpam0g:amd64 1.5.3-5ubuntu5
2026-01-13 02:11:04 status half-installed libpam0g:amd64 1.5.3-5ubuntu5
2026-01-13 02:11:04 status unpacked libpam0g:amd64 1.5.3-5ubuntu5.5
2026-01-13 02:11:04 startup packages configure
2026-01-13 02:11:04 configure libpam0g:amd64 1.5.3-5ubuntu5.5 <none>
2026-01-13 02:11:04 status unpacked libpam0g:amd64 1.5.3-5ubuntu5.5
2026-01-13 02:11:04 status half-configured libpam0g:amd64 1.5.3-5ubuntu5.5
2026-01-13 02:11:04 status installed libpam0g:amd64 1.5.3-5ubuntu5.5
2026-01-13 02:11:04 startup archives unpack
2026-01-13 02:11:04 upgrade libsmartcols1:amd64 2.39.3-9ubuntu6 2.39.3-9ubuntu6.4
2026-01-13 02:11:04 status half-configured libsmartcols1:amd64 2.39.3-9ubuntu6
2026-01-13 02:11:04 status unpacked libsmartcols1:amd64 2.39.3-9ubuntu6
2026-01-13 02:11:04 status half-installed libsmartcols1:amd64 2.39.3-9ubuntu6
2026-01-13 02:11:04 status unpacked libsmartcols1:amd64 2.39.3-9ubuntu6.4
2026-01-13 02:11:04 startup packages configure
2026-01-13 02:11:04 configure libsmartcols1:amd64 2.39.3-9ubuntu6.4 <none>
2026-01-13 02:11:04 status unpacked libsmartcols1:amd64 2.39.3-9ubuntu6.4
2026-01-13 02:11:04 status half-configured libsmartcols1:amd64 2.39.3-9ubuntu6.4
2026-01-13 02:11:04 status installed libsmartcols1:amd64 2.39.3-9ubuntu6.4
2026-01-13 02:11:04 startup archives unpack
2026-01-13 02:11:04 upgrade libssl3t64:amd64 3.0.13-0ubuntu3 3.0.13-0ubuntu3.6
2026-01-13 02:11:04 status half-configured libssl3t64:amd64 3.0.13-0ubuntu3
2026-01-13 02:11:04 status unpacked libssl3t64:amd64 3.0.13-0ubuntu3
2026-01-13 02:11:04 status half-installed libssl3t64:amd64 3.0.13-0ubuntu3
2026-01-13 02:11:04 status unpacked libssl3t64:amd64 3.0.13-0ubuntu3.6
2026-01-13 02:11:04 startup packages configure
2026-01-13 02:11:04 configure libssl3t64:amd64 3.0.13-0ubuntu3.6 <none>
2026-01-13 02:11:04 status unpacked libssl3t64:amd64 3.0.13-0ubuntu3.6
2026-01-13 02:11:04 status half-configured libssl3t64:amd64 3.0.13-0ubuntu3.6
2026-01-13 02:11:04 status installed libssl3t64:amd64 3.0.13-0ubuntu3.6
2026-01-13 02:11:04 startup archives unpack
2026-01-13 02:11:04 upgrade libuuid1:amd64 2.39.3-9ubuntu6 2.39.3-9ubuntu6.4
2026-01-13 02:11:04 status half-configured libuuid1:amd64 2.39.3-9ubuntu6
2026-01-13 02:11:04 status unpacked libuuid1:amd64 2.39.3-9ubuntu6
2026-01-13 02:11:04 status half-installed libuuid1:amd64 2.39.3-9ubuntu6
2026-01-13 02:11:04 status unpacked libuuid1:amd64 2.39.3-9ubuntu6.4
2026-01-13 02:11:04 startup packages configure
2026-01-13 02:11:04 configure libuuid1:amd64 2.39.3-9ubuntu6.4 <none>
2026-01-13 02:11:04 status unpacked libuuid1:amd64 2.39.3-9ubuntu6.4
2026-01-13 02:11:04 status half-configured libuuid1:amd64 2.39.3-9ubuntu6.4
2026-01-13 02:11:04 status installed libuuid1:amd64 2.39.3-9ubuntu6.4
2026-01-13 02:11:04 startup archives unpack
2026-01-13 02:11:04 upgrade libcom-err2:amd64 1.47.0-2.4~exp1ubuntu4 1.47.0-2.4~exp1ubuntu4.1
2026-01-13 02:11:04 status half-configured libcom-err2:amd64 1.47.0-2.4~exp1ubuntu4
2026-01-13 02:11:04 status unpacked libcom-err2:amd64 1.47.0-2.4~exp1ubuntu4
2026-01-13 02:11:04 status half-installed libcom-err2:amd64 1.47.0-2.4~exp1ubuntu4
2026-01-13 02:11:04 status unpacked libcom-err2:amd64 1.47.0-2.4~exp1ubuntu4.1
2026-01-13 02:11:04 upgrade libproc2-0:amd64 2:4.0.4-4ubuntu3 2:4.0.4-4ubuntu3.2
2026-01-13 02:11:04 status half-configured libproc2-0:amd64 2:4.0.4-4ubuntu3
2026-01-13 02:11:04 status unpacked libproc2-0:amd64 2:4.0.4-4ubuntu3
2026-01-13 02:11:04 status half-installed libproc2-0:amd64 2:4.0.4-4ubuntu3
2026-01-13 02:11:04 status unpacked libproc2-0:amd64 2:4.0.4-4ubuntu3.2
2026-01-13 02:11:04 upgrade libss2:amd64 1.47.0-2.4~exp1ubuntu4 1.47.0-2.4~exp1ubuntu4.1
2026-01-13 02:11:04 status half-configured libss2:amd64 1.47.0-2.4~exp1ubuntu4
2026-01-13 02:11:04 status unpacked libss2:amd64 1.47.0-2.4~exp1ubuntu4
2026-01-13 02:11:04 status half-installed libss2:amd64 1.47.0-2.4~exp1ubuntu4
2026-01-13 02:11:04 status unpacked libss2:amd64 1.47.0-2.4~exp1ubuntu4.1
2026-01-13 02:11:04 upgrade passwd:amd64 1:4.13+dfsg1-4ubuntu3 1:4.13+dfsg1-4ubuntu3.2
2026-01-13 02:11:04 status half-configured passwd:amd64 1:4.13+dfsg1-4ubuntu3
2026-01-13 02:11:04 status unpacked passwd:amd64 1:4.13+dfsg1-4ubuntu3
2026-01-13 02:11:04 status half-installed passwd:amd64 1:4.13+dfsg1-4ubuntu3
2026-01-13 02:11:04 status unpacked passwd:amd64 1:4.13+dfsg1-4ubuntu3.2
2026-01-13 02:11:04 upgrade procps:amd64 2:4.0.4-4ubuntu3 2:4.0.4-4ubuntu3.2
2026-01-13 02:11:04 status half-configured procps:amd64 2:4.0.4-4ubuntu3
2026-01-13 02:11:04 status unpacked procps:amd64 2:4.0.4-4ubuntu3
2026-01-13 02:11:04 status half-installed procps:amd64 2:4.0.4-4ubuntu3
2026-01-13 02:11:04 status unpacked procps:amd64 2:4.0.4-4ubuntu3.2
2026-01-13 02:11:04 startup packages configure
2026-01-13 02:11:04 configure libcom-err2:amd64 1.47.0-2.4~exp1ubuntu4.1 <none>
2026-01-13 02:11:04 status unpacked libcom-err2:amd64 1.47.0-2.4~exp1ubuntu4.1
2026-01-13 02:11:04 status half-configured libcom-err2:amd64 1.47.0-2.4~exp1ubuntu4.1
2026-01-13 02:11:04 status installed libcom-err2:amd64 1.47.0-2.4~exp1ubuntu4.1
2026-01-13 02:11:04 configure libproc2-0:amd64 2:4.0.4-4ubuntu3.2 <none>
2026-01-13 02:11:04 status unpacked libproc2-0:amd64 2:4.0.4-4ubuntu3.2
2026-01-13 02:11:04 status half-configured libproc2-0:amd64 2:4.0.4-4ubuntu3.2
2026-01-13 02:11:04 status installed libproc2-0:amd64 2:4.0.4-4ubuntu3.2
2026-01-13 02:11:04 configure libss2:amd64 1.47.0-2.4~exp1ubuntu4.1 <none>
2026-01-13 02:11:04 status unpacked libss2:amd64 1.47.0-2.4~exp1ubuntu4.1
2026-01-13 02:11:04 status half-configured libss2:amd64 1.47.0-2.4~exp1ubuntu4.1
2026-01-13 02:11:04 status installed libss2:amd64 1.47.0-2.4~exp1ubuntu4.1
2026-01-13 02:11:04 configure logsave:amd64 1.47.0-2.4~exp1ubuntu4.1 <none>
2026-01-13 02:11:04 status unpacked logsave:amd64 1.47.0-2.4~exp1ubuntu4.1
2026-01-13 02:11:04 status half-configured logsave:amd64 1.47.0-2.4~exp1ubuntu4.1
2026-01-13 02:11:04 status installed logsave:amd64 1.47.0-2.4~exp1ubuntu4.1
2026-01-13 02:11:04 configure passwd:amd64 1:4.13+dfsg1-4ubuntu3.2 <none>
2026-01-13 02:11:04 status unpacked passwd:amd64 1:4.13+dfsg1-4ubuntu3.2
2026-01-13 02:11:04 status half-configured passwd:amd64 1:4.13+dfsg1-4ubuntu3.2
2026-01-13 02:11:04 status installed passwd:amd64 1:4.13+dfsg1-4ubuntu3.2
2026-01-13 02:11:04 configure mount:amd64 2.39.3-9ubuntu6.4 <none>
2026-01-13 02:11:04 status unpacked mount:amd64 2.39.3-9ubuntu6.4
2026-01-13 02:11:04 status half-configured mount:amd64 2.39.3-9ubuntu6.4
2026-01-13 02:11:04 status installed mount:amd64 2.39.3-9ubuntu6.4
2026-01-13 02:11:04 configure procps:amd64 2:4.0.4-4ubuntu3.2 <none>
2026-01-13 02:11:04 status unpacked procps:amd64 2:4.0.4-4ubuntu3.2
2026-01-13 02:11:05 status half-configured procps:amd64 2:4.0.4-4ubuntu3.2
2026-01-13 02:11:05 status installed procps:amd64 2:4.0.4-4ubuntu3.2
2026-01-13 02:11:05 configure e2fsprogs:amd64 1.47.0-2.4~exp1ubuntu4.1 <none>
2026-01-13 02:11:05 status unpacked e2fsprogs:amd64 1.47.0-2.4~exp1ubuntu4.1
2026-01-13 02:11:05 status half-configured e2fsprogs:amd64 1.47.0-2.4~exp1ubuntu4.1
2026-01-13 02:11:05 status installed e2fsprogs:amd64 1.47.0-2.4~exp1ubuntu4.1
2026-01-13 02:11:05 trigproc libc-bin:amd64 2.39-0ubuntu8.6 <none>
2026-01-13 02:11:05 status half-configured libc-bin:amd64 2.39-0ubuntu8.6
2026-01-13 02:11:05 status installed libc-bin:amd64 2.39-0ubuntu8.6
2026-01-13 02:11:06 startup archives unpack
2026-01-13 02:11:06 install libdb5.3t64:amd64 <none> 5.3.28+dfsg2-7
2026-01-13 02:11:06 status triggers-pending libc-bin:amd64 2.39-0ubuntu8.6
2026-01-13 02:11:06 status half-installed libdb5.3t64:amd64 5.3.28+dfsg2-7
2026-01-13 02:11:06 status unpacked libdb5.3t64:amd64 5.3.28+dfsg2-7
2026-01-13 02:11:06 startup packages configure
2026-01-13 02:11:06 configure libdb5.3t64:amd64 5.3.28+dfsg2-7 <none>
2026-01-13 02:11:06 status unpacked libdb5.3t64:amd64 5.3.28+dfsg2-7
2026-01-13 02:11:06 status half-configured libdb5.3t64:amd64 5.3.28+dfsg2-7
2026-01-13 02:11:06 status installed libdb5.3t64:amd64 5.3.28+dfsg2-7
2026-01-13 02:11:06 startup archives unpack
2026-01-13 02:11:06 upgrade libpam-modules-bin:amd64 1.5.3-5ubuntu5 1.5.3-5ubuntu5.5
2026-01-13 02:11:06 status half-configured libpam-modules-bin:amd64 1.5.3-5ubuntu5
2026-01-13 02:11:06 status unpacked libpam-modules-bin:amd64 1.5.3-5ubuntu5
2026-01-13 02:11:06 status half-installed libpam-modules-bin:amd64 1.5.3-5ubuntu5
2026-01-13 02:11:06 status unpacked libpam-modules-bin:amd64 1.5.3-5ubuntu5.5
2026-01-13 02:11:06 startup packages configure
2026-01-13 02:11:06 configure libpam-modules-bin:amd64 1.5.3-5ubuntu5.5 <none>
2026-01-13 02:11:06 status unpacked libpam-modules-bin:amd64 1.5.3-5ubuntu5.5
2026-01-13 02:11:06 status half-configured libpam-modules-bin:amd64 1.5.3-5ubuntu5.5
2026-01-13 02:11:06 status installed libpam-modules-bin:amd64 1.5.3-5ubuntu5.5
2026-01-13 02:11:06 startup archives unpack
2026-01-13 02:11:06 upgrade libpam-modules:amd64 1.5.3-5ubuntu5 1.5.3-5ubuntu5.5
2026-01-13 02:11:06 status half-configured libpam-modules:amd64 1.5.3-5ubuntu5
2026-01-13 02:11:06 status unpacked libpam-modules:amd64 1.5.3-5ubuntu5
2026-01-13 02:11:06 status half-installed libpam-modules:amd64 1.5.3-5ubuntu5
2026-01-13 02:11:06 status unpacked libpam-modules:amd64 1.5.3-5ubuntu5.5
2026-01-13 02:11:06 startup packages configure
2026-01-13 02:11:06 configure libpam-modules:amd64 1.5.3-5ubuntu5.5 <none>
2026-01-13 02:11:06 status unpacked libpam-modules:amd64 1.5.3-5ubuntu5.5
2026-01-13 02:11:06 status half-configured libpam-modules:amd64 1.5.3-5ubuntu5.5
2026-01-13 02:11:06 status installed libpam-modules:amd64 1.5.3-5ubuntu5.5
2026-01-13 02:11:06 startup packages configure
2026-01-13 02:11:06 trigproc libc-bin:amd64 2.39-0ubuntu8.6 <none>
2026-01-13 02:11:06 status half-configured libc-bin:amd64 2.39-0ubuntu8.6
2026-01-13 02:11:06 status installed libc-bin:amd64 2.39-0ubuntu8.6
2026-01-13 02:11:07 startup archives unpack
2026-01-13 02:11:07 install unminimize:amd64 <none> 0.2.1
2026-01-13 02:11:07 status half-installed unminimize:amd64 0.2.1
2026-01-13 02:11:07 status unpacked unminimize:amd64 0.2.1
2026-01-13 02:11:07 startup packages configure
2026-01-13 02:11:07 configure unminimize:amd64 0.2.1 <none>
2026-01-13 02:11:07 status unpacked unminimize:amd64 0.2.1
2026-01-13 02:11:07 status half-configured unminimize:amd64 0.2.1
2026-01-13 02:11:07 status installed unminimize:amd64 0.2.1
2026-02-13 20:53:09 startup archives unpack
2026-02-13 20:53:09 upgrade libc6:amd64 2.39-0ubuntu8.6 2.39-0ubuntu8.7
2026-02-13 20:53:09 status triggers-pending libc-bin:amd64 2.39-0ubuntu8.6
2026-02-13 20:53:09 status half-configured libc6:amd64 2.39-0ubuntu8.6
2026-02-13 20:53:09 status unpacked libc6:amd64 2.39-0ubuntu8.6
2026-02-13 20:53:09 status half-installed libc6:amd64 2.39-0ubuntu8.6
2026-02-13 20:53:10 status unpacked libc6:amd64 2.39-0ubuntu8.7
2026-02-13 20:53:10 startup packages configure
2026-02-13 20:53:10 configure libc6:amd64 2.39-0ubuntu8.7 <none>
2026-02-13 20:53:10 status unpacked libc6:amd64 2.39-0ubuntu8.7
2026-02-13 20:53:10 status half-configured libc6:amd64 2.39-0ubuntu8.7
2026-02-13 20:53:11 status installed libc6:amd64 2.39-0ubuntu8.7
2026-02-13 20:53:11 startup archives unpack
2026-02-13 20:53:11 upgrade libc-bin:amd64 2.39-0ubuntu8.6 2.39-0ubuntu8.7
2026-02-13 20:53:11 status half-configured libc-bin:amd64 2.39-0ubuntu8.6
2026-02-13 20:53:11 status unpacked libc-bin:amd64 2.39-0ubuntu8.6
2026-02-13 20:53:11 status half-installed libc-bin:amd64 2.39-0ubuntu8.6
2026-02-13 20:53:11 status unpacked libc-bin:amd64 2.39-0ubuntu8.7
2026-02-13 20:53:11 startup packages configure
2026-02-13 20:53:11 configure libc-bin:amd64 2.39-0ubuntu8.7 <none>
2026-02-13 20:53:11 status unpacked libc-bin:amd64 2.39-0ubuntu8.7
2026-02-13 20:53:11 status half-configured libc-bin:amd64 2.39-0ubuntu8.7
2026-02-13 20:53:11 status installed libc-bin:amd64 2.39-0ubuntu8.7
2026-02-13 20:53:11 startup archives unpack
2026-02-13 20:53:11 upgrade libssl3t64:amd64 3.0.13-0ubuntu3.6 3.0.13-0ubuntu3.7
2026-02-13 20:53:11 status triggers-pending libc-bin:amd64 2.39-0ubuntu8.7
2026-02-13 20:53:11 status half-configured libssl3t64:amd64 3.0.13-0ubuntu3.6
2026-02-13 20:53:11 status unpacked libssl3t64:amd64 3.0.13-0ubuntu3.6
2026-02-13 20:53:11 status half-installed libssl3t64:amd64 3.0.13-0ubuntu3.6
2026-02-13 20:53:11 status unpacked libssl3t64:amd64 3.0.13-0ubuntu3.7
2026-02-13 20:53:11 startup packages configure
2026-02-13 20:53:11 configure libssl3t64:amd64 3.0.13-0ubuntu3.7 <none>
2026-02-13 20:53:11 status unpacked libssl3t64:amd64 3.0.13-0ubuntu3.7
2026-02-13 20:53:11 status half-configured libssl3t64:amd64 3.0.13-0ubuntu3.7
2026-02-13 20:53:11 status installed libssl3t64:amd64 3.0.13-0ubuntu3.7
2026-02-13 20:53:11 startup archives unpack
2026-02-13 20:53:11 install libpython3.12-minimal:amd64 <none> 3.12.3-1ubuntu0.11
2026-02-13 20:53:11 status half-installed libpython3.12-minimal:amd64 3.12.3-1ubuntu0.11
2026-02-13 20:53:11 status unpacked libpython3.12-minimal:amd64 3.12.3-1ubuntu0.11
2026-02-13 20:53:11 install libexpat1:amd64 <none> 2.6.1-2ubuntu0.3
2026-02-13 20:53:11 status half-installed libexpat1:amd64 2.6.1-2ubuntu0.3
2026-02-13 20:53:11 status unpacked libexpat1:amd64 2.6.1-2ubuntu0.3
2026-02-13 20:53:11 install python3.12-minimal:amd64 <none> 3.12.3-1ubuntu0.11
2026-02-13 20:53:11 status half-installed python3.12-minimal:amd64 3.12.3-1ubuntu0.11
2026-02-13 20:53:11 status unpacked python3.12-minimal:amd64 3.12.3-1ubuntu0.11
2026-02-13 20:53:11 startup packages configure
2026-02-13 20:53:11 configure libpython3.12-minimal:amd64 3.12.3-1ubuntu0.11 <none>
2026-02-13 20:53:11 status unpacked libpython3.12-minimal:amd64 3.12.3-1ubuntu0.11
2026-02-13 20:53:11 status half-configured libpython3.12-minimal:amd64 3.12.3-1ubuntu0.11
2026-02-13 20:53:11 status installed libpython3.12-minimal:amd64 3.12.3-1ubuntu0.11
2026-02-13 20:53:11 configure libexpat1:amd64 2.6.1-2ubuntu0.3 <none>
2026-02-13 20:53:11 status unpacked libexpat1:amd64 2.6.1-2ubuntu0.3
2026-02-13 20:53:11 status half-configured libexpat1:amd64 2.6.1-2ubuntu0.3
2026-02-13 20:53:11 status installed libexpat1:amd64 2.6.1-2ubuntu0.3
2026-02-13 20:53:11 configure python3.12-minimal:amd64 3.12.3-1ubuntu0.11 <none>
2026-02-13 20:53:11 status unpacked python3.12-minimal:amd64 3.12.3-1ubuntu0.11
2026-02-13 20:53:11 status half-configured python3.12-minimal:amd64 3.12.3-1ubuntu0.11
2026-02-13 20:53:12 status installed python3.12-minimal:amd64 3.12.3-1ubuntu0.11
2026-02-13 20:53:12 startup archives unpack
2026-02-13 20:53:12 install python3-minimal:amd64 <none> 3.12.3-0ubuntu2.1
2026-02-13 20:53:12 status half-installed python3-minimal:amd64 3.12.3-0ubuntu2.1
2026-02-13 20:53:12 status unpacked python3-minimal:amd64 3.12.3-0ubuntu2.1
2026-02-13 20:53:12 install media-types:all <none> 10.1.0
2026-02-13 20:53:12 status half-installed media-types:all 10.1.0
2026-02-13 20:53:12 status unpacked media-types:all 10.1.0
2026-02-13 20:53:12 install netbase:all <none> 6.4
2026-02-13 20:53:12 status half-installed netbase:all 6.4
2026-02-13 20:53:12 status unpacked netbase:all 6.4
2026-02-13 20:53:12 install tzdata:all <none> 2025b-0ubuntu0.24.04.1
2026-02-13 20:53:12 status half-installed tzdata:all 2025b-0ubuntu0.24.04.1
2026-02-13 20:53:12 status unpacked tzdata:all 2025b-0ubuntu0.24.04.1
2026-02-13 20:53:12 install readline-common:all <none> 8.2-4build1
2026-02-13 20:53:12 status half-installed readline-common:all 8.2-4build1
2026-02-13 20:53:12 status unpacked readline-common:all 8.2-4build1
2026-02-13 20:53:12 install libreadline8t64:amd64 <none> 8.2-4build1
2026-02-13 20:53:12 status half-installed libreadline8t64:amd64 8.2-4build1
2026-02-13 20:53:12 status unpacked libreadline8t64:amd64 8.2-4build1
2026-02-13 20:53:12 install libsqlite3-0:amd64 <none> 3.45.1-1ubuntu2.5
2026-02-13 20:53:12 status half-installed libsqlite3-0:amd64 3.45.1-1ubuntu2.5
2026-02-13 20:53:12 status unpacked libsqlite3-0:amd64 3.45.1-1ubuntu2.5
2026-02-13 20:53:12 install libpython3.12-stdlib:amd64 <none> 3.12.3-1ubuntu0.11
2026-02-13 20:53:12 status half-installed libpython3.12-stdlib:amd64 3.12.3-1ubuntu0.11
2026-02-13 20:53:12 status unpacked libpython3.12-stdlib:amd64 3.12.3-1ubuntu0.11
2026-02-13 20:53:12 install python3.12:amd64 <none> 3.12.3-1ubuntu0.11
2026-02-13 20:53:12 status half-installed python3.12:amd64 3.12.3-1ubuntu0.11
2026-02-13 20:53:12 status unpacked python3.12:amd64 3.12.3-1ubuntu0.11
2026-02-13 20:53:12 install libpython3-stdlib:amd64 <none> 3.12.3-0ubuntu2.1
2026-02-13 20:53:12 status half-installed libpython3-stdlib:amd64 3.12.3-0ubuntu2.1
2026-02-13 20:53:12 status unpacked libpython3-stdlib:amd64 3.12.3-0ubuntu2.1
2026-02-13 20:53:12 startup packages configure
2026-02-13 20:53:12 configure python3-minimal:amd64 3.12.3-0ubuntu2.1 <none>
2026-02-13 20:53:12 status unpacked python3-minimal:amd64 3.12.3-0ubuntu2.1
2026-02-13 20:53:12 status half-configured python3-minimal:amd64 3.12.3-0ubuntu2.1
2026-02-13 20:53:13 status installed python3-minimal:amd64 3.12.3-0ubuntu2.1
2026-02-13 20:53:13 startup archives unpack
2026-02-13 20:53:13 install python3:amd64 <none> 3.12.3-0ubuntu2.1
2026-02-13 20:53:13 status half-installed python3:amd64 3.12.3-0ubuntu2.1
2026-02-13 20:53:13 status unpacked python3:amd64 3.12.3-0ubuntu2.1
2026-02-13 20:53:13 install libapparmor1:amd64 <none> 4.0.1really4.0.1-0ubuntu0.24.04.5
2026-02-13 20:53:13 status half-installed libapparmor1:amd64 4.0.1really4.0.1-0ubuntu0.24.04.5
2026-02-13 20:53:13 status unpacked libapparmor1:amd64 4.0.1really4.0.1-0ubuntu0.24.04.5
2026-02-13 20:53:13 install libargon2-1:amd64 <none> 0~20190702+dfsg-4build1
2026-02-13 20:53:13 status half-installed libargon2-1:amd64 0~20190702+dfsg-4build1
2026-02-13 20:53:13 status unpacked libargon2-1:amd64 0~20190702+dfsg-4build1
2026-02-13 20:53:13 install libdevmapper1.02.1:amd64 <none> 2:1.02.185-3ubuntu3.2
2026-02-13 20:53:13 status half-installed libdevmapper1.02.1:amd64 2:1.02.185-3ubuntu3.2
2026-02-13 20:53:13 status unpacked libdevmapper1.02.1:amd64 2:1.02.185-3ubuntu3.2
2026-02-13 20:53:13 install libjson-c5:amd64 <none> 0.17-1build1
2026-02-13 20:53:13 status half-installed libjson-c5:amd64 0.17-1build1
2026-02-13 20:53:13 status unpacked libjson-c5:amd64 0.17-1build1
2026-02-13 20:53:13 install libcryptsetup12:amd64 <none> 2:2.7.0-1ubuntu4.2
2026-02-13 20:53:13 status half-installed libcryptsetup12:amd64 2:2.7.0-1ubuntu4.2
2026-02-13 20:53:13 status unpacked libcryptsetup12:amd64 2:2.7.0-1ubuntu4.2
2026-02-13 20:53:13 install libfdisk1:amd64 <none> 2.39.3-9ubuntu6.4
2026-02-13 20:53:13 status half-installed libfdisk1:amd64 2.39.3-9ubuntu6.4
2026-02-13 20:53:13 status unpacked libfdisk1:amd64 2.39.3-9ubuntu6.4
2026-02-13 20:53:13 install libkmod2:amd64 <none> 31+20240202-2ubuntu7.1
2026-02-13 20:53:13 status half-installed libkmod2:amd64 31+20240202-2ubuntu7.1
2026-02-13 20:53:13 status unpacked libkmod2:amd64 31+20240202-2ubuntu7.1
2026-02-13 20:53:13 install libsystemd-shared:amd64 <none> 255.4-1ubuntu8.12
2026-02-13 20:53:13 status half-installed libsystemd-shared:amd64 255.4-1ubuntu8.12
2026-02-13 20:53:13 status unpacked libsystemd-shared:amd64 255.4-1ubuntu8.12
2026-02-13 20:53:13 install systemd-dev:all <none> 255.4-1ubuntu8.12
2026-02-13 20:53:13 status half-installed systemd-dev:all 255.4-1ubuntu8.12
2026-02-13 20:53:13 status unpacked systemd-dev:all 255.4-1ubuntu8.12
2026-02-13 20:53:13 install systemd:amd64 <none> 255.4-1ubuntu8.12
2026-02-13 20:53:13 status half-installed systemd:amd64 255.4-1ubuntu8.12
2026-02-13 20:53:13 status unpacked systemd:amd64 255.4-1ubuntu8.12
2026-02-13 20:53:13 startup packages configure
2026-02-13 20:53:13 configure libapparmor1:amd64 4.0.1really4.0.1-0ubuntu0.24.04.5 <none>
2026-02-13 20:53:13 status unpacked libapparmor1:amd64 4.0.1really4.0.1-0ubuntu0.24.04.5
2026-02-13 20:53:13 status half-configured libapparmor1:amd64 4.0.1really4.0.1-0ubuntu0.24.04.5
2026-02-13 20:53:13 status installed libapparmor1:amd64 4.0.1really4.0.1-0ubuntu0.24.04.5
2026-02-13 20:53:13 configure libargon2-1:amd64 0~20190702+dfsg-4build1 <none>
2026-02-13 20:53:13 status unpacked libargon2-1:amd64 0~20190702+dfsg-4build1
2026-02-13 20:53:13 status half-configured libargon2-1:amd64 0~20190702+dfsg-4build1
2026-02-13 20:53:13 status installed libargon2-1:amd64 0~20190702+dfsg-4build1
2026-02-13 20:53:13 configure libdevmapper1.02.1:amd64 2:1.02.185-3ubuntu3.2 <none>
2026-02-13 20:53:13 status unpacked libdevmapper1.02.1:amd64 2:1.02.185-3ubuntu3.2
2026-02-13 20:53:13 status half-configured libdevmapper1.02.1:amd64 2:1.02.185-3ubuntu3.2
2026-02-13 20:53:13 status installed libdevmapper1.02.1:amd64 2:1.02.185-3ubuntu3.2
2026-02-13 20:53:13 configure libjson-c5:amd64 0.17-1build1 <none>
2026-02-13 20:53:13 status unpacked libjson-c5:amd64 0.17-1build1
2026-02-13 20:53:13 status half-configured libjson-c5:amd64 0.17-1build1
2026-02-13 20:53:13 status installed libjson-c5:amd64 0.17-1build1
2026-02-13 20:53:13 configure libcryptsetup12:amd64 2:2.7.0-1ubuntu4.2 <none>
2026-02-13 20:53:13 status unpacked libcryptsetup12:amd64 2:2.7.0-1ubuntu4.2
2026-02-13 20:53:13 status half-configured libcryptsetup12:amd64 2:2.7.0-1ubuntu4.2
2026-02-13 20:53:13 status installed libcryptsetup12:amd64 2:2.7.0-1ubuntu4.2
2026-02-13 20:53:13 configure libfdisk1:amd64 2.39.3-9ubuntu6.4 <none>
2026-02-13 20:53:13 status unpacked libfdisk1:amd64 2.39.3-9ubuntu6.4
2026-02-13 20:53:13 status half-configured libfdisk1:amd64 2.39.3-9ubuntu6.4
2026-02-13 20:53:13 status installed libfdisk1:amd64 2.39.3-9ubuntu6.4
2026-02-13 20:53:13 configure libkmod2:amd64 31+20240202-2ubuntu7.1 <none>
2026-02-13 20:53:13 status unpacked libkmod2:amd64 31+20240202-2ubuntu7.1
2026-02-13 20:53:13 status half-configured libkmod2:amd64 31+20240202-2ubuntu7.1
2026-02-13 20:53:13 status installed libkmod2:amd64 31+20240202-2ubuntu7.1
2026-02-13 20:53:13 configure libsystemd-shared:amd64 255.4-1ubuntu8.12 <none>
2026-02-13 20:53:13 status unpacked libsystemd-shared:amd64 255.4-1ubuntu8.12
2026-02-13 20:53:13 status half-configured libsystemd-shared:amd64 255.4-1ubuntu8.12
2026-02-13 20:53:13 status installed libsystemd-shared:amd64 255.4-1ubuntu8.12
2026-02-13 20:53:13 configure systemd-dev:all 255.4-1ubuntu8.12 <none>
2026-02-13 20:53:13 status unpacked systemd-dev:all 255.4-1ubuntu8.12
2026-02-13 20:53:13 status half-configured systemd-dev:all 255.4-1ubuntu8.12
2026-02-13 20:53:13 status installed systemd-dev:all 255.4-1ubuntu8.12
2026-02-13 20:53:13 configure systemd:amd64 255.4-1ubuntu8.12 <none>
2026-02-13 20:53:13 status unpacked systemd:amd64 255.4-1ubuntu8.12
2026-02-13 20:53:13 status half-configured systemd:amd64 255.4-1ubuntu8.12
2026-02-13 20:53:13 status installed systemd:amd64 255.4-1ubuntu8.12
2026-02-13 20:53:13 startup archives unpack
2026-02-13 20:53:13 install systemd-sysv:amd64 <none> 255.4-1ubuntu8.12
2026-02-13 20:53:13 status half-installed systemd-sysv:amd64 255.4-1ubuntu8.12
2026-02-13 20:53:13 status unpacked systemd-sysv:amd64 255.4-1ubuntu8.12
2026-02-13 20:53:13 install perl-modules-5.38:all <none> 5.38.2-3.2ubuntu0.2
2026-02-13 20:53:13 status half-installed perl-modules-5.38:all 5.38.2-3.2ubuntu0.2
2026-02-13 20:53:14 status unpacked perl-modules-5.38:all 5.38.2-3.2ubuntu0.2
2026-02-13 20:53:14 install libgdbm6t64:amd64 <none> 1.23-5.1build1
2026-02-13 20:53:14 status half-installed libgdbm6t64:amd64 1.23-5.1build1
2026-02-13 20:53:14 status unpacked libgdbm6t64:amd64 1.23-5.1build1
2026-02-13 20:53:14 install libgdbm-compat4t64:amd64 <none> 1.23-5.1build1
2026-02-13 20:53:14 status half-installed libgdbm-compat4t64:amd64 1.23-5.1build1
2026-02-13 20:53:14 status unpacked libgdbm-compat4t64:amd64 1.23-5.1build1
2026-02-13 20:53:14 install libperl5.38t64:amd64 <none> 5.38.2-3.2ubuntu0.2
2026-02-13 20:53:14 status half-installed libperl5.38t64:amd64 5.38.2-3.2ubuntu0.2
2026-02-13 20:53:14 status unpacked libperl5.38t64:amd64 5.38.2-3.2ubuntu0.2
2026-02-13 20:53:14 install perl:amd64 <none> 5.38.2-3.2ubuntu0.2
2026-02-13 20:53:14 status half-installed perl:amd64 5.38.2-3.2ubuntu0.2
2026-02-13 20:53:14 status unpacked perl:amd64 5.38.2-3.2ubuntu0.2
2026-02-13 20:53:14 install adduser:all <none> 3.137ubuntu1
2026-02-13 20:53:14 status half-installed adduser:all 3.137ubuntu1
2026-02-13 20:53:14 status unpacked adduser:all 3.137ubuntu1
2026-02-13 20:53:14 startup packages configure
2026-02-13 20:53:14 configure adduser:all 3.137ubuntu1 <none>
2026-02-13 20:53:14 status unpacked adduser:all 3.137ubuntu1
2026-02-13 20:53:14 status half-configured adduser:all 3.137ubuntu1
2026-02-13 20:53:14 status installed adduser:all 3.137ubuntu1
2026-02-13 20:53:14 startup archives unpack
2026-02-13 20:53:14 install libjson-perl:all <none> 4.10000-1
2026-02-13 20:53:14 status half-installed libjson-perl:all 4.10000-1
2026-02-13 20:53:14 status unpacked libjson-perl:all 4.10000-1
2026-02-13 20:53:14 install postgresql-client-common:all <none> 257build1.1
2026-02-13 20:53:14 status half-installed postgresql-client-common:all 257build1.1
2026-02-13 20:53:14 status unpacked postgresql-client-common:all 257build1.1
2026-02-13 20:53:14 install openssl:amd64 <none> 3.0.13-0ubuntu3.7
2026-02-13 20:53:14 status half-installed openssl:amd64 3.0.13-0ubuntu3.7
2026-02-13 20:53:14 status unpacked openssl:amd64 3.0.13-0ubuntu3.7
2026-02-13 20:53:14 install ssl-cert:all <none> 1.1.2ubuntu1
2026-02-13 20:53:14 status half-installed ssl-cert:all 1.1.2ubuntu1
2026-02-13 20:53:14 status unpacked ssl-cert:all 1.1.2ubuntu1
2026-02-13 20:53:14 install ucf:all <none> 3.0043+nmu1
2026-02-13 20:53:14 status half-installed ucf:all 3.0043+nmu1
2026-02-13 20:53:14 status unpacked ucf:all 3.0043+nmu1
2026-02-13 20:53:14 install postgresql-common:all <none> 257build1.1
2026-02-13 20:53:14 status half-installed postgresql-common:all 257build1.1
2026-02-13 20:53:14 status unpacked postgresql-common:all 257build1.1
2026-02-13 20:53:14 install libreoffice-style-colibre:all <none> 4:24.2.7-0ubuntu0.24.04.4
2026-02-13 20:53:14 status half-installed libreoffice-style-colibre:all 4:24.2.7-0ubuntu0.24.04.4
2026-02-13 20:53:14 status unpacked libreoffice-style-colibre:all 4:24.2.7-0ubuntu0.24.04.4
2026-02-13 20:53:14 install libreoffice-uiconfig-common:all <none> 4:24.2.7-0ubuntu0.24.04.4
2026-02-13 20:53:14 status half-installed libreoffice-uiconfig-common:all 4:24.2.7-0ubuntu0.24.04.4
2026-02-13 20:53:14 status unpacked libreoffice-uiconfig-common:all 4:24.2.7-0ubuntu0.24.04.4
2026-02-13 20:53:14 install libuno-sal3t64:amd64 <none> 4:24.2.7-0ubuntu0.24.04.4
2026-02-13 20:53:14 status half-installed libuno-sal3t64:amd64 4:24.2.7-0ubuntu0.24.04.4
2026-02-13 20:53:14 status unpacked libuno-sal3t64:amd64 4:24.2.7-0ubuntu0.24.04.4
2026-02-13 20:53:15 install libuno-salhelpergcc3-3t64:amd64 <none> 4:24.2.7-0ubuntu0.24.04.4
2026-02-13 20:53:15 status half-installed libuno-salhelpergcc3-3t64:amd64 4:24.2.7-0ubuntu0.24.04.4
2026-02-13 20:53:15 status unpacked libuno-salhelpergcc3-3t64:amd64 4:24.2.7-0ubuntu0.24.04.4
2026-02-13 20:53:15 install libuno-cppu3t64:amd64 <none> 4:24.2.7-0ubuntu0.24.04.4
2026-02-13 20:53:15 status half-installed libuno-cppu3t64:amd64 4:24.2.7-0ubuntu0.24.04.4
2026-02-13 20:53:15 status unpacked libuno-cppu3t64:amd64 4:24.2.7-0ubuntu0.24.04.4
2026-02-13 20:53:15 install uno-libs-private:amd64 <none> 4:24.2.7-0ubuntu0.24.04.4
2026-02-13 20:53:15 status half-installed uno-libs-private:amd64 4:24.2.7-0ubuntu0.24.04.4
2026-02-13 20:53:15 status unpacked uno-libs-private:amd64 4:24.2.7-0ubuntu0.24.04.4
2026-02-13 20:53:15 install libicu74:amd64 <none> 74.2-1ubuntu3.1
2026-02-13 20:53:15 status half-installed libicu74:amd64 74.2-1ubuntu3.1
2026-02-13 20:53:15 status unpacked libicu74:amd64 74.2-1ubuntu3.1
2026-02-13 20:53:15 install libxml2:amd64 <none> 2.9.14+dfsg-1.3ubuntu3.7
2026-02-13 20:53:15 status half-installed libxml2:amd64 2.9.14+dfsg-1.3ubuntu3.7
2026-02-13 20:53:15 status unpacked libxml2:amd64 2.9.14+dfsg-1.3ubuntu3.7
2026-02-13 20:53:15 install liblangtag-common:all <none> 0.6.7-1build2
2026-02-13 20:53:15 status half-installed liblangtag-common:all 0.6.7-1build2
2026-02-13 20:53:15 status unpacked liblangtag-common:all 0.6.7-1build2
2026-02-13 20:53:15 install liblangtag1:amd64 <none> 0.6.7-1build2
2026-02-13 20:53:15 status half-installed liblangtag1:amd64 0.6.7-1build2
2026-02-13 20:53:15 status unpacked liblangtag1:amd64 0.6.7-1build2
2026-02-13 20:53:15 install libuno-cppuhelpergcc3-3t64:amd64 <none> 4:24.2.7-0ubuntu0.24.04.4
2026-02-13 20:53:15 status half-installed libuno-cppuhelpergcc3-3t64:amd64 4:24.2.7-0ubuntu0.24.04.4
2026-02-13 20:53:15 status unpacked libuno-cppuhelpergcc3-3t64:amd64 4:24.2.7-0ubuntu0.24.04.4
2026-02-13 20:53:15 install libuno-purpenvhelpergcc3-3t64:amd64 <none> 4:24.2.7-0ubuntu0.24.04.4
2026-02-13 20:53:15 status half-installed libuno-purpenvhelpergcc3-3t64:amd64 4:24.2.7-0ubuntu0.24.04.4
2026-02-13 20:53:15 status unpacked libuno-purpenvhelpergcc3-3t64:amd64 4:24.2.7-0ubuntu0.24.04.4
2026-02-13 20:53:15 install ure:amd64 <none> 4:24.2.7-0ubuntu0.24.04.4
2026-02-13 20:53:15 status half-installed ure:amd64 4:24.2.7-0ubuntu0.24.04.4
2026-02-13 20:53:15 status unpacked ure:amd64 4:24.2.7-0ubuntu0.24.04.4
2026-02-13 20:53:15 install libreoffice-common:all <none> 4:24.2.7-0ubuntu0.24.04.4
2026-02-13 20:53:15 status half-installed libreoffice-common:all 4:24.2.7-0ubuntu0.24.04.4
2026-02-13 20:53:15 status unpacked libreoffice-common:all 4:24.2.7-0ubuntu0.24.04.4
2026-02-13 20:53:15 install libbrotli1:amd64 <none> 1.1.0-2build2
2026-02-13 20:53:15 status half-installed libbrotli1:amd64 1.1.0-2build2
2026-02-13 20:53:15 status unpacked libbrotli1:amd64 1.1.0-2build2
2026-02-13 20:53:15 install libpng16-16t64:amd64 <none> 1.6.43-5ubuntu0.5
2026-02-13 20:53:15 status half-installed libpng16-16t64:amd64 1.6.43-5ubuntu0.5
2026-02-13 20:53:15 status unpacked libpng16-16t64:amd64 1.6.43-5ubuntu0.5
2026-02-13 20:53:15 install libfreetype6:amd64 <none> 2.13.2+dfsg-1build3
2026-02-13 20:53:15 status half-installed libfreetype6:amd64 2.13.2+dfsg-1build3
2026-02-13 20:53:15 status unpacked libfreetype6:amd64 2.13.2+dfsg-1build3
2026-02-13 20:53:15 install fonts-dejavu-mono:all <none> 2.37-8
2026-02-13 20:53:15 status half-installed fonts-dejavu-mono:all 2.37-8
2026-02-13 20:53:15 status unpacked fonts-dejavu-mono:all 2.37-8
2026-02-13 20:53:15 install fonts-dejavu-core:all <none> 2.37-8
2026-02-13 20:53:15 status half-installed fonts-dejavu-core:all 2.37-8
2026-02-13 20:53:16 status unpacked fonts-dejavu-core:all 2.37-8
2026-02-13 20:53:16 install fontconfig-config:amd64 <none> 2.15.0-1.1ubuntu2
2026-02-13 20:53:16 status half-installed fontconfig-config:amd64 2.15.0-1.1ubuntu2
2026-02-13 20:53:16 status unpacked fontconfig-config:amd64 2.15.0-1.1ubuntu2
2026-02-13 20:53:16 install libfontconfig1:amd64 <none> 2.15.0-1.1ubuntu2
2026-02-13 20:53:16 status half-installed libfontconfig1:amd64 2.15.0-1.1ubuntu2
2026-02-13 20:53:16 status unpacked libfontconfig1:amd64 2.15.0-1.1ubuntu2
2026-02-13 20:53:16 install fontconfig:amd64 <none> 2.15.0-1.1ubuntu2
2026-02-13 20:53:16 status half-installed fontconfig:amd64 2.15.0-1.1ubuntu2
2026-02-13 20:53:16 status unpacked fontconfig:amd64 2.15.0-1.1ubuntu2
2026-02-13 20:53:16 install fonts-opensymbol:all <none> 4:102.12+LibO24.2.7-0ubuntu0.24.04.4
2026-02-13 20:53:16 status half-installed fonts-opensymbol:all 4:102.12+LibO24.2.7-0ubuntu0.24.04.4
2026-02-13 20:53:16 status unpacked fonts-opensymbol:all 4:102.12+LibO24.2.7-0ubuntu0.24.04.4
2026-02-13 20:53:16 install libabsl20220623t64:amd64 <none> 20220623.1-3.1ubuntu3.2
2026-02-13 20:53:16 status half-installed libabsl20220623t64:amd64 20220623.1-3.1ubuntu3.2
2026-02-13 20:53:16 status unpacked libabsl20220623t64:amd64 20220623.1-3.1ubuntu3.2
2026-02-13 20:53:16 install libboost-thread1.83.0:amd64 <none> 1.83.0-2.1ubuntu3.2
2026-02-13 20:53:16 status half-installed libboost-thread1.83.0:amd64 1.83.0-2.1ubuntu3.2
2026-02-13 20:53:16 status unpacked libboost-thread1.83.0:amd64 1.83.0-2.1ubuntu3.2
2026-02-13 20:53:16 install libboost-locale1.83.0:amd64 <none> 1.83.0-2.1ubuntu3.2
2026-02-13 20:53:16 status half-installed libboost-locale1.83.0:amd64 1.83.0-2.1ubuntu3.2
2026-02-13 20:53:16 status unpacked libboost-locale1.83.0:amd64 1.83.0-2.1ubuntu3.2
2026-02-13 20:53:16 install libpixman-1-0:amd64 <none> 0.42.2-1build1
2026-02-13 20:53:16 status half-installed libpixman-1-0:amd64 0.42.2-1build1
2026-02-13 20:53:16 status unpacked libpixman-1-0:amd64 0.42.2-1build1
2026-02-13 20:53:16 install libxau6:amd64 <none> 1:1.0.9-1build6
2026-02-13 20:53:16 status half-installed libxau6:amd64 1:1.0.9-1build6
2026-02-13 20:53:16 status unpacked libxau6:amd64 1:1.0.9-1build6
2026-02-13 20:53:16 install libbsd0:amd64 <none> 0.12.1-1build1.1
2026-02-13 20:53:16 status half-installed libbsd0:amd64 0.12.1-1build1.1
2026-02-13 20:53:16 status unpacked libbsd0:amd64 0.12.1-1build1.1
2026-02-13 20:53:16 install libxdmcp6:amd64 <none> 1:1.1.3-0ubuntu6
2026-02-13 20:53:16 status half-installed libxdmcp6:amd64 1:1.1.3-0ubuntu6
2026-02-13 20:53:16 status unpacked libxdmcp6:amd64 1:1.1.3-0ubuntu6
2026-02-13 20:53:16 install libxcb1:amd64 <none> 1.15-1ubuntu2
2026-02-13 20:53:16 status half-installed libxcb1:amd64 1.15-1ubuntu2
2026-02-13 20:53:16 status unpacked libxcb1:amd64 1.15-1ubuntu2
2026-02-13 20:53:16 install libx11-data:all <none> 2:1.8.7-1build1
2026-02-13 20:53:16 status half-installed libx11-data:all 2:1.8.7-1build1
2026-02-13 20:53:16 status unpacked libx11-data:all 2:1.8.7-1build1
2026-02-13 20:53:16 install libx11-6:amd64 <none> 2:1.8.7-1build1
2026-02-13 20:53:16 status half-installed libx11-6:amd64 2:1.8.7-1build1
2026-02-13 20:53:16 status unpacked libx11-6:amd64 2:1.8.7-1build1
2026-02-13 20:53:16 install libxcb-render0:amd64 <none> 1.15-1ubuntu2
2026-02-13 20:53:16 status half-installed libxcb-render0:amd64 1.15-1ubuntu2
2026-02-13 20:53:16 status unpacked libxcb-render0:amd64 1.15-1ubuntu2
2026-02-13 20:53:16 install libxcb-shm0:amd64 <none> 1.15-1ubuntu2
2026-02-13 20:53:16 status half-installed libxcb-shm0:amd64 1.15-1ubuntu2
2026-02-13 20:53:16 status unpacked libxcb-shm0:amd64 1.15-1ubuntu2
2026-02-13 20:53:16 install libxext6:amd64 <none> 2:1.3.4-1build2
2026-02-13 20:53:16 status half-installed libxext6:amd64 2:1.3.4-1build2
2026-02-13 20:53:16 status unpacked libxext6:amd64 2:1.3.4-1build2
2026-02-13 20:53:16 install libxrender1:amd64 <none> 1:0.9.10-1.1build1
2026-02-13 20:53:16 status half-installed libxrender1:amd64 1:0.9.10-1.1build1
2026-02-13 20:53:16 status unpacked libxrender1:amd64 1:0.9.10-1.1build1
2026-02-13 20:53:16 install libcairo2:amd64 <none> 1.18.0-3build1
2026-02-13 20:53:16 status half-installed libcairo2:amd64 1.18.0-3build1
2026-02-13 20:53:16 status unpacked libcairo2:amd64 1.18.0-3build1
2026-02-13 20:53:16 install libclucene-core1t64:amd64 <none> 2.3.3.4+dfsg-1.2ubuntu2
2026-02-13 20:53:16 status half-installed libclucene-core1t64:amd64 2.3.3.4+dfsg-1.2ubuntu2
2026-02-13 20:53:16 status unpacked libclucene-core1t64:amd64 2.3.3.4+dfsg-1.2ubuntu2
2026-02-13 20:53:16 install libclucene-contribs1t64:amd64 <none> 2.3.3.4+dfsg-1.2ubuntu2
2026-02-13 20:53:16 status half-installed libclucene-contribs1t64:amd64 2.3.3.4+dfsg-1.2ubuntu2
2026-02-13 20:53:16 status unpacked libclucene-contribs1t64:amd64 2.3.3.4+dfsg-1.2ubuntu2
2026-02-13 20:53:16 install libavahi-common-data:amd64 <none> 0.8-13ubuntu6.1
2026-02-13 20:53:16 status half-installed libavahi-common-data:amd64 0.8-13ubuntu6.1
2026-02-13 20:53:16 status unpacked libavahi-common-data:amd64 0.8-13ubuntu6.1
2026-02-13 20:53:17 install libavahi-common3:amd64 <none> 0.8-13ubuntu6.1
2026-02-13 20:53:17 status half-installed libavahi-common3:amd64 0.8-13ubuntu6.1
2026-02-13 20:53:17 status unpacked libavahi-common3:amd64 0.8-13ubuntu6.1
2026-02-13 20:53:17 install libdbus-1-3:amd64 <none> 1.14.10-4ubuntu4.1
2026-02-13 20:53:17 status half-installed libdbus-1-3:amd64 1.14.10-4ubuntu4.1
2026-02-13 20:53:17 status unpacked libdbus-1-3:amd64 1.14.10-4ubuntu4.1
2026-02-13 20:53:17 install libavahi-client3:amd64 <none> 0.8-13ubuntu6.1
2026-02-13 20:53:17 status half-installed libavahi-client3:amd64 0.8-13ubuntu6.1
2026-02-13 20:53:17 status unpacked libavahi-client3:amd64 0.8-13ubuntu6.1
2026-02-13 20:53:17 install libkrb5support0:amd64 <none> 1.20.1-6ubuntu2.6
2026-02-13 20:53:17 status half-installed libkrb5support0:amd64 1.20.1-6ubuntu2.6
2026-02-13 20:53:17 status unpacked libkrb5support0:amd64 1.20.1-6ubuntu2.6
2026-02-13 20:53:17 install libk5crypto3:amd64 <none> 1.20.1-6ubuntu2.6
2026-02-13 20:53:17 status half-installed libk5crypto3:amd64 1.20.1-6ubuntu2.6
2026-02-13 20:53:17 status unpacked libk5crypto3:amd64 1.20.1-6ubuntu2.6
2026-02-13 20:53:17 install libkeyutils1:amd64 <none> 1.6.3-3build1
2026-02-13 20:53:17 status half-installed libkeyutils1:amd64 1.6.3-3build1
2026-02-13 20:53:17 status unpacked libkeyutils1:amd64 1.6.3-3build1
2026-02-13 20:53:17 install libkrb5-3:amd64 <none> 1.20.1-6ubuntu2.6
2026-02-13 20:53:17 status half-installed libkrb5-3:amd64 1.20.1-6ubuntu2.6
2026-02-13 20:53:17 status unpacked libkrb5-3:amd64 1.20.1-6ubuntu2.6
2026-02-13 20:53:17 install libgssapi-krb5-2:amd64 <none> 1.20.1-6ubuntu2.6
2026-02-13 20:53:17 status half-installed libgssapi-krb5-2:amd64 1.20.1-6ubuntu2.6
2026-02-13 20:53:17 status unpacked libgssapi-krb5-2:amd64 1.20.1-6ubuntu2.6
2026-02-13 20:53:17 install libcups2t64:amd64 <none> 2.4.7-1.2ubuntu7.9
2026-02-13 20:53:17 status half-installed libcups2t64:amd64 2.4.7-1.2ubuntu7.9
2026-02-13 20:53:17 status unpacked libcups2t64:amd64 2.4.7-1.2ubuntu7.9
2026-02-13 20:53:17 install libsasl2-modules-db:amd64 <none> 2.1.28+dfsg1-5ubuntu3.1
2026-02-13 20:53:17 status half-installed libsasl2-modules-db:amd64 2.1.28+dfsg1-5ubuntu3.1
2026-02-13 20:53:17 status unpacked libsasl2-modules-db:amd64 2.1.28+dfsg1-5ubuntu3.1
2026-02-13 20:53:17 install libsasl2-2:amd64 <none> 2.1.28+dfsg1-5ubuntu3.1
2026-02-13 20:53:17 status half-installed libsasl2-2:amd64 2.1.28+dfsg1-5ubuntu3.1
2026-02-13 20:53:17 status unpacked libsasl2-2:amd64 2.1.28+dfsg1-5ubuntu3.1
2026-02-13 20:53:17 install libldap2:amd64 <none> 2.6.10+dfsg-0ubuntu0.24.04.1
2026-02-13 20:53:17 status half-installed libldap2:amd64 2.6.10+dfsg-0ubuntu0.24.04.1
2026-02-13 20:53:17 status unpacked libldap2:amd64 2.6.10+dfsg-0ubuntu0.24.04.1
2026-02-13 20:53:17 install libnghttp2-14:amd64 <none> 1.59.0-1ubuntu0.2
2026-02-13 20:53:17 status half-installed libnghttp2-14:amd64 1.59.0-1ubuntu0.2
2026-02-13 20:53:17 status unpacked libnghttp2-14:amd64 1.59.0-1ubuntu0.2
2026-02-13 20:53:17 install libpsl5t64:amd64 <none> 0.21.2-1.1build1
2026-02-13 20:53:17 status half-installed libpsl5t64:amd64 0.21.2-1.1build1
2026-02-13 20:53:17 status unpacked libpsl5t64:amd64 0.21.2-1.1build1
2026-02-13 20:53:17 install librtmp1:amd64 <none> 2.4+20151223.gitfa8646d.1-2build7
2026-02-13 20:53:17 status half-installed librtmp1:amd64 2.4+20151223.gitfa8646d.1-2build7
2026-02-13 20:53:17 status unpacked librtmp1:amd64 2.4+20151223.gitfa8646d.1-2build7
2026-02-13 20:53:17 install libssh-4:amd64 <none> 0.10.6-2ubuntu0.2
2026-02-13 20:53:17 status half-installed libssh-4:amd64 0.10.6-2ubuntu0.2
2026-02-13 20:53:17 status unpacked libssh-4:amd64 0.10.6-2ubuntu0.2
2026-02-13 20:53:17 install libcurl4t64:amd64 <none> 8.5.0-2ubuntu10.6
2026-02-13 20:53:17 status half-installed libcurl4t64:amd64 8.5.0-2ubuntu10.6
2026-02-13 20:53:17 status unpacked libcurl4t64:amd64 8.5.0-2ubuntu10.6
2026-02-13 20:53:17 install libglib2.0-0t64:amd64 <none> 2.80.0-6ubuntu3.8
2026-02-13 20:53:17 status half-installed libglib2.0-0t64:amd64 2.80.0-6ubuntu3.8
2026-02-13 20:53:17 status unpacked libglib2.0-0t64:amd64 2.80.0-6ubuntu3.8
2026-02-13 20:53:17 install libdconf1:amd64 <none> 0.40.0-4ubuntu0.1
2026-02-13 20:53:17 status half-installed libdconf1:amd64 0.40.0-4ubuntu0.1
2026-02-13 20:53:17 status unpacked libdconf1:amd64 0.40.0-4ubuntu0.1
2026-02-13 20:53:17 install libeot0:amd64 <none> 0.01-5build3
2026-02-13 20:53:17 status half-installed libeot0:amd64 0.01-5build3
2026-02-13 20:53:17 status unpacked libeot0:amd64 0.01-5build3
2026-02-13 20:53:17 install libepoxy0:amd64 <none> 1.5.10-1build1
2026-02-13 20:53:17 status half-installed libepoxy0:amd64 1.5.10-1build1
2026-02-13 20:53:17 status unpacked libepoxy0:amd64 1.5.10-1build1
2026-02-13 20:53:17 install libexttextcat-data:all <none> 3.4.7-1build1
2026-02-13 20:53:17 status half-installed libexttextcat-data:all 3.4.7-1build1
2026-02-13 20:53:17 status unpacked libexttextcat-data:all 3.4.7-1build1
2026-02-13 20:53:17 install libexttextcat-2.0-0:amd64 <none> 3.4.7-1build1
2026-02-13 20:53:17 status half-installed libexttextcat-2.0-0:amd64 3.4.7-1build1
2026-02-13 20:53:17 status unpacked libexttextcat-2.0-0:amd64 3.4.7-1build1
2026-02-13 20:53:17 install gpgconf:amd64 <none> 2.4.4-2ubuntu17.4
2026-02-13 20:53:17 status half-installed gpgconf:amd64 2.4.4-2ubuntu17.4
2026-02-13 20:53:17 status unpacked gpgconf:amd64 2.4.4-2ubuntu17.4
2026-02-13 20:53:17 install libksba8:amd64 <none> 1.6.6-1build1
2026-02-13 20:53:17 status half-installed libksba8:amd64 1.6.6-1build1
2026-02-13 20:53:17 status unpacked libksba8:amd64 1.6.6-1build1
2026-02-13 20:53:17 install dirmngr:amd64 <none> 2.4.4-2ubuntu17.4
2026-02-13 20:53:17 status half-installed dirmngr:amd64 2.4.4-2ubuntu17.4
2026-02-13 20:53:17 status unpacked dirmngr:amd64 2.4.4-2ubuntu17.4
2026-02-13 20:53:17 install gnupg-utils:amd64 <none> 2.4.4-2ubuntu17.4
2026-02-13 20:53:17 status half-installed gnupg-utils:amd64 2.4.4-2ubuntu17.4
2026-02-13 20:53:17 status unpacked gnupg-utils:amd64 2.4.4-2ubuntu17.4
2026-02-13 20:53:17 install gpg:amd64 <none> 2.4.4-2ubuntu17.4
2026-02-13 20:53:17 status half-installed gpg:amd64 2.4.4-2ubuntu17.4
2026-02-13 20:53:17 status unpacked gpg:amd64 2.4.4-2ubuntu17.4
2026-02-13 20:53:18 install pinentry-curses:amd64 <none> 1.2.1-3ubuntu5
2026-02-13 20:53:18 status half-installed pinentry-curses:amd64 1.2.1-3ubuntu5
2026-02-13 20:53:18 status unpacked pinentry-curses:amd64 1.2.1-3ubuntu5
2026-02-13 20:53:18 install gpg-agent:amd64 <none> 2.4.4-2ubuntu17.4
2026-02-13 20:53:18 status half-installed gpg-agent:amd64 2.4.4-2ubuntu17.4
2026-02-13 20:53:18 status unpacked gpg-agent:amd64 2.4.4-2ubuntu17.4
2026-02-13 20:53:18 install gpgsm:amd64 <none> 2.4.4-2ubuntu17.4
2026-02-13 20:53:18 status half-installed gpgsm:amd64 2.4.4-2ubuntu17.4
2026-02-13 20:53:18 status unpacked gpgsm:amd64 2.4.4-2ubuntu17.4
2026-02-13 20:53:18 install keyboxd:amd64 <none> 2.4.4-2ubuntu17.4
2026-02-13 20:53:18 status half-installed keyboxd:amd64 2.4.4-2ubuntu17.4
2026-02-13 20:53:18 status unpacked keyboxd:amd64 2.4.4-2ubuntu17.4
2026-02-13 20:53:18 install gnupg:all <none> 2.4.4-2ubuntu17.4
2026-02-13 20:53:18 status half-installed gnupg:all 2.4.4-2ubuntu17.4
2026-02-13 20:53:18 status unpacked gnupg:all 2.4.4-2ubuntu17.4
2026-02-13 20:53:18 install libgpgme11t64:amd64 <none> 1.18.0-4.1ubuntu4
2026-02-13 20:53:18 status half-installed libgpgme11t64:amd64 1.18.0-4.1ubuntu4
2026-02-13 20:53:18 status unpacked libgpgme11t64:amd64 1.18.0-4.1ubuntu4
2026-02-13 20:53:18 install libgpgmepp6t64:amd64 <none> 1.18.0-4.1ubuntu4
2026-02-13 20:53:18 status half-installed libgpgmepp6t64:amd64 1.18.0-4.1ubuntu4
2026-02-13 20:53:18 status unpacked libgpgmepp6t64:amd64 1.18.0-4.1ubuntu4
2026-02-13 20:53:18 install libgraphite2-3:amd64 <none> 1.3.14-2build1
2026-02-13 20:53:18 status half-installed libgraphite2-3:amd64 1.3.14-2build1
2026-02-13 20:53:18 status unpacked libgraphite2-3:amd64 1.3.14-2build1
2026-02-13 20:53:18 install libdrm-common:all <none> 2.4.125-1ubuntu0.1~24.04.1
2026-02-13 20:53:18 status half-installed libdrm-common:all 2.4.125-1ubuntu0.1~24.04.1
2026-02-13 20:53:18 status unpacked libdrm-common:all 2.4.125-1ubuntu0.1~24.04.1
2026-02-13 20:53:18 install libdrm2:amd64 <none> 2.4.125-1ubuntu0.1~24.04.1
2026-02-13 20:53:18 status half-installed libdrm2:amd64 2.4.125-1ubuntu0.1~24.04.1
2026-02-13 20:53:18 status unpacked libdrm2:amd64 2.4.125-1ubuntu0.1~24.04.1
2026-02-13 20:53:18 install libelf1t64:amd64 <none> 0.190-1.1ubuntu0.1
2026-02-13 20:53:18 status half-installed libelf1t64:amd64 0.190-1.1ubuntu0.1
2026-02-13 20:53:18 status unpacked libelf1t64:amd64 0.190-1.1ubuntu0.1
2026-02-13 20:53:18 install libdw1t64:amd64 <none> 0.190-1.1ubuntu0.1
2026-02-13 20:53:18 status half-installed libdw1t64:amd64 0.190-1.1ubuntu0.1
2026-02-13 20:53:18 status unpacked libdw1t64:amd64 0.190-1.1ubuntu0.1
2026-02-13 20:53:18 install libunwind8:amd64 <none> 1.6.2-3build1.1
2026-02-13 20:53:18 status half-installed libunwind8:amd64 1.6.2-3build1.1
2026-02-13 20:53:18 status unpacked libunwind8:amd64 1.6.2-3build1.1
2026-02-13 20:53:18 install libcap2-bin:amd64 <none> 1:2.66-5ubuntu2.2
2026-02-13 20:53:18 status half-installed libcap2-bin:amd64 1:2.66-5ubuntu2.2
2026-02-13 20:53:18 status unpacked libcap2-bin:amd64 1:2.66-5ubuntu2.2
2026-02-13 20:53:18 install libgstreamer1.0-0:amd64 <none> 1.24.2-1ubuntu0.1
2026-02-13 20:53:18 status half-installed libgstreamer1.0-0:amd64 1.24.2-1ubuntu0.1
2026-02-13 20:53:18 status unpacked libgstreamer1.0-0:amd64 1.24.2-1ubuntu0.1
2026-02-13 20:53:18 install liborc-0.4-0t64:amd64 <none> 1:0.4.38-1ubuntu0.1
2026-02-13 20:53:18 status half-installed liborc-0.4-0t64:amd64 1:0.4.38-1ubuntu0.1
2026-02-13 20:53:18 status unpacked liborc-0.4-0t64:amd64 1:0.4.38-1ubuntu0.1
2026-02-13 20:53:18 install iso-codes:all <none> 4.16.0-1
2026-02-13 20:53:18 status half-installed iso-codes:all 4.16.0-1
2026-02-13 20:53:18 status unpacked iso-codes:all 4.16.0-1
2026-02-13 20:53:18 install libgstreamer-plugins-base1.0-0:amd64 <none> 1.24.2-1ubuntu0.3
2026-02-13 20:53:18 status half-installed libgstreamer-plugins-base1.0-0:amd64 1.24.2-1ubuntu0.3
2026-02-13 20:53:18 status unpacked libgstreamer-plugins-base1.0-0:amd64 1.24.2-1ubuntu0.3
2026-02-13 20:53:18 install libharfbuzz0b:amd64 <none> 8.3.0-2build2
2026-02-13 20:53:18 status half-installed libharfbuzz0b:amd64 8.3.0-2build2
2026-02-13 20:53:18 status unpacked libharfbuzz0b:amd64 8.3.0-2build2
2026-02-13 20:53:18 install libharfbuzz-icu0:amd64 <none> 8.3.0-2build2
2026-02-13 20:53:18 status half-installed libharfbuzz-icu0:amd64 8.3.0-2build2
2026-02-13 20:53:18 status unpacked libharfbuzz-icu0:amd64 8.3.0-2build2
2026-02-13 20:53:18 install libhunspell-1.7-0:amd64 <none> 1.7.2+really1.7.2-10build3
2026-02-13 20:53:18 status half-installed libhunspell-1.7-0:amd64 1.7.2+really1.7.2-10build3
2026-02-13 20:53:18 status unpacked libhunspell-1.7-0:amd64 1.7.2+really1.7.2-10build3
2026-02-13 20:53:18 install libhyphen0:amd64 <none> 2.8.8-7build3
2026-02-13 20:53:18 status half-installed libhyphen0:amd64 2.8.8-7build3
2026-02-13 20:53:18 status unpacked libhyphen0:amd64 2.8.8-7build3
2026-02-13 20:53:18 install x11-common:all <none> 1:7.7+23ubuntu3
2026-02-13 20:53:18 status half-installed x11-common:all 1:7.7+23ubuntu3
2026-02-13 20:53:18 status unpacked x11-common:all 1:7.7+23ubuntu3
2026-02-13 20:53:18 install libice6:amd64 <none> 2:1.0.10-1build3
2026-02-13 20:53:18 status half-installed libice6:amd64 2:1.0.10-1build3
2026-02-13 20:53:18 status unpacked libice6:amd64 2:1.0.10-1build3
2026-02-13 20:53:18 install libjpeg-turbo8:amd64 <none> 2.1.5-2ubuntu2
2026-02-13 20:53:18 status half-installed libjpeg-turbo8:amd64 2.1.5-2ubuntu2
2026-02-13 20:53:18 status unpacked libjpeg-turbo8:amd64 2.1.5-2ubuntu2
2026-02-13 20:53:18 install libjpeg8:amd64 <none> 8c-2ubuntu11
2026-02-13 20:53:18 status half-installed libjpeg8:amd64 8c-2ubuntu11
2026-02-13 20:53:18 status unpacked libjpeg8:amd64 8c-2ubuntu11
2026-02-13 20:53:19 install liblcms2-2:amd64 <none> 2.14-2build1
2026-02-13 20:53:19 status half-installed liblcms2-2:amd64 2.14-2build1
2026-02-13 20:53:19 status unpacked liblcms2-2:amd64 2.14-2build1
2026-02-13 20:53:19 install libmythes-1.2-0:amd64 <none> 2:1.2.5-1build1
2026-02-13 20:53:19 status half-installed libmythes-1.2-0:amd64 2:1.2.5-1build1
2026-02-13 20:53:19 status unpacked libmythes-1.2-0:amd64 2:1.2.5-1build1
2026-02-13 20:53:19 install libnspr4:amd64 <none> 2:4.35-1.1build1
2026-02-13 20:53:19 status half-installed libnspr4:amd64 2:4.35-1.1build1
2026-02-13 20:53:19 status unpacked libnspr4:amd64 2:4.35-1.1build1
2026-02-13 20:53:19 install libnss3:amd64 <none> 2:3.98-1build1
2026-02-13 20:53:19 status half-installed libnss3:amd64 2:3.98-1build1
2026-02-13 20:53:19 status unpacked libnss3:amd64 2:3.98-1build1
2026-02-13 20:53:19 install libopenjp2-7:amd64 <none> 2.5.0-2ubuntu0.4
2026-02-13 20:53:19 status half-installed libopenjp2-7:amd64 2.5.0-2ubuntu0.4
2026-02-13 20:53:19 status unpacked libopenjp2-7:amd64 2.5.0-2ubuntu0.4
2026-02-13 20:53:19 install libboost-iostreams1.83.0:amd64 <none> 1.83.0-2.1ubuntu3.2
2026-02-13 20:53:19 status half-installed libboost-iostreams1.83.0:amd64 1.83.0-2.1ubuntu3.2
2026-02-13 20:53:19 status unpacked libboost-iostreams1.83.0:amd64 1.83.0-2.1ubuntu3.2
2026-02-13 20:53:19 install liborcus-parser-0.18-0:amd64 <none> 0.19.2-3build3
2026-02-13 20:53:19 status half-installed liborcus-parser-0.18-0:amd64 0.19.2-3build3
2026-02-13 20:53:19 status unpacked liborcus-parser-0.18-0:amd64 0.19.2-3build3
2026-02-13 20:53:19 install liborcus-0.18-0:amd64 <none> 0.19.2-3build3
2026-02-13 20:53:19 status half-installed liborcus-0.18-0:amd64 0.19.2-3build3
2026-02-13 20:53:19 status unpacked liborcus-0.18-0:amd64 0.19.2-3build3
2026-02-13 20:53:19 install libcurl3t64-gnutls:amd64 <none> 8.5.0-2ubuntu10.6
2026-02-13 20:53:19 status half-installed libcurl3t64-gnutls:amd64 8.5.0-2ubuntu10.6
2026-02-13 20:53:19 status unpacked libcurl3t64-gnutls:amd64 8.5.0-2ubuntu10.6
2026-02-13 20:53:19 install libdeflate0:amd64 <none> 1.19-1build1.1
2026-02-13 20:53:19 status half-installed libdeflate0:amd64 1.19-1build1.1
2026-02-13 20:53:19 status unpacked libdeflate0:amd64 1.19-1build1.1
2026-02-13 20:53:19 install libjbig0:amd64 <none> 2.1-6.1ubuntu2
2026-02-13 20:53:19 status half-installed libjbig0:amd64 2.1-6.1ubuntu2
2026-02-13 20:53:19 status unpacked libjbig0:amd64 2.1-6.1ubuntu2
2026-02-13 20:53:19 install liblerc4:amd64 <none> 4.0.0+ds-4ubuntu2
2026-02-13 20:53:19 status half-installed liblerc4:amd64 4.0.0+ds-4ubuntu2
2026-02-13 20:53:19 status unpacked liblerc4:amd64 4.0.0+ds-4ubuntu2
2026-02-13 20:53:19 install libsharpyuv0:amd64 <none> 1.3.2-0.4build3
2026-02-13 20:53:19 status half-installed libsharpyuv0:amd64 1.3.2-0.4build3
2026-02-13 20:53:19 status unpacked libsharpyuv0:amd64 1.3.2-0.4build3
2026-02-13 20:53:19 install libwebp7:amd64 <none> 1.3.2-0.4build3
2026-02-13 20:53:19 status half-installed libwebp7:amd64 1.3.2-0.4build3
2026-02-13 20:53:19 status unpacked libwebp7:amd64 1.3.2-0.4build3
2026-02-13 20:53:19 install libtiff6:amd64 <none> 4.5.1+git230720-4ubuntu2.4
2026-02-13 20:53:19 status half-installed libtiff6:amd64 4.5.1+git230720-4ubuntu2.4
2026-02-13 20:53:19 status unpacked libtiff6:amd64 4.5.1+git230720-4ubuntu2.4
2026-02-13 20:53:19 install libpoppler134:amd64 <none> 24.02.0-1ubuntu9.8
2026-02-13 20:53:19 status half-installed libpoppler134:amd64 24.02.0-1ubuntu9.8
2026-02-13 20:53:19 status unpacked libpoppler134:amd64 24.02.0-1ubuntu9.8
2026-02-13 20:53:19 install libxslt1.1:amd64 <none> 1.1.39-0exp1ubuntu0.24.04.3
2026-02-13 20:53:19 status half-installed libxslt1.1:amd64 1.1.39-0exp1ubuntu0.24.04.3
2026-02-13 20:53:19 status unpacked libxslt1.1:amd64 1.1.39-0exp1ubuntu0.24.04.3
2026-02-13 20:53:19 install libyajl2:amd64 <none> 2.1.0-5build1
2026-02-13 20:53:19 status half-installed libyajl2:amd64 2.1.0-5build1
2026-02-13 20:53:19 status unpacked libyajl2:amd64 2.1.0-5build1
2026-02-13 20:53:19 install libraptor2-0:amd64 <none> 2.0.16-3ubuntu0.1
2026-02-13 20:53:19 status half-installed libraptor2-0:amd64 2.0.16-3ubuntu0.1
2026-02-13 20:53:19 status unpacked libraptor2-0:amd64 2.0.16-3ubuntu0.1
2026-02-13 20:53:19 install libltdl7:amd64 <none> 2.4.7-7build1
2026-02-13 20:53:19 status half-installed libltdl7:amd64 2.4.7-7build1
2026-02-13 20:53:19 status unpacked libltdl7:amd64 2.4.7-7build1
2026-02-13 20:53:19 install libmhash2:amd64 <none> 0.9.9.9-9build3
2026-02-13 20:53:19 status half-installed libmhash2:amd64 0.9.9.9-9build3
2026-02-13 20:53:19 status unpacked libmhash2:amd64 0.9.9.9-9build3
2026-02-13 20:53:19 install librasqal3t64:amd64 <none> 0.9.33-2.1build1
2026-02-13 20:53:19 status half-installed librasqal3t64:amd64 0.9.33-2.1build1
2026-02-13 20:53:19 status unpacked librasqal3t64:amd64 0.9.33-2.1build1
2026-02-13 20:53:19 install librdf0t64:amd64 <none> 1.0.17-3.1ubuntu3
2026-02-13 20:53:19 status half-installed librdf0t64:amd64 1.0.17-3.1ubuntu3
2026-02-13 20:53:19 status unpacked librdf0t64:amd64 1.0.17-3.1ubuntu3
2026-02-13 20:53:19 install librevenge-0.0-0:amd64 <none> 0.0.5-3build1
2026-02-13 20:53:19 status half-installed librevenge-0.0-0:amd64 0.0.5-3build1
2026-02-13 20:53:19 status unpacked librevenge-0.0-0:amd64 0.0.5-3build1
2026-02-13 20:53:19 install libsm6:amd64 <none> 2:1.2.3-1build3
2026-02-13 20:53:19 status half-installed libsm6:amd64 2:1.2.3-1build3
2026-02-13 20:53:19 status unpacked libsm6:amd64 2:1.2.3-1build3
2026-02-13 20:53:19 install libx11-xcb1:amd64 <none> 2:1.8.7-1build1
2026-02-13 20:53:19 status half-installed libx11-xcb1:amd64 2:1.8.7-1build1
2026-02-13 20:53:19 status unpacked libx11-xcb1:amd64 2:1.8.7-1build1
2026-02-13 20:53:19 install libxinerama1:amd64 <none> 2:1.1.4-3build1
2026-02-13 20:53:19 status half-installed libxinerama1:amd64 2:1.1.4-3build1
2026-02-13 20:53:19 status unpacked libxinerama1:amd64 2:1.1.4-3build1
2026-02-13 20:53:19 install libxmlsec1t64:amd64 <none> 1.2.39-5build2
2026-02-13 20:53:19 status half-installed libxmlsec1t64:amd64 1.2.39-5build2
2026-02-13 20:53:19 status unpacked libxmlsec1t64:amd64 1.2.39-5build2
2026-02-13 20:53:19 install libxmlsec1t64-nss:amd64 <none> 1.2.39-5build2
2026-02-13 20:53:19 status half-installed libxmlsec1t64-nss:amd64 1.2.39-5build2
2026-02-13 20:53:19 status unpacked libxmlsec1t64-nss:amd64 1.2.39-5build2
2026-02-13 20:53:19 install libxrandr2:amd64 <none> 2:1.5.2-2build1
2026-02-13 20:53:19 status half-installed libxrandr2:amd64 2:1.5.2-2build1
2026-02-13 20:53:19 status unpacked libxrandr2:amd64 2:1.5.2-2build1
2026-02-13 20:53:19 install libreoffice-core:amd64 <none> 4:24.2.7-0ubuntu0.24.04.4
2026-02-13 20:53:19 status half-installed libreoffice-core:amd64 4:24.2.7-0ubuntu0.24.04.4
2026-02-13 20:53:20 status unpacked libreoffice-core:amd64 4:24.2.7-0ubuntu0.24.04.4
2026-02-13 20:53:20 install libpython3.12t64:amd64 <none> 3.12.3-1ubuntu0.11
2026-02-13 20:53:20 status half-installed libpython3.12t64:amd64 3.12.3-1ubuntu0.11
2026-02-13 20:53:20 status unpacked libpython3.12t64:amd64 3.12.3-1ubuntu0.11
2026-02-13 20:53:20 startup packages configure
2026-02-13 20:53:20 configure ucf:all 3.0043+nmu1 <none>
2026-02-13 20:53:20 status unpacked ucf:all 3.0043+nmu1
2026-02-13 20:53:20 status half-configured ucf:all 3.0043+nmu1
2026-02-13 20:53:20 status installed ucf:all 3.0043+nmu1
2026-02-13 20:53:20 startup archives unpack
2026-02-13 20:53:20 install python3-uno:amd64 <none> 4:24.2.7-0ubuntu0.24.04.4
2026-02-13 20:53:20 status half-installed python3-uno:amd64 4:24.2.7-0ubuntu0.24.04.4
2026-02-13 20:53:20 status unpacked python3-uno:amd64 4:24.2.7-0ubuntu0.24.04.4
2026-02-13 20:53:20 install libatomic1:amd64 <none> 14.2.0-4ubuntu2~24.04
2026-02-13 20:53:20 status half-installed libatomic1:amd64 14.2.0-4ubuntu2~24.04
2026-02-13 20:53:20 status unpacked libatomic1:amd64 14.2.0-4ubuntu2~24.04
2026-02-13 20:53:20 install libjemalloc2:amd64 <none> 5.3.0-2build1
2026-02-13 20:53:20 status half-installed libjemalloc2:amd64 5.3.0-2build1
2026-02-13 20:53:20 status unpacked libjemalloc2:amd64 5.3.0-2build1
2026-02-13 20:53:20 install liblzf1:amd64 <none> 3.6-4
2026-02-13 20:53:20 status half-installed liblzf1:amd64 3.6-4
2026-02-13 20:53:20 status unpacked liblzf1:amd64 3.6-4
2026-02-13 20:53:20 install redis-tools:amd64 <none> 5:7.0.15-1ubuntu0.24.04.2
2026-02-13 20:53:20 status half-installed redis-tools:amd64 5:7.0.15-1ubuntu0.24.04.2
2026-02-13 20:53:20 status unpacked redis-tools:amd64 5:7.0.15-1ubuntu0.24.04.2
2026-02-13 20:53:20 install redis-server:amd64 <none> 5:7.0.15-1ubuntu0.24.04.2
2026-02-13 20:53:20 status half-installed redis-server:amd64 5:7.0.15-1ubuntu0.24.04.2
2026-02-13 20:53:21 status unpacked redis-server:amd64 5:7.0.15-1ubuntu0.24.04.2
2026-02-13 20:53:21 install sgml-base:all <none> 1.31
2026-02-13 20:53:21 status half-installed sgml-base:all 1.31
2026-02-13 20:53:21 status unpacked sgml-base:all 1.31
2026-02-13 20:53:21 install ca-certificates:all <none> 20240203
2026-02-13 20:53:21 status half-installed ca-certificates:all 20240203
2026-02-13 20:53:21 status unpacked ca-certificates:all 20240203
2026-02-13 20:53:21 install dbus-bin:amd64 <none> 1.14.10-4ubuntu4.1
2026-02-13 20:53:21 status half-installed dbus-bin:amd64 1.14.10-4ubuntu4.1
2026-02-13 20:53:21 status unpacked dbus-bin:amd64 1.14.10-4ubuntu4.1
2026-02-13 20:53:21 install dbus-session-bus-common:all <none> 1.14.10-4ubuntu4.1
2026-02-13 20:53:21 status half-installed dbus-session-bus-common:all 1.14.10-4ubuntu4.1
2026-02-13 20:53:21 status unpacked dbus-session-bus-common:all 1.14.10-4ubuntu4.1
2026-02-13 20:53:21 install dbus-daemon:amd64 <none> 1.14.10-4ubuntu4.1
2026-02-13 20:53:21 status half-installed dbus-daemon:amd64 1.14.10-4ubuntu4.1
2026-02-13 20:53:21 status unpacked dbus-daemon:amd64 1.14.10-4ubuntu4.1
2026-02-13 20:53:21 install dbus-system-bus-common:all <none> 1.14.10-4ubuntu4.1
2026-02-13 20:53:21 status half-installed dbus-system-bus-common:all 1.14.10-4ubuntu4.1
2026-02-13 20:53:21 status unpacked dbus-system-bus-common:all 1.14.10-4ubuntu4.1
2026-02-13 20:53:21 install dbus:amd64 <none> 1.14.10-4ubuntu4.1
2026-02-13 20:53:21 status half-installed dbus:amd64 1.14.10-4ubuntu4.1
2026-02-13 20:53:21 status unpacked dbus:amd64 1.14.10-4ubuntu4.1
2026-02-13 20:53:21 install distro-info-data:all <none> 0.60ubuntu0.5
2026-02-13 20:53:21 status half-installed distro-info-data:all 0.60ubuntu0.5
2026-02-13 20:53:21 status unpacked distro-info-data:all 0.60ubuntu0.5
2026-02-13 20:53:21 install gir1.2-glib-2.0:amd64 <none> 2.80.0-6ubuntu3.8
2026-02-13 20:53:21 status half-installed gir1.2-glib-2.0:amd64 2.80.0-6ubuntu3.8
2026-02-13 20:53:21 status unpacked gir1.2-glib-2.0:amd64 2.80.0-6ubuntu3.8
2026-02-13 20:53:21 install libgirepository-1.0-1:amd64 <none> 1.80.1-1
2026-02-13 20:53:21 status half-installed libgirepository-1.0-1:amd64 1.80.1-1
2026-02-13 20:53:21 status unpacked libgirepository-1.0-1:amd64 1.80.1-1
2026-02-13 20:53:21 install gir1.2-girepository-2.0:amd64 <none> 1.80.1-1
2026-02-13 20:53:21 status half-installed gir1.2-girepository-2.0:amd64 1.80.1-1
2026-02-13 20:53:21 status unpacked gir1.2-girepository-2.0:amd64 1.80.1-1
2026-02-13 20:53:21 install less:amd64 <none> 590-2ubuntu2.1
2026-02-13 20:53:21 status half-installed less:amd64 590-2ubuntu2.1
2026-02-13 20:53:21 status unpacked less:amd64 590-2ubuntu2.1
2026-02-13 20:53:21 install libglib2.0-data:all <none> 2.80.0-6ubuntu3.8
2026-02-13 20:53:21 status half-installed libglib2.0-data:all 2.80.0-6ubuntu3.8
2026-02-13 20:53:21 status unpacked libglib2.0-data:all 2.80.0-6ubuntu3.8
2026-02-13 20:53:21 install libpam-systemd:amd64 <none> 255.4-1ubuntu8.12
2026-02-13 20:53:21 status half-installed libpam-systemd:amd64 255.4-1ubuntu8.12
2026-02-13 20:53:21 status unpacked libpam-systemd:amd64 255.4-1ubuntu8.12
2026-02-13 20:53:21 install libtirpc-common:all <none> 1.3.4+ds-1.1build1
2026-02-13 20:53:21 status half-installed libtirpc-common:all 1.3.4+ds-1.1build1
2026-02-13 20:53:21 status unpacked libtirpc-common:all 1.3.4+ds-1.1build1
2026-02-13 20:53:21 install libtirpc3t64:amd64 <none> 1.3.4+ds-1.1build1
2026-02-13 20:53:21 status half-installed libtirpc3t64:amd64 1.3.4+ds-1.1build1
2026-02-13 20:53:21 status unpacked libtirpc3t64:amd64 1.3.4+ds-1.1build1
2026-02-13 20:53:21 install libyaml-0-2:amd64 <none> 0.2.5-1build1
2026-02-13 20:53:21 status half-installed libyaml-0-2:amd64 0.2.5-1build1
2026-02-13 20:53:21 status unpacked libyaml-0-2:amd64 0.2.5-1build1
2026-02-13 20:53:21 install locales:all <none> 2.39-0ubuntu8.7
2026-02-13 20:53:21 status half-installed locales:all 2.39-0ubuntu8.7
2026-02-13 20:53:21 status unpacked locales:all 2.39-0ubuntu8.7
2026-02-13 20:53:21 install lsb-release:all <none> 12.0-2
2026-02-13 20:53:21 status half-installed lsb-release:all 12.0-2
2026-02-13 20:53:21 status unpacked lsb-release:all 12.0-2
2026-02-13 20:53:22 install netcat-openbsd:amd64 <none> 1.226-1ubuntu2
2026-02-13 20:53:22 status half-installed netcat-openbsd:amd64 1.226-1ubuntu2
2026-02-13 20:53:22 status unpacked netcat-openbsd:amd64 1.226-1ubuntu2
2026-02-13 20:53:22 install python-apt-common:all <none> 2.7.7ubuntu5.2
2026-02-13 20:53:22 status half-installed python-apt-common:all 2.7.7ubuntu5.2
2026-02-13 20:53:22 status unpacked python-apt-common:all 2.7.7ubuntu5.2
2026-02-13 20:53:22 install python3-apt:amd64 <none> 2.7.7ubuntu5.2
2026-02-13 20:53:22 status half-installed python3-apt:amd64 2.7.7ubuntu5.2
2026-02-13 20:53:22 status unpacked python3-apt:amd64 2.7.7ubuntu5.2
2026-02-13 20:53:22 install python3-cffi-backend:amd64 <none> 1.16.0-2build1
2026-02-13 20:53:22 status half-installed python3-cffi-backend:amd64 1.16.0-2build1
2026-02-13 20:53:22 status unpacked python3-cffi-backend:amd64 1.16.0-2build1
2026-02-13 20:53:22 install python3-dbus:amd64 <none> 1.3.2-5build3
2026-02-13 20:53:22 status half-installed python3-dbus:amd64 1.3.2-5build3
2026-02-13 20:53:22 status unpacked python3-dbus:amd64 1.3.2-5build3
2026-02-13 20:53:22 install python3-gi:amd64 <none> 3.48.2-1
2026-02-13 20:53:22 status half-installed python3-gi:amd64 3.48.2-1
2026-02-13 20:53:22 status unpacked python3-gi:amd64 3.48.2-1
2026-02-13 20:53:22 install python3-pkg-resources:all <none> 68.1.2-2ubuntu1.2
2026-02-13 20:53:22 status half-installed python3-pkg-resources:all 68.1.2-2ubuntu1.2
2026-02-13 20:53:22 status unpacked python3-pkg-resources:all 68.1.2-2ubuntu1.2
2026-02-13 20:53:22 install python3-yaml:amd64 <none> 6.0.1-2build2
2026-02-13 20:53:22 status half-installed python3-yaml:amd64 6.0.1-2build2
2026-02-13 20:53:22 status unpacked python3-yaml:amd64 6.0.1-2build2
2026-02-13 20:53:22 install sudo:amd64 <none> 1.9.15p5-3ubuntu5.24.04.1
2026-02-13 20:53:22 status half-installed sudo:amd64 1.9.15p5-3ubuntu5.24.04.1
2026-02-13 20:53:22 status unpacked sudo:amd64 1.9.15p5-3ubuntu5.24.04.1
2026-02-13 20:53:22 install vim-common:all <none> 2:9.1.0016-1ubuntu7.9
2026-02-13 20:53:22 status half-installed vim-common:all 2:9.1.0016-1ubuntu7.9
2026-02-13 20:53:22 status unpacked vim-common:all 2:9.1.0016-1ubuntu7.9
2026-02-13 20:53:22 install libmagic-mgc:amd64 <none> 1:5.45-3build1
2026-02-13 20:53:22 status half-installed libmagic-mgc:amd64 1:5.45-3build1
2026-02-13 20:53:22 status unpacked libmagic-mgc:amd64 1:5.45-3build1
2026-02-13 20:53:22 install libmagic1t64:amd64 <none> 1:5.45-3build1
2026-02-13 20:53:22 status half-installed libmagic1t64:amd64 1:5.45-3build1
2026-02-13 20:53:22 status unpacked libmagic1t64:amd64 1:5.45-3build1
2026-02-13 20:53:22 install file:amd64 <none> 1:5.45-3build1
2026-02-13 20:53:22 status half-installed file:amd64 1:5.45-3build1
2026-02-13 20:53:22 status unpacked file:amd64 1:5.45-3build1
2026-02-13 20:53:22 install libedit2:amd64 <none> 3.1-20230828-1build1
2026-02-13 20:53:22 status half-installed libedit2:amd64 3.1-20230828-1build1
2026-02-13 20:53:22 status unpacked libedit2:amd64 3.1-20230828-1build1
2026-02-13 20:53:22 install libgpm2:amd64 <none> 1.20.7-11
2026-02-13 20:53:22 status half-installed libgpm2:amd64 1.20.7-11
2026-02-13 20:53:22 status unpacked libgpm2:amd64 1.20.7-11
2026-02-13 20:53:22 install libjansson4:amd64 <none> 2.14-2build2
2026-02-13 20:53:22 status half-installed libjansson4:amd64 2.14-2build2
2026-02-13 20:53:22 status unpacked libjansson4:amd64 2.14-2build2
2026-02-13 20:53:22 install libncurses6:amd64 <none> 6.4+20240113-1ubuntu2
2026-02-13 20:53:22 status half-installed libncurses6:amd64 6.4+20240113-1ubuntu2
2026-02-13 20:53:22 status unpacked libncurses6:amd64 6.4+20240113-1ubuntu2
2026-02-13 20:53:22 install libsensors-config:all <none> 1:3.6.0-9build1
2026-02-13 20:53:22 status half-installed libsensors-config:all 1:3.6.0-9build1
2026-02-13 20:53:22 status unpacked libsensors-config:all 1:3.6.0-9build1
2026-02-13 20:53:22 install libsensors5:amd64 <none> 1:3.6.0-9build1
2026-02-13 20:53:22 status half-installed libsensors5:amd64 1:3.6.0-9build1
2026-02-13 20:53:22 status unpacked libsensors5:amd64 1:3.6.0-9build1
2026-02-13 20:53:22 install libuv1t64:amd64 <none> 1.48.0-1.1build1
2026-02-13 20:53:22 status half-installed libuv1t64:amd64 1.48.0-1.1build1
2026-02-13 20:53:22 status unpacked libuv1t64:amd64 1.48.0-1.1build1
2026-02-13 20:53:22 install lsof:amd64 <none> 4.95.0-1build3
2026-02-13 20:53:22 status half-installed lsof:amd64 4.95.0-1build3
2026-02-13 20:53:22 status unpacked lsof:amd64 4.95.0-1build3
2026-02-13 20:53:22 install nano:amd64 <none> 7.2-2ubuntu0.1
2026-02-13 20:53:22 status half-installed nano:amd64 7.2-2ubuntu0.1
2026-02-13 20:53:22 status unpacked nano:amd64 7.2-2ubuntu0.1
2026-02-13 20:53:22 install strace:amd64 <none> 6.8-0ubuntu2
2026-02-13 20:53:22 status half-installed strace:amd64 6.8-0ubuntu2
2026-02-13 20:53:22 status unpacked strace:amd64 6.8-0ubuntu2
2026-02-13 20:53:22 install wget:amd64 <none> 1.21.4-1ubuntu4.1
2026-02-13 20:53:22 status half-installed wget:amd64 1.21.4-1ubuntu4.1
2026-02-13 20:53:22 status unpacked wget:amd64 1.21.4-1ubuntu4.1
2026-02-13 20:53:22 install xz-utils:amd64 <none> 5.6.1+really5.4.5-1ubuntu0.2
2026-02-13 20:53:22 status half-installed xz-utils:amd64 5.6.1+really5.4.5-1ubuntu0.2
2026-02-13 20:53:22 status unpacked xz-utils:amd64 5.6.1+really5.4.5-1ubuntu0.2
2026-02-13 20:53:22 install age:amd64 <none> 1.1.1-1ubuntu0.24.04.3
2026-02-13 20:53:22 status half-installed age:amd64 1.1.1-1ubuntu0.24.04.3
2026-02-13 20:53:22 status unpacked age:amd64 1.1.1-1ubuntu0.24.04.3
2026-02-13 20:53:22 install bc:amd64 <none> 1.07.1-3ubuntu4
2026-02-13 20:53:22 status half-installed bc:amd64 1.07.1-3ubuntu4
2026-02-13 20:53:22 status unpacked bc:amd64 1.07.1-3ubuntu4
2026-02-13 20:53:22 install binutils-common:amd64 <none> 2.42-4ubuntu2.8
2026-02-13 20:53:22 status half-installed binutils-common:amd64 2.42-4ubuntu2.8
2026-02-13 20:53:22 status unpacked binutils-common:amd64 2.42-4ubuntu2.8
2026-02-13 20:53:23 install libsframe1:amd64 <none> 2.42-4ubuntu2.8
2026-02-13 20:53:23 status half-installed libsframe1:amd64 2.42-4ubuntu2.8
2026-02-13 20:53:23 status unpacked libsframe1:amd64 2.42-4ubuntu2.8
2026-02-13 20:53:23 install libbinutils:amd64 <none> 2.42-4ubuntu2.8
2026-02-13 20:53:23 status half-installed libbinutils:amd64 2.42-4ubuntu2.8
2026-02-13 20:53:23 status unpacked libbinutils:amd64 2.42-4ubuntu2.8
2026-02-13 20:53:23 install libctf-nobfd0:amd64 <none> 2.42-4ubuntu2.8
2026-02-13 20:53:23 status half-installed libctf-nobfd0:amd64 2.42-4ubuntu2.8
2026-02-13 20:53:23 status unpacked libctf-nobfd0:amd64 2.42-4ubuntu2.8
2026-02-13 20:53:23 install libctf0:amd64 <none> 2.42-4ubuntu2.8
2026-02-13 20:53:23 status half-installed libctf0:amd64 2.42-4ubuntu2.8
2026-02-13 20:53:23 status unpacked libctf0:amd64 2.42-4ubuntu2.8
2026-02-13 20:53:23 install libgprofng0:amd64 <none> 2.42-4ubuntu2.8
2026-02-13 20:53:23 status half-installed libgprofng0:amd64 2.42-4ubuntu2.8
2026-02-13 20:53:23 status unpacked libgprofng0:amd64 2.42-4ubuntu2.8
2026-02-13 20:53:23 install binutils-x86-64-linux-gnu:amd64 <none> 2.42-4ubuntu2.8
2026-02-13 20:53:23 status half-installed binutils-x86-64-linux-gnu:amd64 2.42-4ubuntu2.8
2026-02-13 20:53:23 status unpacked binutils-x86-64-linux-gnu:amd64 2.42-4ubuntu2.8
2026-02-13 20:53:23 install binutils:amd64 <none> 2.42-4ubuntu2.8
2026-02-13 20:53:23 status half-installed binutils:amd64 2.42-4ubuntu2.8
2026-02-13 20:53:23 status unpacked binutils:amd64 2.42-4ubuntu2.8
2026-02-13 20:53:23 install libc-dev-bin:amd64 <none> 2.39-0ubuntu8.7
2026-02-13 20:53:23 status half-installed libc-dev-bin:amd64 2.39-0ubuntu8.7
2026-02-13 20:53:23 status unpacked libc-dev-bin:amd64 2.39-0ubuntu8.7
2026-02-13 20:53:23 install linux-libc-dev:amd64 <none> 6.8.0-100.100
2026-02-13 20:53:23 status half-installed linux-libc-dev:amd64 6.8.0-100.100
2026-02-13 20:53:23 status unpacked linux-libc-dev:amd64 6.8.0-100.100
2026-02-13 20:53:23 install libcrypt-dev:amd64 <none> 1:4.4.36-4build1
2026-02-13 20:53:23 status half-installed libcrypt-dev:amd64 1:4.4.36-4build1
2026-02-13 20:53:23 status unpacked libcrypt-dev:amd64 1:4.4.36-4build1
2026-02-13 20:53:23 install rpcsvc-proto:amd64 <none> 1.4.2-0ubuntu7
2026-02-13 20:53:23 status half-installed rpcsvc-proto:amd64 1.4.2-0ubuntu7
2026-02-13 20:53:23 status unpacked rpcsvc-proto:amd64 1.4.2-0ubuntu7
2026-02-13 20:53:23 install libc6-dev:amd64 <none> 2.39-0ubuntu8.7
2026-02-13 20:53:23 status half-installed libc6-dev:amd64 2.39-0ubuntu8.7
2026-02-13 20:53:23 status unpacked libc6-dev:amd64 2.39-0ubuntu8.7
2026-02-13 20:53:23 install gcc-13-base:amd64 <none> 13.3.0-6ubuntu2~24.04
2026-02-13 20:53:23 status half-installed gcc-13-base:amd64 13.3.0-6ubuntu2~24.04
2026-02-13 20:53:23 status unpacked gcc-13-base:amd64 13.3.0-6ubuntu2~24.04
2026-02-13 20:53:23 install libisl23:amd64 <none> 0.26-3build1.1
2026-02-13 20:53:23 status half-installed libisl23:amd64 0.26-3build1.1
2026-02-13 20:53:23 status unpacked libisl23:amd64 0.26-3build1.1
2026-02-13 20:53:23 install libmpfr6:amd64 <none> 4.2.1-1build1.1
2026-02-13 20:53:23 status half-installed libmpfr6:amd64 4.2.1-1build1.1
2026-02-13 20:53:23 status unpacked libmpfr6:amd64 4.2.1-1build1.1
2026-02-13 20:53:23 install libmpc3:amd64 <none> 1.3.1-1build1.1
2026-02-13 20:53:23 status half-installed libmpc3:amd64 1.3.1-1build1.1
2026-02-13 20:53:23 status unpacked libmpc3:amd64 1.3.1-1build1.1
2026-02-13 20:53:23 install cpp-13-x86-64-linux-gnu:amd64 <none> 13.3.0-6ubuntu2~24.04
2026-02-13 20:53:23 status half-installed cpp-13-x86-64-linux-gnu:amd64 13.3.0-6ubuntu2~24.04
2026-02-13 20:53:24 status unpacked cpp-13-x86-64-linux-gnu:amd64 13.3.0-6ubuntu2~24.04
2026-02-13 20:53:24 install cpp-13:amd64 <none> 13.3.0-6ubuntu2~24.04
2026-02-13 20:53:24 status half-installed cpp-13:amd64 13.3.0-6ubuntu2~24.04
2026-02-13 20:53:24 status unpacked cpp-13:amd64 13.3.0-6ubuntu2~24.04
2026-02-13 20:53:24 install cpp-x86-64-linux-gnu:amd64 <none> 4:13.2.0-7ubuntu1
2026-02-13 20:53:24 status half-installed cpp-x86-64-linux-gnu:amd64 4:13.2.0-7ubuntu1
2026-02-13 20:53:24 status unpacked cpp-x86-64-linux-gnu:amd64 4:13.2.0-7ubuntu1
2026-02-13 20:53:24 install cpp:amd64 <none> 4:13.2.0-7ubuntu1
2026-02-13 20:53:24 status half-installed cpp:amd64 4:13.2.0-7ubuntu1
2026-02-13 20:53:24 status unpacked cpp:amd64 4:13.2.0-7ubuntu1
2026-02-13 20:53:24 install libcc1-0:amd64 <none> 14.2.0-4ubuntu2~24.04
2026-02-13 20:53:24 status half-installed libcc1-0:amd64 14.2.0-4ubuntu2~24.04
2026-02-13 20:53:24 status unpacked libcc1-0:amd64 14.2.0-4ubuntu2~24.04
2026-02-13 20:53:24 install libgomp1:amd64 <none> 14.2.0-4ubuntu2~24.04
2026-02-13 20:53:24 status half-installed libgomp1:amd64 14.2.0-4ubuntu2~24.04
2026-02-13 20:53:24 status unpacked libgomp1:amd64 14.2.0-4ubuntu2~24.04
2026-02-13 20:53:24 install libitm1:amd64 <none> 14.2.0-4ubuntu2~24.04
2026-02-13 20:53:24 status half-installed libitm1:amd64 14.2.0-4ubuntu2~24.04
2026-02-13 20:53:24 status unpacked libitm1:amd64 14.2.0-4ubuntu2~24.04
2026-02-13 20:53:24 install libasan8:amd64 <none> 14.2.0-4ubuntu2~24.04
2026-02-13 20:53:24 status half-installed libasan8:amd64 14.2.0-4ubuntu2~24.04
2026-02-13 20:53:24 status unpacked libasan8:amd64 14.2.0-4ubuntu2~24.04
2026-02-13 20:53:24 install liblsan0:amd64 <none> 14.2.0-4ubuntu2~24.04
2026-02-13 20:53:24 status half-installed liblsan0:amd64 14.2.0-4ubuntu2~24.04
2026-02-13 20:53:24 status unpacked liblsan0:amd64 14.2.0-4ubuntu2~24.04
2026-02-13 20:53:24 install libtsan2:amd64 <none> 14.2.0-4ubuntu2~24.04
2026-02-13 20:53:24 status half-installed libtsan2:amd64 14.2.0-4ubuntu2~24.04
2026-02-13 20:53:24 status unpacked libtsan2:amd64 14.2.0-4ubuntu2~24.04
2026-02-13 20:53:24 install libubsan1:amd64 <none> 14.2.0-4ubuntu2~24.04
2026-02-13 20:53:24 status half-installed libubsan1:amd64 14.2.0-4ubuntu2~24.04
2026-02-13 20:53:24 status unpacked libubsan1:amd64 14.2.0-4ubuntu2~24.04
2026-02-13 20:53:24 install libhwasan0:amd64 <none> 14.2.0-4ubuntu2~24.04
2026-02-13 20:53:24 status half-installed libhwasan0:amd64 14.2.0-4ubuntu2~24.04
2026-02-13 20:53:24 status unpacked libhwasan0:amd64 14.2.0-4ubuntu2~24.04
2026-02-13 20:53:24 install libquadmath0:amd64 <none> 14.2.0-4ubuntu2~24.04
2026-02-13 20:53:24 status half-installed libquadmath0:amd64 14.2.0-4ubuntu2~24.04
2026-02-13 20:53:24 status unpacked libquadmath0:amd64 14.2.0-4ubuntu2~24.04
2026-02-13 20:53:24 install libgcc-13-dev:amd64 <none> 13.3.0-6ubuntu2~24.04
2026-02-13 20:53:24 status half-installed libgcc-13-dev:amd64 13.3.0-6ubuntu2~24.04
2026-02-13 20:53:24 status unpacked libgcc-13-dev:amd64 13.3.0-6ubuntu2~24.04
2026-02-13 20:53:24 install gcc-13-x86-64-linux-gnu:amd64 <none> 13.3.0-6ubuntu2~24.04
2026-02-13 20:53:24 status half-installed gcc-13-x86-64-linux-gnu:amd64 13.3.0-6ubuntu2~24.04
2026-02-13 20:53:25 status unpacked gcc-13-x86-64-linux-gnu:amd64 13.3.0-6ubuntu2~24.04
2026-02-13 20:53:25 install gcc-13:amd64 <none> 13.3.0-6ubuntu2~24.04
2026-02-13 20:53:25 status half-installed gcc-13:amd64 13.3.0-6ubuntu2~24.04
2026-02-13 20:53:25 status unpacked gcc-13:amd64 13.3.0-6ubuntu2~24.04
2026-02-13 20:53:25 install gcc-x86-64-linux-gnu:amd64 <none> 4:13.2.0-7ubuntu1
2026-02-13 20:53:25 status half-installed gcc-x86-64-linux-gnu:amd64 4:13.2.0-7ubuntu1
2026-02-13 20:53:25 status unpacked gcc-x86-64-linux-gnu:amd64 4:13.2.0-7ubuntu1
2026-02-13 20:53:25 install gcc:amd64 <none> 4:13.2.0-7ubuntu1
2026-02-13 20:53:25 status half-installed gcc:amd64 4:13.2.0-7ubuntu1
2026-02-13 20:53:25 status unpacked gcc:amd64 4:13.2.0-7ubuntu1
2026-02-13 20:53:25 install libstdc++-13-dev:amd64 <none> 13.3.0-6ubuntu2~24.04
2026-02-13 20:53:25 status half-installed libstdc++-13-dev:amd64 13.3.0-6ubuntu2~24.04
2026-02-13 20:53:25 status unpacked libstdc++-13-dev:amd64 13.3.0-6ubuntu2~24.04
2026-02-13 20:53:25 install g++-13-x86-64-linux-gnu:amd64 <none> 13.3.0-6ubuntu2~24.04
2026-02-13 20:53:25 status half-installed g++-13-x86-64-linux-gnu:amd64 13.3.0-6ubuntu2~24.04
2026-02-13 20:53:25 status unpacked g++-13-x86-64-linux-gnu:amd64 13.3.0-6ubuntu2~24.04
2026-02-13 20:53:25 install g++-13:amd64 <none> 13.3.0-6ubuntu2~24.04
2026-02-13 20:53:25 status half-installed g++-13:amd64 13.3.0-6ubuntu2~24.04
2026-02-13 20:53:25 status unpacked g++-13:amd64 13.3.0-6ubuntu2~24.04
2026-02-13 20:53:25 install g++-x86-64-linux-gnu:amd64 <none> 4:13.2.0-7ubuntu1
2026-02-13 20:53:25 status half-installed g++-x86-64-linux-gnu:amd64 4:13.2.0-7ubuntu1
2026-02-13 20:53:25 status unpacked g++-x86-64-linux-gnu:amd64 4:13.2.0-7ubuntu1
2026-02-13 20:53:25 install g++:amd64 <none> 4:13.2.0-7ubuntu1
2026-02-13 20:53:25 status half-installed g++:amd64 4:13.2.0-7ubuntu1
2026-02-13 20:53:25 status unpacked g++:amd64 4:13.2.0-7ubuntu1
2026-02-13 20:53:25 install make:amd64 <none> 4.3-4.1build2
2026-02-13 20:53:25 status half-installed make:amd64 4.3-4.1build2
2026-02-13 20:53:25 status unpacked make:amd64 4.3-4.1build2
2026-02-13 20:53:25 install libdpkg-perl:all <none> 1.22.6ubuntu6.5
2026-02-13 20:53:25 status half-installed libdpkg-perl:all 1.22.6ubuntu6.5
2026-02-13 20:53:25 status unpacked libdpkg-perl:all 1.22.6ubuntu6.5
2026-02-13 20:53:25 install bzip2:amd64 <none> 1.0.8-5.1build0.1
2026-02-13 20:53:25 status half-installed bzip2:amd64 1.0.8-5.1build0.1
2026-02-13 20:53:25 status unpacked bzip2:amd64 1.0.8-5.1build0.1
2026-02-13 20:53:26 install patch:amd64 <none> 2.7.6-7build3
2026-02-13 20:53:26 status half-installed patch:amd64 2.7.6-7build3
2026-02-13 20:53:26 status unpacked patch:amd64 2.7.6-7build3
2026-02-13 20:53:26 install lto-disabled-list:all <none> 47
2026-02-13 20:53:26 status half-installed lto-disabled-list:all 47
2026-02-13 20:53:26 status unpacked lto-disabled-list:all 47
2026-02-13 20:53:26 install dpkg-dev:all <none> 1.22.6ubuntu6.5
2026-02-13 20:53:26 status half-installed dpkg-dev:all 1.22.6ubuntu6.5
2026-02-13 20:53:26 status unpacked dpkg-dev:all 1.22.6ubuntu6.5
2026-02-13 20:53:26 install build-essential:amd64 <none> 12.10ubuntu1
2026-02-13 20:53:26 status half-installed build-essential:amd64 12.10ubuntu1
2026-02-13 20:53:26 status unpacked build-essential:amd64 12.10ubuntu1
2026-02-13 20:53:26 install libarchive13t64:amd64 <none> 3.7.2-2ubuntu0.5
2026-02-13 20:53:26 status half-installed libarchive13t64:amd64 3.7.2-2ubuntu0.5
2026-02-13 20:53:26 status unpacked libarchive13t64:amd64 3.7.2-2ubuntu0.5
2026-02-13 20:53:26 install libjsoncpp25:amd64 <none> 1.9.5-6build1
2026-02-13 20:53:26 status half-installed libjsoncpp25:amd64 1.9.5-6build1
2026-02-13 20:53:26 status unpacked libjsoncpp25:amd64 1.9.5-6build1
2026-02-13 20:53:26 install librhash0:amd64 <none> 1.4.3-3build1
2026-02-13 20:53:26 status half-installed librhash0:amd64 1.4.3-3build1
2026-02-13 20:53:26 status unpacked librhash0:amd64 1.4.3-3build1
2026-02-13 20:53:26 install cmake-data:all <none> 3.28.3-1build7
2026-02-13 20:53:26 status half-installed cmake-data:all 3.28.3-1build7
2026-02-13 20:53:26 status unpacked cmake-data:all 3.28.3-1build7
2026-02-13 20:53:26 install cmake:amd64 <none> 3.28.3-1build7
2026-02-13 20:53:26 status half-installed cmake:amd64 3.28.3-1build7
2026-02-13 20:53:27 status unpacked cmake:amd64 3.28.3-1build7
2026-02-13 20:53:27 install curl:amd64 <none> 8.5.0-2ubuntu10.6
2026-02-13 20:53:27 status half-installed curl:amd64 8.5.0-2ubuntu10.6
2026-02-13 20:53:27 status unpacked curl:amd64 8.5.0-2ubuntu10.6
2026-02-13 20:53:27 install libpackagekit-glib2-18:amd64 <none> 1.2.8-2ubuntu1.4
2026-02-13 20:53:27 status half-installed libpackagekit-glib2-18:amd64 1.2.8-2ubuntu1.4
2026-02-13 20:53:27 status unpacked libpackagekit-glib2-18:amd64 1.2.8-2ubuntu1.4
2026-02-13 20:53:27 install gir1.2-packagekitglib-1.0:amd64 <none> 1.2.8-2ubuntu1.4
2026-02-13 20:53:27 status half-installed gir1.2-packagekitglib-1.0:amd64 1.2.8-2ubuntu1.4
2026-02-13 20:53:27 status unpacked gir1.2-packagekitglib-1.0:amd64 1.2.8-2ubuntu1.4
2026-02-13 20:53:27 install liberror-perl:all <none> 0.17029-2
2026-02-13 20:53:27 status half-installed liberror-perl:all 0.17029-2
2026-02-13 20:53:27 status unpacked liberror-perl:all 0.17029-2
2026-02-13 20:53:27 install git-man:all <none> 1:2.43.0-1ubuntu7.3
2026-02-13 20:53:27 status half-installed git-man:all 1:2.43.0-1ubuntu7.3
2026-02-13 20:53:27 status unpacked git-man:all 1:2.43.0-1ubuntu7.3
2026-02-13 20:53:27 install git:amd64 <none> 1:2.43.0-1ubuntu7.3
2026-02-13 20:53:27 status half-installed git:amd64 1:2.43.0-1ubuntu7.3
2026-02-13 20:53:27 status unpacked git:amd64 1:2.43.0-1ubuntu7.3
2026-02-13 20:53:27 install libonig5:amd64 <none> 6.9.9-1build1
2026-02-13 20:53:27 status half-installed libonig5:amd64 6.9.9-1build1
2026-02-13 20:53:27 status unpacked libonig5:amd64 6.9.9-1build1
2026-02-13 20:53:27 install libjq1:amd64 <none> 1.7.1-3ubuntu0.24.04.1
2026-02-13 20:53:27 status half-installed libjq1:amd64 1.7.1-3ubuntu0.24.04.1
2026-02-13 20:53:27 status unpacked libjq1:amd64 1.7.1-3ubuntu0.24.04.1
2026-02-13 20:53:27 install jq:amd64 <none> 1.7.1-3ubuntu0.24.04.1
2026-02-13 20:53:27 status half-installed jq:amd64 1.7.1-3ubuntu0.24.04.1
2026-02-13 20:53:27 status unpacked jq:amd64 1.7.1-3ubuntu0.24.04.1
2026-02-13 20:53:27 install libstemmer0d:amd64 <none> 2.2.0-4build1
2026-02-13 20:53:27 status half-installed libstemmer0d:amd64 2.2.0-4build1
2026-02-13 20:53:27 status unpacked libstemmer0d:amd64 2.2.0-4build1
2026-02-13 20:53:27 install libxmlb2:amd64 <none> 0.3.18-1
2026-02-13 20:53:27 status half-installed libxmlb2:amd64 0.3.18-1
2026-02-13 20:53:27 status unpacked libxmlb2:amd64 0.3.18-1
2026-02-13 20:53:27 install libappstream5:amd64 <none> 1.0.2-1build6
2026-02-13 20:53:27 status half-installed libappstream5:amd64 1.0.2-1build6
2026-02-13 20:53:27 status unpacked libappstream5:amd64 1.0.2-1build6
2026-02-13 20:53:27 install libbrotli-dev:amd64 <none> 1.1.0-2build2
2026-02-13 20:53:27 status half-installed libbrotli-dev:amd64 1.1.0-2build2
2026-02-13 20:53:27 status unpacked libbrotli-dev:amd64 1.1.0-2build2
2026-02-13 20:53:27 install libbz2-dev:amd64 <none> 1.0.8-5.1build0.1
2026-02-13 20:53:27 status half-installed libbz2-dev:amd64 1.0.8-5.1build0.1
2026-02-13 20:53:27 status unpacked libbz2-dev:amd64 1.0.8-5.1build0.1
2026-02-13 20:53:27 install libcairo-gobject2:amd64 <none> 1.18.0-3build1
2026-02-13 20:53:27 status half-installed libcairo-gobject2:amd64 1.18.0-3build1
2026-02-13 20:53:27 status unpacked libcairo-gobject2:amd64 1.18.0-3build1
2026-02-13 20:53:27 install liblzo2-2:amd64 <none> 2.10-2build4
2026-02-13 20:53:27 status half-installed liblzo2-2:amd64 2.10-2build4
2026-02-13 20:53:27 status unpacked liblzo2-2:amd64 2.10-2build4
2026-02-13 20:53:27 install libcairo-script-interpreter2:amd64 <none> 1.18.0-3build1
2026-02-13 20:53:27 status half-installed libcairo-script-interpreter2:amd64 1.18.0-3build1
2026-02-13 20:53:27 status unpacked libcairo-script-interpreter2:amd64 1.18.0-3build1
2026-02-13 20:53:27 install libexpat1-dev:amd64 <none> 2.6.1-2ubuntu0.3
2026-02-13 20:53:27 status half-installed libexpat1-dev:amd64 2.6.1-2ubuntu0.3
2026-02-13 20:53:27 status unpacked libexpat1-dev:amd64 2.6.1-2ubuntu0.3
2026-02-13 20:53:27 install zlib1g-dev:amd64 <none> 1:1.3.dfsg-3.1ubuntu2.1
2026-02-13 20:53:27 status half-installed zlib1g-dev:amd64 1:1.3.dfsg-3.1ubuntu2.1
2026-02-13 20:53:27 status unpacked zlib1g-dev:amd64 1:1.3.dfsg-3.1ubuntu2.1
2026-02-13 20:53:27 install libpng-dev:amd64 <none> 1.6.43-5ubuntu0.5
2026-02-13 20:53:27 status half-installed libpng-dev:amd64 1.6.43-5ubuntu0.5
2026-02-13 20:53:27 status unpacked libpng-dev:amd64 1.6.43-5ubuntu0.5
2026-02-13 20:53:28 install libfreetype-dev:amd64 <none> 2.13.2+dfsg-1build3
2026-02-13 20:53:28 status half-installed libfreetype-dev:amd64 2.13.2+dfsg-1build3
2026-02-13 20:53:28 status unpacked libfreetype-dev:amd64 2.13.2+dfsg-1build3
2026-02-13 20:53:28 install uuid-dev:amd64 <none> 2.39.3-9ubuntu6.4
2026-02-13 20:53:28 status half-installed uuid-dev:amd64 2.39.3-9ubuntu6.4
2026-02-13 20:53:28 status unpacked uuid-dev:amd64 2.39.3-9ubuntu6.4
2026-02-13 20:53:28 install libpkgconf3:amd64 <none> 1.8.1-2build1
2026-02-13 20:53:28 status half-installed libpkgconf3:amd64 1.8.1-2build1
2026-02-13 20:53:28 status unpacked libpkgconf3:amd64 1.8.1-2build1
2026-02-13 20:53:28 install pkgconf-bin:amd64 <none> 1.8.1-2build1
2026-02-13 20:53:28 status half-installed pkgconf-bin:amd64 1.8.1-2build1
2026-02-13 20:53:28 status unpacked pkgconf-bin:amd64 1.8.1-2build1
2026-02-13 20:53:28 install pkgconf:amd64 <none> 1.8.1-2build1
2026-02-13 20:53:28 status half-installed pkgconf:amd64 1.8.1-2build1
2026-02-13 20:53:28 status unpacked pkgconf:amd64 1.8.1-2build1
2026-02-13 20:53:28 install libfontconfig-dev:amd64 <none> 2.15.0-1.1ubuntu2
2026-02-13 20:53:28 status half-installed libfontconfig-dev:amd64 2.15.0-1.1ubuntu2
2026-02-13 20:53:28 status unpacked libfontconfig-dev:amd64 2.15.0-1.1ubuntu2
2026-02-13 20:53:28 install libffi-dev:amd64 <none> 3.4.6-1build1
2026-02-13 20:53:28 status half-installed libffi-dev:amd64 3.4.6-1build1
2026-02-13 20:53:28 status unpacked libffi-dev:amd64 3.4.6-1build1
2026-02-13 20:53:28 install libglib2.0-bin:amd64 <none> 2.80.0-6ubuntu3.8
2026-02-13 20:53:28 status half-installed libglib2.0-bin:amd64 2.80.0-6ubuntu3.8
2026-02-13 20:53:28 status unpacked libglib2.0-bin:amd64 2.80.0-6ubuntu3.8
2026-02-13 20:53:28 install python3-packaging:all <none> 24.0-1
2026-02-13 20:53:28 status half-installed python3-packaging:all 24.0-1
2026-02-13 20:53:28 status unpacked python3-packaging:all 24.0-1
2026-02-13 20:53:28 install libglib2.0-dev-bin:amd64 <none> 2.80.0-6ubuntu3.8
2026-02-13 20:53:28 status half-installed libglib2.0-dev-bin:amd64 2.80.0-6ubuntu3.8
2026-02-13 20:53:28 status unpacked libglib2.0-dev-bin:amd64 2.80.0-6ubuntu3.8
2026-02-13 20:53:28 install libblkid-dev:amd64 <none> 2.39.3-9ubuntu6.4
2026-02-13 20:53:28 status half-installed libblkid-dev:amd64 2.39.3-9ubuntu6.4
2026-02-13 20:53:28 status unpacked libblkid-dev:amd64 2.39.3-9ubuntu6.4
2026-02-13 20:53:28 install libsepol-dev:amd64 <none> 3.5-2build1
2026-02-13 20:53:28 status half-installed libsepol-dev:amd64 3.5-2build1
2026-02-13 20:53:28 status unpacked libsepol-dev:amd64 3.5-2build1
2026-02-13 20:53:28 install libpcre2-16-0:amd64 <none> 10.42-4ubuntu2.1
2026-02-13 20:53:28 status half-installed libpcre2-16-0:amd64 10.42-4ubuntu2.1
2026-02-13 20:53:28 status unpacked libpcre2-16-0:amd64 10.42-4ubuntu2.1
2026-02-13 20:53:28 install libpcre2-32-0:amd64 <none> 10.42-4ubuntu2.1
2026-02-13 20:53:28 status half-installed libpcre2-32-0:amd64 10.42-4ubuntu2.1
2026-02-13 20:53:28 status unpacked libpcre2-32-0:amd64 10.42-4ubuntu2.1
2026-02-13 20:53:28 install libpcre2-posix3:amd64 <none> 10.42-4ubuntu2.1
2026-02-13 20:53:28 status half-installed libpcre2-posix3:amd64 10.42-4ubuntu2.1
2026-02-13 20:53:28 status unpacked libpcre2-posix3:amd64 10.42-4ubuntu2.1
2026-02-13 20:53:28 install libpcre2-dev:amd64 <none> 10.42-4ubuntu2.1
2026-02-13 20:53:28 status half-installed libpcre2-dev:amd64 10.42-4ubuntu2.1
2026-02-13 20:53:28 status unpacked libpcre2-dev:amd64 10.42-4ubuntu2.1
2026-02-13 20:53:28 install libselinux1-dev:amd64 <none> 3.5-2ubuntu2.1
2026-02-13 20:53:28 status half-installed libselinux1-dev:amd64 3.5-2ubuntu2.1
2026-02-13 20:53:28 status unpacked libselinux1-dev:amd64 3.5-2ubuntu2.1
2026-02-13 20:53:28 install libmount-dev:amd64 <none> 2.39.3-9ubuntu6.4
2026-02-13 20:53:28 status half-installed libmount-dev:amd64 2.39.3-9ubuntu6.4
2026-02-13 20:53:28 status unpacked libmount-dev:amd64 2.39.3-9ubuntu6.4
2026-02-13 20:53:28 install libgirepository-2.0-0:amd64 <none> 2.80.0-6ubuntu3.8
2026-02-13 20:53:28 status half-installed libgirepository-2.0-0:amd64 2.80.0-6ubuntu3.8
2026-02-13 20:53:28 status unpacked libgirepository-2.0-0:amd64 2.80.0-6ubuntu3.8
2026-02-13 20:53:28 install libglib2.0-dev:amd64 <none> 2.80.0-6ubuntu3.8
2026-02-13 20:53:28 status half-installed libglib2.0-dev:amd64 2.80.0-6ubuntu3.8
2026-02-13 20:53:28 status unpacked libglib2.0-dev:amd64 2.80.0-6ubuntu3.8
2026-02-13 20:53:28 install libpixman-1-dev:amd64 <none> 0.42.2-1build1
2026-02-13 20:53:28 status half-installed libpixman-1-dev:amd64 0.42.2-1build1
2026-02-13 20:53:28 status unpacked libpixman-1-dev:amd64 0.42.2-1build1
2026-02-13 20:53:29 install xorg-sgml-doctools:all <none> 1:1.11-1.1
2026-02-13 20:53:29 status half-installed xorg-sgml-doctools:all 1:1.11-1.1
2026-02-13 20:53:29 status unpacked xorg-sgml-doctools:all 1:1.11-1.1
2026-02-13 20:53:29 install x11proto-dev:all <none> 2023.2-1
2026-02-13 20:53:29 status half-installed x11proto-dev:all 2023.2-1
2026-02-13 20:53:29 status unpacked x11proto-dev:all 2023.2-1
2026-02-13 20:53:29 install x11proto-core-dev:all <none> 2023.2-1
2026-02-13 20:53:29 status half-installed x11proto-core-dev:all 2023.2-1
2026-02-13 20:53:29 status unpacked x11proto-core-dev:all 2023.2-1
2026-02-13 20:53:29 install libice-dev:amd64 <none> 2:1.0.10-1build3
2026-02-13 20:53:29 status half-installed libice-dev:amd64 2:1.0.10-1build3
2026-02-13 20:53:29 status unpacked libice-dev:amd64 2:1.0.10-1build3
2026-02-13 20:53:29 install libsm-dev:amd64 <none> 2:1.2.3-1build3
2026-02-13 20:53:29 status half-installed libsm-dev:amd64 2:1.2.3-1build3
2026-02-13 20:53:29 status unpacked libsm-dev:amd64 2:1.2.3-1build3
2026-02-13 20:53:29 install libxau-dev:amd64 <none> 1:1.0.9-1build6
2026-02-13 20:53:29 status half-installed libxau-dev:amd64 1:1.0.9-1build6
2026-02-13 20:53:29 status unpacked libxau-dev:amd64 1:1.0.9-1build6
2026-02-13 20:53:29 install libxdmcp-dev:amd64 <none> 1:1.1.3-0ubuntu6
2026-02-13 20:53:29 status half-installed libxdmcp-dev:amd64 1:1.1.3-0ubuntu6
2026-02-13 20:53:29 status unpacked libxdmcp-dev:amd64 1:1.1.3-0ubuntu6
2026-02-13 20:53:29 install xtrans-dev:all <none> 1.4.0-1
2026-02-13 20:53:29 status half-installed xtrans-dev:all 1.4.0-1
2026-02-13 20:53:29 status unpacked xtrans-dev:all 1.4.0-1
2026-02-13 20:53:29 install libpthread-stubs0-dev:amd64 <none> 0.4-1build3
2026-02-13 20:53:29 status half-installed libpthread-stubs0-dev:amd64 0.4-1build3
2026-02-13 20:53:29 status unpacked libpthread-stubs0-dev:amd64 0.4-1build3
2026-02-13 20:53:29 install libxcb1-dev:amd64 <none> 1.15-1ubuntu2
2026-02-13 20:53:29 status half-installed libxcb1-dev:amd64 1.15-1ubuntu2
2026-02-13 20:53:29 status unpacked libxcb1-dev:amd64 1.15-1ubuntu2
2026-02-13 20:53:29 install libx11-dev:amd64 <none> 2:1.8.7-1build1
2026-02-13 20:53:29 status half-installed libx11-dev:amd64 2:1.8.7-1build1
2026-02-13 20:53:29 status unpacked libx11-dev:amd64 2:1.8.7-1build1
2026-02-13 20:53:29 install libxcb-render0-dev:amd64 <none> 1.15-1ubuntu2
2026-02-13 20:53:29 status half-installed libxcb-render0-dev:amd64 1.15-1ubuntu2
2026-02-13 20:53:29 status unpacked libxcb-render0-dev:amd64 1.15-1ubuntu2
2026-02-13 20:53:29 install libxcb-shm0-dev:amd64 <none> 1.15-1ubuntu2
2026-02-13 20:53:29 status half-installed libxcb-shm0-dev:amd64 1.15-1ubuntu2
2026-02-13 20:53:29 status unpacked libxcb-shm0-dev:amd64 1.15-1ubuntu2
2026-02-13 20:53:29 install libxext-dev:amd64 <none> 2:1.3.4-1build2
2026-02-13 20:53:29 status half-installed libxext-dev:amd64 2:1.3.4-1build2
2026-02-13 20:53:29 status unpacked libxext-dev:amd64 2:1.3.4-1build2
2026-02-13 20:53:29 install libxrender-dev:amd64 <none> 1:0.9.10-1.1build1
2026-02-13 20:53:29 status half-installed libxrender-dev:amd64 1:0.9.10-1.1build1
2026-02-13 20:53:29 status unpacked libxrender-dev:amd64 1:0.9.10-1.1build1
2026-02-13 20:53:29 install libcairo2-dev:amd64 <none> 1.18.0-3build1
2026-02-13 20:53:29 status half-installed libcairo2-dev:amd64 1.18.0-3build1
2026-02-13 20:53:29 status unpacked libcairo2-dev:amd64 1.18.0-3build1
2026-02-13 20:53:29 install libdrm-amdgpu1:amd64 <none> 2.4.125-1ubuntu0.1~24.04.1
2026-02-13 20:53:29 status half-installed libdrm-amdgpu1:amd64 2.4.125-1ubuntu0.1~24.04.1
2026-02-13 20:53:29 status unpacked libdrm-amdgpu1:amd64 2.4.125-1ubuntu0.1~24.04.1
2026-02-13 20:53:29 install libpciaccess0:amd64 <none> 0.17-3ubuntu0.24.04.2
2026-02-13 20:53:29 status half-installed libpciaccess0:amd64 0.17-3ubuntu0.24.04.2
2026-02-13 20:53:29 status unpacked libpciaccess0:amd64 0.17-3ubuntu0.24.04.2
2026-02-13 20:53:29 install libdrm-intel1:amd64 <none> 2.4.125-1ubuntu0.1~24.04.1
2026-02-13 20:53:29 status half-installed libdrm-intel1:amd64 2.4.125-1ubuntu0.1~24.04.1
2026-02-13 20:53:29 status unpacked libdrm-intel1:amd64 2.4.125-1ubuntu0.1~24.04.1
2026-02-13 20:53:29 install libduktape207:amd64 <none> 2.7.0+tests-0ubuntu3
2026-02-13 20:53:29 status half-installed libduktape207:amd64 2.7.0+tests-0ubuntu3
2026-02-13 20:53:29 status unpacked libduktape207:amd64 2.7.0+tests-0ubuntu3
2026-02-13 20:53:29 install libevent-core-2.1-7t64:amd64 <none> 2.1.12-stable-9ubuntu2
2026-02-13 20:53:29 status half-installed libevent-core-2.1-7t64:amd64 2.1.12-stable-9ubuntu2
2026-02-13 20:53:29 status unpacked libevent-core-2.1-7t64:amd64 2.1.12-stable-9ubuntu2
2026-02-13 20:53:29 install libllvm20:amd64 <none> 1:20.1.2-0ubuntu1~24.04.2
2026-02-13 20:53:29 status half-installed libllvm20:amd64 1:20.1.2-0ubuntu1~24.04.2
2026-02-13 20:53:30 status unpacked libllvm20:amd64 1:20.1.2-0ubuntu1~24.04.2
2026-02-13 20:53:30 install libxcb-dri3-0:amd64 <none> 1.15-1ubuntu2
2026-02-13 20:53:30 status half-installed libxcb-dri3-0:amd64 1.15-1ubuntu2
2026-02-13 20:53:30 status unpacked libxcb-dri3-0:amd64 1.15-1ubuntu2
2026-02-13 20:53:30 install libxcb-present0:amd64 <none> 1.15-1ubuntu2
2026-02-13 20:53:30 status half-installed libxcb-present0:amd64 1.15-1ubuntu2
2026-02-13 20:53:30 status unpacked libxcb-present0:amd64 1.15-1ubuntu2
2026-02-13 20:53:30 install libxcb-randr0:amd64 <none> 1.15-1ubuntu2
2026-02-13 20:53:30 status half-installed libxcb-randr0:amd64 1.15-1ubuntu2
2026-02-13 20:53:30 status unpacked libxcb-randr0:amd64 1.15-1ubuntu2
2026-02-13 20:53:30 install libxcb-sync1:amd64 <none> 1.15-1ubuntu2
2026-02-13 20:53:30 status half-installed libxcb-sync1:amd64 1.15-1ubuntu2
2026-02-13 20:53:30 status unpacked libxcb-sync1:amd64 1.15-1ubuntu2
2026-02-13 20:53:30 install libxcb-xfixes0:amd64 <none> 1.15-1ubuntu2
2026-02-13 20:53:30 status half-installed libxcb-xfixes0:amd64 1.15-1ubuntu2
2026-02-13 20:53:30 status unpacked libxcb-xfixes0:amd64 1.15-1ubuntu2
2026-02-13 20:53:30 install libxshmfence1:amd64 <none> 1.3-1build5
2026-02-13 20:53:30 status half-installed libxshmfence1:amd64 1.3-1build5
2026-02-13 20:53:30 status unpacked libxshmfence1:amd64 1.3-1build5
2026-02-13 20:53:30 install mesa-libgallium:amd64 <none> 25.2.8-0ubuntu0.24.04.1
2026-02-13 20:53:30 status half-installed mesa-libgallium:amd64 25.2.8-0ubuntu0.24.04.1
2026-02-13 20:53:30 status unpacked mesa-libgallium:amd64 25.2.8-0ubuntu0.24.04.1
2026-02-13 20:53:30 install libgbm1:amd64 <none> 25.2.8-0ubuntu0.24.04.1
2026-02-13 20:53:30 status half-installed libgbm1:amd64 25.2.8-0ubuntu0.24.04.1
2026-02-13 20:53:30 status unpacked libgbm1:amd64 25.2.8-0ubuntu0.24.04.1
2026-02-13 20:53:30 install libvulkan1:amd64 <none> 1.3.275.0-1build1
2026-02-13 20:53:30 status half-installed libvulkan1:amd64 1.3.275.0-1build1
2026-02-13 20:53:30 status unpacked libvulkan1:amd64 1.3.275.0-1build1
2026-02-13 20:53:30 install libgl1-mesa-dri:amd64 <none> 25.2.8-0ubuntu0.24.04.1
2026-02-13 20:53:30 status half-installed libgl1-mesa-dri:amd64 25.2.8-0ubuntu0.24.04.1
2026-02-13 20:53:30 status unpacked libgl1-mesa-dri:amd64 25.2.8-0ubuntu0.24.04.1
2026-02-13 20:53:30 install libxcb-glx0:amd64 <none> 1.15-1ubuntu2
2026-02-13 20:53:30 status half-installed libxcb-glx0:amd64 1.15-1ubuntu2
2026-02-13 20:53:30 status unpacked libxcb-glx0:amd64 1.15-1ubuntu2
2026-02-13 20:53:30 install libxxf86vm1:amd64 <none> 1:1.1.4-1build4
2026-02-13 20:53:30 status half-installed libxxf86vm1:amd64 1:1.1.4-1build4
2026-02-13 20:53:30 status unpacked libxxf86vm1:amd64 1:1.1.4-1build4
2026-02-13 20:53:31 install libglx-mesa0:amd64 <none> 25.2.8-0ubuntu0.24.04.1
2026-02-13 20:53:31 status half-installed libglx-mesa0:amd64 25.2.8-0ubuntu0.24.04.1
2026-02-13 20:53:31 status unpacked libglx-mesa0:amd64 25.2.8-0ubuntu0.24.04.1
2026-02-13 20:53:31 install libjs-jquery:all <none> 3.6.1+dfsg+~3.5.14-1
2026-02-13 20:53:31 status half-installed libjs-jquery:all 3.6.1+dfsg+~3.5.14-1
2026-02-13 20:53:31 status unpacked libjs-jquery:all 3.6.1+dfsg+~3.5.14-1
2026-02-13 20:53:31 install libjs-underscore:all <none> 1.13.4~dfsg+~1.11.4-3
2026-02-13 20:53:31 status half-installed libjs-underscore:all 1.13.4~dfsg+~1.11.4-3
2026-02-13 20:53:31 status unpacked libjs-underscore:all 1.13.4~dfsg+~1.11.4-3
2026-02-13 20:53:31 install libjs-sphinxdoc:all <none> 7.2.6-6
2026-02-13 20:53:31 status half-installed libjs-sphinxdoc:all 7.2.6-6
2026-02-13 20:53:31 status unpacked libjs-sphinxdoc:all 7.2.6-6
2026-02-13 20:53:31 install libllvm17t64:amd64 <none> 1:17.0.6-9ubuntu1
2026-02-13 20:53:31 status half-installed libllvm17t64:amd64 1:17.0.6-9ubuntu1
2026-02-13 20:53:31 status unpacked libllvm17t64:amd64 1:17.0.6-9ubuntu1
2026-02-13 20:53:31 install libncurses-dev:amd64 <none> 6.4+20240113-1ubuntu2
2026-02-13 20:53:31 status half-installed libncurses-dev:amd64 6.4+20240113-1ubuntu2
2026-02-13 20:53:31 status unpacked libncurses-dev:amd64 6.4+20240113-1ubuntu2
2026-02-13 20:53:31 install libpolkit-gobject-1-0:amd64 <none> 124-2ubuntu1.24.04.2
2026-02-13 20:53:31 status half-installed libpolkit-gobject-1-0:amd64 124-2ubuntu1.24.04.2
2026-02-13 20:53:31 status unpacked libpolkit-gobject-1-0:amd64 124-2ubuntu1.24.04.2
2026-02-13 20:53:31 install libpolkit-agent-1-0:amd64 <none> 124-2ubuntu1.24.04.2
2026-02-13 20:53:31 status half-installed libpolkit-agent-1-0:amd64 124-2ubuntu1.24.04.2
2026-02-13 20:53:31 status unpacked libpolkit-agent-1-0:amd64 124-2ubuntu1.24.04.2
2026-02-13 20:53:31 install libpq5:amd64 <none> 16.11-0ubuntu0.24.04.1
2026-02-13 20:53:31 status half-installed libpq5:amd64 16.11-0ubuntu0.24.04.1
2026-02-13 20:53:31 status unpacked libpq5:amd64 16.11-0ubuntu0.24.04.1
2026-02-13 20:53:31 install libpython3.12-dev:amd64 <none> 3.12.3-1ubuntu0.11
2026-02-13 20:53:31 status half-installed libpython3.12-dev:amd64 3.12.3-1ubuntu0.11
2026-02-13 20:53:31 status unpacked libpython3.12-dev:amd64 3.12.3-1ubuntu0.11
2026-02-13 20:53:32 install libpython3-dev:amd64 <none> 3.12.3-0ubuntu2.1
2026-02-13 20:53:32 status half-installed libpython3-dev:amd64 3.12.3-0ubuntu2.1
2026-02-13 20:53:32 status unpacked libpython3-dev:amd64 3.12.3-0ubuntu2.1
2026-02-13 20:53:32 install libreadline-dev:amd64 <none> 8.2-4build1
2026-02-13 20:53:32 status half-installed libreadline-dev:amd64 8.2-4build1
2026-02-13 20:53:32 status unpacked libreadline-dev:amd64 8.2-4build1
2026-02-13 20:53:32 install libsodium23:amd64 <none> 1.0.18-1ubuntu0.24.04.1
2026-02-13 20:53:32 status half-installed libsodium23:amd64 1.0.18-1ubuntu0.24.04.1
2026-02-13 20:53:32 status unpacked libsodium23:amd64 1.0.18-1ubuntu0.24.04.1
2026-02-13 20:53:32 install libsqlite3-dev:amd64 <none> 3.45.1-1ubuntu2.5
2026-02-13 20:53:32 status half-installed libsqlite3-dev:amd64 3.45.1-1ubuntu2.5
2026-02-13 20:53:32 status unpacked libsqlite3-dev:amd64 3.45.1-1ubuntu2.5
2026-02-13 20:53:32 install libssl-dev:amd64 <none> 3.0.13-0ubuntu3.7
2026-02-13 20:53:32 status half-installed libssl-dev:amd64 3.0.13-0ubuntu3.7
2026-02-13 20:53:32 status unpacked libssl-dev:amd64 3.0.13-0ubuntu3.7
2026-02-13 20:53:32 install libutempter0:amd64 <none> 1.2.1-3build1
2026-02-13 20:53:32 status half-installed libutempter0:amd64 1.2.1-3build1
2026-02-13 20:53:32 status unpacked libutempter0:amd64 1.2.1-3build1
2026-02-13 20:53:32 install libxml2-utils:amd64 <none> 2.9.14+dfsg-1.3ubuntu3.7
2026-02-13 20:53:32 status half-installed libxml2-utils:amd64 2.9.14+dfsg-1.3ubuntu3.7
2026-02-13 20:53:32 status unpacked libxml2-utils:amd64 2.9.14+dfsg-1.3ubuntu3.7
2026-02-13 20:53:32 install ninja-build:amd64 <none> 1.11.1-2
2026-02-13 20:53:32 status half-installed ninja-build:amd64 1.11.1-2
2026-02-13 20:53:32 status unpacked ninja-build:amd64 1.11.1-2
2026-02-13 20:53:32 install pkg-config:amd64 <none> 1.8.1-2build1
2026-02-13 20:53:32 status half-installed pkg-config:amd64 1.8.1-2build1
2026-02-13 20:53:32 status unpacked pkg-config:amd64 1.8.1-2build1
2026-02-13 20:53:32 install xml-core:all <none> 0.19
2026-02-13 20:53:32 status half-installed xml-core:all 0.19
2026-02-13 20:53:32 status unpacked xml-core:all 0.19
2026-02-13 20:53:32 install polkitd:amd64 <none> 124-2ubuntu1.24.04.2
2026-02-13 20:53:32 status half-installed polkitd:amd64 124-2ubuntu1.24.04.2
2026-02-13 20:53:32 status unpacked polkitd:amd64 124-2ubuntu1.24.04.2
2026-02-13 20:53:32 install postgresql-client-16:amd64 <none> 16.11-0ubuntu0.24.04.1
2026-02-13 20:53:32 status half-installed postgresql-client-16:amd64 16.11-0ubuntu0.24.04.1
2026-02-13 20:53:32 status unpacked postgresql-client-16:amd64 16.11-0ubuntu0.24.04.1
2026-02-13 20:53:32 install postgresql-16:amd64 <none> 16.11-0ubuntu0.24.04.1
2026-02-13 20:53:32 status half-installed postgresql-16:amd64 16.11-0ubuntu0.24.04.1
2026-02-13 20:53:32 status unpacked postgresql-16:amd64 16.11-0ubuntu0.24.04.1
2026-02-13 20:53:32 install python3-argcomplete:all <none> 3.1.4-1ubuntu0.1
2026-02-13 20:53:32 status half-installed python3-argcomplete:all 3.1.4-1ubuntu0.1
2026-02-13 20:53:32 status unpacked python3-argcomplete:all 3.1.4-1ubuntu0.1
2026-02-13 20:53:33 install python3-blinker:all <none> 1.7.0-1
2026-02-13 20:53:33 status half-installed python3-blinker:all 1.7.0-1
2026-02-13 20:53:33 status unpacked python3-blinker:all 1.7.0-1
2026-02-13 20:53:33 install python3-cryptography:amd64 <none> 41.0.7-4ubuntu0.1
2026-02-13 20:53:33 status half-installed python3-cryptography:amd64 41.0.7-4ubuntu0.1
2026-02-13 20:53:33 status unpacked python3-cryptography:amd64 41.0.7-4ubuntu0.1
2026-02-13 20:53:33 install python3.12-dev:amd64 <none> 3.12.3-1ubuntu0.11
2026-02-13 20:53:33 status half-installed python3.12-dev:amd64 3.12.3-1ubuntu0.11
2026-02-13 20:53:33 status unpacked python3.12-dev:amd64 3.12.3-1ubuntu0.11
2026-02-13 20:53:33 install python3-dev:amd64 <none> 3.12.3-0ubuntu2.1
2026-02-13 20:53:33 status half-installed python3-dev:amd64 3.12.3-0ubuntu2.1
2026-02-13 20:53:33 status unpacked python3-dev:amd64 3.12.3-0ubuntu2.1
2026-02-13 20:53:33 install python3-pyparsing:all <none> 3.1.1-1
2026-02-13 20:53:33 status half-installed python3-pyparsing:all 3.1.1-1
2026-02-13 20:53:33 status unpacked python3-pyparsing:all 3.1.1-1
2026-02-13 20:53:33 install python3-httplib2:all <none> 0.20.4-3
2026-02-13 20:53:33 status half-installed python3-httplib2:all 0.20.4-3
2026-02-13 20:53:33 status unpacked python3-httplib2:all 0.20.4-3
2026-02-13 20:53:33 install python3-jwt:all <none> 2.7.0-1
2026-02-13 20:53:33 status half-installed python3-jwt:all 2.7.0-1
2026-02-13 20:53:33 status unpacked python3-jwt:all 2.7.0-1
2026-02-13 20:53:33 install python3-lazr.uri:all <none> 1.0.6-3
2026-02-13 20:53:33 status half-installed python3-lazr.uri:all 1.0.6-3
2026-02-13 20:53:33 status unpacked python3-lazr.uri:all 1.0.6-3
2026-02-13 20:53:33 install python3-wadllib:all <none> 1.3.6-5
2026-02-13 20:53:33 status half-installed python3-wadllib:all 1.3.6-5
2026-02-13 20:53:33 status unpacked python3-wadllib:all 1.3.6-5
2026-02-13 20:53:33 install python3-distro:all <none> 1.9.0-1
2026-02-13 20:53:33 status half-installed python3-distro:all 1.9.0-1
2026-02-13 20:53:33 status unpacked python3-distro:all 1.9.0-1
2026-02-13 20:53:33 install python3-oauthlib:all <none> 3.2.2-1
2026-02-13 20:53:33 status half-installed python3-oauthlib:all 3.2.2-1
2026-02-13 20:53:33 status unpacked python3-oauthlib:all 3.2.2-1
2026-02-13 20:53:33 install python3-lazr.restfulclient:all <none> 0.14.6-1
2026-02-13 20:53:33 status half-installed python3-lazr.restfulclient:all 0.14.6-1
2026-02-13 20:53:33 status unpacked python3-lazr.restfulclient:all 0.14.6-1
2026-02-13 20:53:33 install python3-six:all <none> 1.16.0-4
2026-02-13 20:53:33 status half-installed python3-six:all 1.16.0-4
2026-02-13 20:53:33 status unpacked python3-six:all 1.16.0-4
2026-02-13 20:53:33 install python3-launchpadlib:all <none> 1.11.0-6
2026-02-13 20:53:33 status half-installed python3-launchpadlib:all 1.11.0-6
2026-02-13 20:53:33 status unpacked python3-launchpadlib:all 1.11.0-6
2026-02-13 20:53:33 install python3-setuptools:all <none> 68.1.2-2ubuntu1.2
2026-02-13 20:53:33 status half-installed python3-setuptools:all 68.1.2-2ubuntu1.2
2026-02-13 20:53:33 status unpacked python3-setuptools:all 68.1.2-2ubuntu1.2
2026-02-13 20:53:33 install python3-wheel:all <none> 0.42.0-2
2026-02-13 20:53:33 status half-installed python3-wheel:all 0.42.0-2
2026-02-13 20:53:33 status unpacked python3-wheel:all 0.42.0-2
2026-02-13 20:53:33 install python3-pip:all <none> 24.0+dfsg-1ubuntu1.3
2026-02-13 20:53:33 status half-installed python3-pip:all 24.0+dfsg-1ubuntu1.3
2026-02-13 20:53:33 status unpacked python3-pip:all 24.0+dfsg-1ubuntu1.3
2026-02-13 20:53:33 install python3-software-properties:all <none> 0.99.49.3
2026-02-13 20:53:33 status half-installed python3-software-properties:all 0.99.49.3
2026-02-13 20:53:33 status unpacked python3-software-properties:all 0.99.49.3
2026-02-13 20:53:33 install python3-toml:all <none> 0.10.2-1
2026-02-13 20:53:33 status half-installed python3-toml:all 0.10.2-1
2026-02-13 20:53:33 status unpacked python3-toml:all 0.10.2-1
2026-02-13 20:53:33 install python3-xmltodict:all <none> 0.13.0-1ubuntu0.24.04.1
2026-02-13 20:53:33 status half-installed python3-xmltodict:all 0.13.0-1ubuntu0.24.04.1
2026-02-13 20:53:33 status unpacked python3-xmltodict:all 0.13.0-1ubuntu0.24.04.1
2026-02-13 20:53:33 install ripgrep:amd64 <none> 14.1.0-1
2026-02-13 20:53:33 status half-installed ripgrep:amd64 14.1.0-1
2026-02-13 20:53:33 status unpacked ripgrep:amd64 14.1.0-1
2026-02-13 20:53:33 install packagekit:amd64 <none> 1.2.8-2ubuntu1.4
2026-02-13 20:53:33 status half-installed packagekit:amd64 1.2.8-2ubuntu1.4
2026-02-13 20:53:33 status unpacked packagekit:amd64 1.2.8-2ubuntu1.4
2026-02-13 20:53:33 install software-properties-common:all <none> 0.99.49.3
2026-02-13 20:53:33 status half-installed software-properties-common:all 0.99.49.3
2026-02-13 20:53:34 status unpacked software-properties-common:all 0.99.49.3
2026-02-13 20:53:34 install tmux:amd64 <none> 3.4-1ubuntu0.1
2026-02-13 20:53:34 status half-installed tmux:amd64 3.4-1ubuntu0.1
2026-02-13 20:53:34 status triggers-pending debianutils:amd64 5.17build1
2026-02-13 20:53:34 status unpacked tmux:amd64 3.4-1ubuntu0.1
2026-02-13 20:53:34 install unzip:amd64 <none> 6.0-28ubuntu4.1
2026-02-13 20:53:34 status half-installed unzip:amd64 6.0-28ubuntu4.1
2026-02-13 20:53:34 status unpacked unzip:amd64 6.0-28ubuntu4.1
2026-02-13 20:53:34 install vim-runtime:all <none> 2:9.1.0016-1ubuntu7.9
2026-02-13 20:53:34 status half-installed vim-runtime:all 2:9.1.0016-1ubuntu7.9
2026-02-13 20:53:34 status unpacked vim-runtime:all 2:9.1.0016-1ubuntu7.9
2026-02-13 20:53:34 install vim:amd64 <none> 2:9.1.0016-1ubuntu7.9
2026-02-13 20:53:34 status half-installed vim:amd64 2:9.1.0016-1ubuntu7.9
2026-02-13 20:53:34 status unpacked vim:amd64 2:9.1.0016-1ubuntu7.9
2026-02-13 20:53:34 install yq:all <none> 3.1.0-3
2026-02-13 20:53:34 status half-installed yq:all 3.1.0-3
2026-02-13 20:53:34 status unpacked yq:all 3.1.0-3
2026-02-13 20:53:34 install zip:amd64 <none> 3.0-13ubuntu0.2
2026-02-13 20:53:34 status half-installed zip:amd64 3.0-13ubuntu0.2
2026-02-13 20:53:34 status unpacked zip:amd64 3.0-13ubuntu0.2
2026-02-13 20:53:34 install gnupg2:all <none> 2.4.4-2ubuntu17.4
2026-02-13 20:53:34 status half-installed gnupg2:all 2.4.4-2ubuntu17.4
2026-02-13 20:53:34 status unpacked gnupg2:all 2.4.4-2ubuntu17.4
2026-02-13 20:53:34 install libglvnd0:amd64 <none> 1.7.0-1build1
2026-02-13 20:53:34 status half-installed libglvnd0:amd64 1.7.0-1build1
2026-02-13 20:53:34 status unpacked libglvnd0:amd64 1.7.0-1build1
2026-02-13 20:53:34 install libglx0:amd64 <none> 1.7.0-1build1
2026-02-13 20:53:34 status half-installed libglx0:amd64 1.7.0-1build1
2026-02-13 20:53:34 status unpacked libglx0:amd64 1.7.0-1build1
2026-02-13 20:53:34 install libgl1:amd64 <none> 1.7.0-1build1
2026-02-13 20:53:34 status half-installed libgl1:amd64 1.7.0-1build1
2026-02-13 20:53:34 status unpacked libgl1:amd64 1.7.0-1build1
2026-02-13 20:53:34 install liblzma-dev:amd64 <none> 5.6.1+really5.4.5-1ubuntu0.2
2026-02-13 20:53:34 status half-installed liblzma-dev:amd64 5.6.1+really5.4.5-1ubuntu0.2
2026-02-13 20:53:34 status unpacked liblzma-dev:amd64 5.6.1+really5.4.5-1ubuntu0.2
2026-02-13 20:53:34 startup packages configure
2026-02-13 20:53:34 configure libksba8:amd64 1.6.6-1build1 <none>
2026-02-13 20:53:34 status unpacked libksba8:amd64 1.6.6-1build1
2026-02-13 20:53:34 status half-configured libksba8:amd64 1.6.6-1build1
2026-02-13 20:53:34 status installed libksba8:amd64 1.6.6-1build1
2026-02-13 20:53:34 configure pinentry-curses:amd64 1.2.1-3ubuntu5 <none>
2026-02-13 20:53:34 status unpacked pinentry-curses:amd64 1.2.1-3ubuntu5
2026-02-13 20:53:34 status half-configured pinentry-curses:amd64 1.2.1-3ubuntu5
2026-02-13 20:53:34 status installed pinentry-curses:amd64 1.2.1-3ubuntu5
2026-02-13 20:53:34 configure media-types:all 10.1.0 <none>
2026-02-13 20:53:34 status unpacked media-types:all 10.1.0
2026-02-13 20:53:34 status half-configured media-types:all 10.1.0
2026-02-13 20:53:34 status installed media-types:all 10.1.0
2026-02-13 20:53:34 configure libgraphite2-3:amd64 1.3.14-2build1 <none>
2026-02-13 20:53:34 status unpacked libgraphite2-3:amd64 1.3.14-2build1
2026-02-13 20:53:34 status half-configured libgraphite2-3:amd64 1.3.14-2build1
2026-02-13 20:53:34 status installed libgraphite2-3:amd64 1.3.14-2build1
2026-02-13 20:53:34 configure liblcms2-2:amd64 2.14-2build1 <none>
2026-02-13 20:53:34 status unpacked liblcms2-2:amd64 2.14-2build1
2026-02-13 20:53:34 status half-configured liblcms2-2:amd64 2.14-2build1
2026-02-13 20:53:34 status installed liblcms2-2:amd64 2.14-2build1
2026-02-13 20:53:34 configure libpixman-1-0:amd64 0.42.2-1build1 <none>
2026-02-13 20:53:34 status unpacked libpixman-1-0:amd64 0.42.2-1build1
2026-02-13 20:53:34 status half-configured libpixman-1-0:amd64 0.42.2-1build1
2026-02-13 20:53:34 status installed libpixman-1-0:amd64 0.42.2-1build1
2026-02-13 20:53:34 configure libsharpyuv0:amd64 1.3.2-0.4build3 <none>
2026-02-13 20:53:34 status unpacked libsharpyuv0:amd64 1.3.2-0.4build3
2026-02-13 20:53:34 status half-configured libsharpyuv0:amd64 1.3.2-0.4build3
2026-02-13 20:53:34 status installed libsharpyuv0:amd64 1.3.2-0.4build3
2026-02-13 20:53:34 configure liborcus-parser-0.18-0:amd64 0.19.2-3build3 <none>
2026-02-13 20:53:34 status unpacked liborcus-parser-0.18-0:amd64 0.19.2-3build3
2026-02-13 20:53:34 status half-configured liborcus-parser-0.18-0:amd64 0.19.2-3build3
2026-02-13 20:53:34 status installed liborcus-parser-0.18-0:amd64 0.19.2-3build3
2026-02-13 20:53:34 configure libpciaccess0:amd64 0.17-3ubuntu0.24.04.2 <none>
2026-02-13 20:53:34 status unpacked libpciaccess0:amd64 0.17-3ubuntu0.24.04.2
2026-02-13 20:53:34 status half-configured libpciaccess0:amd64 0.17-3ubuntu0.24.04.2
2026-02-13 20:53:34 status installed libpciaccess0:amd64 0.17-3ubuntu0.24.04.2
2026-02-13 20:53:34 configure systemd-sysv:amd64 255.4-1ubuntu8.12 <none>
2026-02-13 20:53:34 status unpacked systemd-sysv:amd64 255.4-1ubuntu8.12
2026-02-13 20:53:34 status half-configured systemd-sysv:amd64 255.4-1ubuntu8.12
2026-02-13 20:53:34 status installed systemd-sysv:amd64 255.4-1ubuntu8.12
2026-02-13 20:53:34 configure libxau6:amd64 1:1.0.9-1build6 <none>
2026-02-13 20:53:34 status unpacked libxau6:amd64 1:1.0.9-1build6
2026-02-13 20:53:34 status half-configured libxau6:amd64 1:1.0.9-1build6
2026-02-13 20:53:34 status installed libxau6:amd64 1:1.0.9-1build6
2026-02-13 20:53:34 configure libkeyutils1:amd64 1.6.3-3build1 <none>
2026-02-13 20:53:34 status unpacked libkeyutils1:amd64 1.6.3-3build1
2026-02-13 20:53:34 status half-configured libkeyutils1:amd64 1.6.3-3build1
2026-02-13 20:53:34 status installed libkeyutils1:amd64 1.6.3-3build1
2026-02-13 20:53:34 configure lto-disabled-list:all 47 <none>
2026-02-13 20:53:34 status unpacked lto-disabled-list:all 47
2026-02-13 20:53:34 status half-configured lto-disabled-list:all 47
2026-02-13 20:53:34 status installed lto-disabled-list:all 47
2026-02-13 20:53:34 configure libsodium23:amd64 1.0.18-1ubuntu0.24.04.1 <none>
2026-02-13 20:53:34 status unpacked libsodium23:amd64 1.0.18-1ubuntu0.24.04.1
2026-02-13 20:53:34 status half-configured libsodium23:amd64 1.0.18-1ubuntu0.24.04.1
2026-02-13 20:53:34 status installed libsodium23:amd64 1.0.18-1ubuntu0.24.04.1
2026-02-13 20:53:34 configure libpixman-1-dev:amd64 0.42.2-1build1 <none>
2026-02-13 20:53:34 status unpacked libpixman-1-dev:amd64 0.42.2-1build1
2026-02-13 20:53:34 status half-configured libpixman-1-dev:amd64 0.42.2-1build1
2026-02-13 20:53:34 status installed libpixman-1-dev:amd64 0.42.2-1build1
2026-02-13 20:53:34 configure libgpm2:amd64 1.20.7-11 <none>
2026-02-13 20:53:34 status unpacked libgpm2:amd64 1.20.7-11
2026-02-13 20:53:34 status half-configured libgpm2:amd64 1.20.7-11
2026-02-13 20:53:34 status installed libgpm2:amd64 1.20.7-11
2026-02-13 20:53:34 configure libuno-sal3t64:amd64 4:24.2.7-0ubuntu0.24.04.4 <none>
2026-02-13 20:53:34 status unpacked libuno-sal3t64:amd64 4:24.2.7-0ubuntu0.24.04.4
2026-02-13 20:53:34 status half-configured libuno-sal3t64:amd64 4:24.2.7-0ubuntu0.24.04.4
2026-02-13 20:53:34 status installed libuno-sal3t64:amd64 4:24.2.7-0ubuntu0.24.04.4
2026-02-13 20:53:34 configure liblerc4:amd64 4.0.0+ds-4ubuntu2 <none>
2026-02-13 20:53:34 status unpacked liblerc4:amd64 4.0.0+ds-4ubuntu2
2026-02-13 20:53:34 status half-configured liblerc4:amd64 4.0.0+ds-4ubuntu2
2026-02-13 20:53:34 status installed liblerc4:amd64 4.0.0+ds-4ubuntu2
2026-02-13 20:53:35 configure libgdbm6t64:amd64 1.23-5.1build1 <none>
2026-02-13 20:53:35 status unpacked libgdbm6t64:amd64 1.23-5.1build1
2026-02-13 20:53:35 status half-configured libgdbm6t64:amd64 1.23-5.1build1
2026-02-13 20:53:35 status installed libgdbm6t64:amd64 1.23-5.1build1
2026-02-13 20:53:35 configure libhyphen0:amd64 2.8.8-7build3 <none>
2026-02-13 20:53:35 status unpacked libhyphen0:amd64 2.8.8-7build3
2026-02-13 20:53:35 status half-configured libhyphen0:amd64 2.8.8-7build3
2026-02-13 20:53:35 status installed libhyphen0:amd64 2.8.8-7build3
2026-02-13 20:53:35 configure libgdbm-compat4t64:amd64 1.23-5.1build1 <none>
2026-02-13 20:53:35 status unpacked libgdbm-compat4t64:amd64 1.23-5.1build1
2026-02-13 20:53:35 status half-configured libgdbm-compat4t64:amd64 1.23-5.1build1
2026-02-13 20:53:35 status installed libgdbm-compat4t64:amd64 1.23-5.1build1
2026-02-13 20:53:35 configure libclucene-core1t64:amd64 2.3.3.4+dfsg-1.2ubuntu2 <none>
2026-02-13 20:53:35 status unpacked libclucene-core1t64:amd64 2.3.3.4+dfsg-1.2ubuntu2
2026-02-13 20:53:35 status half-configured libclucene-core1t64:amd64 2.3.3.4+dfsg-1.2ubuntu2
2026-02-13 20:53:35 status installed libclucene-core1t64:amd64 2.3.3.4+dfsg-1.2ubuntu2
2026-02-13 20:53:35 configure libmagic-mgc:amd64 1:5.45-3build1 <none>
2026-02-13 20:53:35 status unpacked libmagic-mgc:amd64 1:5.45-3build1
2026-02-13 20:53:35 status half-configured libmagic-mgc:amd64 1:5.45-3build1
2026-02-13 20:53:35 status installed libmagic-mgc:amd64 1:5.45-3build1
2026-02-13 20:53:35 configure libyaml-0-2:amd64 0.2.5-1build1 <none>
2026-02-13 20:53:35 status unpacked libyaml-0-2:amd64 0.2.5-1build1
2026-02-13 20:53:35 status half-configured libyaml-0-2:amd64 0.2.5-1build1
2026-02-13 20:53:35 status installed libyaml-0-2:amd64 0.2.5-1build1
2026-02-13 20:53:35 configure distro-info-data:all 0.60ubuntu0.5 <none>
2026-02-13 20:53:35 status unpacked distro-info-data:all 0.60ubuntu0.5
2026-02-13 20:53:35 status half-configured distro-info-data:all 0.60ubuntu0.5
2026-02-13 20:53:35 status installed distro-info-data:all 0.60ubuntu0.5
2026-02-13 20:53:35 configure libglvnd0:amd64 1.7.0-1build1 <none>
2026-02-13 20:53:35 status unpacked libglvnd0:amd64 1.7.0-1build1
2026-02-13 20:53:35 status half-configured libglvnd0:amd64 1.7.0-1build1
2026-02-13 20:53:35 status installed libglvnd0:amd64 1.7.0-1build1
2026-02-13 20:53:35 configure libtirpc-common:all 1.3.4+ds-1.1build1 <none>
2026-02-13 20:53:35 status unpacked libtirpc-common:all 1.3.4+ds-1.1build1
2026-02-13 20:53:35 status half-configured libtirpc-common:all 1.3.4+ds-1.1build1
2026-02-13 20:53:35 status installed libtirpc-common:all 1.3.4+ds-1.1build1
2026-02-13 20:53:35 configure unzip:amd64 6.0-28ubuntu4.1 <none>
2026-02-13 20:53:35 status unpacked unzip:amd64 6.0-28ubuntu4.1
2026-02-13 20:53:35 status half-configured unzip:amd64 6.0-28ubuntu4.1
2026-02-13 20:53:35 status installed unzip:amd64 6.0-28ubuntu4.1
2026-02-13 20:53:35 configure libbrotli1:amd64 1.1.0-2build2 <none>
2026-02-13 20:53:35 status unpacked libbrotli1:amd64 1.1.0-2build2
2026-02-13 20:53:35 status half-configured libbrotli1:amd64 1.1.0-2build2
2026-02-13 20:53:35 status installed libbrotli1:amd64 1.1.0-2build2
2026-02-13 20:53:35 configure libsqlite3-0:amd64 3.45.1-1ubuntu2.5 <none>
2026-02-13 20:53:35 status unpacked libsqlite3-0:amd64 3.45.1-1ubuntu2.5
2026-02-13 20:53:35 status half-configured libsqlite3-0:amd64 3.45.1-1ubuntu2.5
2026-02-13 20:53:35 status installed libsqlite3-0:amd64 3.45.1-1ubuntu2.5
2026-02-13 20:53:35 configure libuv1t64:amd64 1.48.0-1.1build1 <none>
2026-02-13 20:53:35 status unpacked libuv1t64:amd64 1.48.0-1.1build1
2026-02-13 20:53:35 status half-configured libuv1t64:amd64 1.48.0-1.1build1
2026-02-13 20:53:35 status installed libuv1t64:amd64 1.48.0-1.1build1
2026-02-13 20:53:35 configure libmagic1t64:amd64 1:5.45-3build1 <none>
2026-02-13 20:53:35 status unpacked libmagic1t64:amd64 1:5.45-3build1
2026-02-13 20:53:35 status half-configured libmagic1t64:amd64 1:5.45-3build1
2026-02-13 20:53:35 status installed libmagic1t64:amd64 1:5.45-3build1
2026-02-13 20:53:35 configure binutils-common:amd64 2.42-4ubuntu2.8 <none>
2026-02-13 20:53:35 status unpacked binutils-common:amd64 2.42-4ubuntu2.8
2026-02-13 20:53:35 status half-configured binutils-common:amd64 2.42-4ubuntu2.8
2026-02-13 20:53:35 status installed binutils-common:amd64 2.42-4ubuntu2.8
2026-02-13 20:53:35 configure libyajl2:amd64 2.1.0-5build1 <none>
2026-02-13 20:53:35 status unpacked libyajl2:amd64 2.1.0-5build1
2026-02-13 20:53:35 status half-configured libyajl2:amd64 2.1.0-5build1
2026-02-13 20:53:35 status installed libyajl2:amd64 2.1.0-5build1
2026-02-13 20:53:35 configure x11-common:all 1:7.7+23ubuntu3 <none>
2026-02-13 20:53:35 status unpacked x11-common:all 1:7.7+23ubuntu3
2026-02-13 20:53:35 status half-configured x11-common:all 1:7.7+23ubuntu3
2026-02-13 20:53:35 status installed x11-common:all 1:7.7+23ubuntu3
2026-02-13 20:53:35 configure libsensors-config:all 1:3.6.0-9build1 <none>
2026-02-13 20:53:35 status unpacked libsensors-config:all 1:3.6.0-9build1
2026-02-13 20:53:35 status half-configured libsensors-config:all 1:3.6.0-9build1
2026-02-13 20:53:35 status installed libsensors-config:all 1:3.6.0-9build1
2026-02-13 20:53:35 configure libpsl5t64:amd64 0.21.2-1.1build1 <none>
2026-02-13 20:53:35 status unpacked libpsl5t64:amd64 0.21.2-1.1build1
2026-02-13 20:53:35 status half-configured libpsl5t64:amd64 0.21.2-1.1build1
2026-02-13 20:53:35 status installed libpsl5t64:amd64 0.21.2-1.1build1
2026-02-13 20:53:35 configure libnghttp2-14:amd64 1.59.0-1ubuntu0.2 <none>
2026-02-13 20:53:35 status unpacked libnghttp2-14:amd64 1.59.0-1ubuntu0.2
2026-02-13 20:53:35 status half-configured libnghttp2-14:amd64 1.59.0-1ubuntu0.2
2026-02-13 20:53:35 status installed libnghttp2-14:amd64 1.59.0-1ubuntu0.2
2026-02-13 20:53:35 configure libdeflate0:amd64 1.19-1build1.1 <none>
2026-02-13 20:53:35 status unpacked libdeflate0:amd64 1.19-1build1.1
2026-02-13 20:53:35 status half-configured libdeflate0:amd64 1.19-1build1.1
2026-02-13 20:53:35 status installed libdeflate0:amd64 1.19-1build1.1
2026-02-13 20:53:35 configure less:amd64 590-2ubuntu2.1 <none>
2026-02-13 20:53:35 status unpacked less:amd64 590-2ubuntu2.1
2026-02-13 20:53:35 status half-configured less:amd64 590-2ubuntu2.1
2026-02-13 20:53:35 status installed less:amd64 590-2ubuntu2.1
2026-02-13 20:53:35 configure libclucene-contribs1t64:amd64 2.3.3.4+dfsg-1.2ubuntu2 <none>
2026-02-13 20:53:35 status unpacked libclucene-contribs1t64:amd64 2.3.3.4+dfsg-1.2ubuntu2
2026-02-13 20:53:35 status half-configured libclucene-contribs1t64:amd64 2.3.3.4+dfsg-1.2ubuntu2
2026-02-13 20:53:35 status installed libclucene-contribs1t64:amd64 2.3.3.4+dfsg-1.2ubuntu2
2026-02-13 20:53:35 configure linux-libc-dev:amd64 6.8.0-100.100 <none>
2026-02-13 20:53:35 status unpacked linux-libc-dev:amd64 6.8.0-100.100
2026-02-13 20:53:35 status half-configured linux-libc-dev:amd64 6.8.0-100.100
2026-02-13 20:53:35 status installed linux-libc-dev:amd64 6.8.0-100.100
2026-02-13 20:53:35 configure libctf-nobfd0:amd64 2.42-4ubuntu2.8 <none>
2026-02-13 20:53:35 status unpacked libctf-nobfd0:amd64 2.42-4ubuntu2.8
2026-02-13 20:53:35 status half-configured libctf-nobfd0:amd64 2.42-4ubuntu2.8
2026-02-13 20:53:35 status installed libctf-nobfd0:amd64 2.42-4ubuntu2.8
2026-02-13 20:53:35 configure libboost-thread1.83.0:amd64 1.83.0-2.1ubuntu3.2 <none>
2026-02-13 20:53:35 status unpacked libboost-thread1.83.0:amd64 1.83.0-2.1ubuntu3.2
2026-02-13 20:53:35 status half-configured libboost-thread1.83.0:amd64 1.83.0-2.1ubuntu3.2
2026-02-13 20:53:35 status installed libboost-thread1.83.0:amd64 1.83.0-2.1ubuntu3.2
2026-02-13 20:53:35 configure liblzo2-2:amd64 2.10-2build4 <none>
2026-02-13 20:53:35 status unpacked liblzo2-2:amd64 2.10-2build4
2026-02-13 20:53:35 status half-configured liblzo2-2:amd64 2.10-2build4
2026-02-13 20:53:35 status installed liblzo2-2:amd64 2.10-2build4
2026-02-13 20:53:35 configure libeot0:amd64 0.01-5build3 <none>
2026-02-13 20:53:35 status unpacked libeot0:amd64 0.01-5build3
2026-02-13 20:53:35 status half-configured libeot0:amd64 0.01-5build3
2026-02-13 20:53:35 status installed libeot0:amd64 0.01-5build3
2026-02-13 20:53:35 configure file:amd64 1:5.45-3build1 <none>
2026-02-13 20:53:35 status unpacked file:amd64 1:5.45-3build1
2026-02-13 20:53:35 status half-configured file:amd64 1:5.45-3build1
2026-02-13 20:53:35 status installed file:amd64 1:5.45-3build1
2026-02-13 20:53:35 configure libjemalloc2:amd64 5.3.0-2build1 <none>
2026-02-13 20:53:35 status unpacked libjemalloc2:amd64 5.3.0-2build1
2026-02-13 20:53:35 status half-configured libjemalloc2:amd64 5.3.0-2build1
2026-02-13 20:53:35 status installed libjemalloc2:amd64 5.3.0-2build1
2026-02-13 20:53:35 configure libgomp1:amd64 14.2.0-4ubuntu2~24.04 <none>
2026-02-13 20:53:35 status unpacked libgomp1:amd64 14.2.0-4ubuntu2~24.04
2026-02-13 20:53:35 status half-configured libgomp1:amd64 14.2.0-4ubuntu2~24.04
2026-02-13 20:53:35 status installed libgomp1:amd64 14.2.0-4ubuntu2~24.04
2026-02-13 20:53:35 configure bzip2:amd64 1.0.8-5.1build0.1 <none>
2026-02-13 20:53:35 status unpacked bzip2:amd64 1.0.8-5.1build0.1
2026-02-13 20:53:35 status half-configured bzip2:amd64 1.0.8-5.1build0.1
2026-02-13 20:53:35 status installed bzip2:amd64 1.0.8-5.1build0.1
2026-02-13 20:53:35 configure libffi-dev:amd64 3.4.6-1build1 <none>
2026-02-13 20:53:35 status unpacked libffi-dev:amd64 3.4.6-1build1
2026-02-13 20:53:35 status half-configured libffi-dev:amd64 3.4.6-1build1
2026-02-13 20:53:35 status installed libffi-dev:amd64 3.4.6-1build1
2026-02-13 20:53:35 configure locales:all 2.39-0ubuntu8.7 <none>
2026-02-13 20:53:35 status unpacked locales:all 2.39-0ubuntu8.7
2026-02-13 20:53:35 status half-configured locales:all 2.39-0ubuntu8.7
2026-02-13 20:53:36 status installed locales:all 2.39-0ubuntu8.7
2026-02-13 20:53:36 configure libunwind8:amd64 1.6.2-3build1.1 <none>
2026-02-13 20:53:36 status unpacked libunwind8:amd64 1.6.2-3build1.1
2026-02-13 20:53:36 status half-configured libunwind8:amd64 1.6.2-3build1.1
2026-02-13 20:53:36 status installed libunwind8:amd64 1.6.2-3build1.1
2026-02-13 20:53:36 configure libpthread-stubs0-dev:amd64 0.4-1build3 <none>
2026-02-13 20:53:36 status unpacked libpthread-stubs0-dev:amd64 0.4-1build3
2026-02-13 20:53:36 status half-configured libpthread-stubs0-dev:amd64 0.4-1build3
2026-02-13 20:53:36 status installed libpthread-stubs0-dev:amd64 0.4-1build3
2026-02-13 20:53:36 configure libjbig0:amd64 2.1-6.1ubuntu2 <none>
2026-02-13 20:53:36 status unpacked libjbig0:amd64 2.1-6.1ubuntu2
2026-02-13 20:53:36 status half-configured libjbig0:amd64 2.1-6.1ubuntu2
2026-02-13 20:53:36 status installed libjbig0:amd64 2.1-6.1ubuntu2
2026-02-13 20:53:36 configure libpcre2-16-0:amd64 10.42-4ubuntu2.1 <none>
2026-02-13 20:53:36 status unpacked libpcre2-16-0:amd64 10.42-4ubuntu2.1
2026-02-13 20:53:36 status half-configured libpcre2-16-0:amd64 10.42-4ubuntu2.1
2026-02-13 20:53:36 status installed libpcre2-16-0:amd64 10.42-4ubuntu2.1
2026-02-13 20:53:36 configure libsframe1:amd64 2.42-4ubuntu2.8 <none>
2026-02-13 20:53:36 status unpacked libsframe1:amd64 2.42-4ubuntu2.8
2026-02-13 20:53:36 status half-configured libsframe1:amd64 2.42-4ubuntu2.8
2026-02-13 20:53:36 status installed libsframe1:amd64 2.42-4ubuntu2.8
2026-02-13 20:53:36 configure librevenge-0.0-0:amd64 0.0.5-3build1 <none>
2026-02-13 20:53:36 status unpacked librevenge-0.0-0:amd64 0.0.5-3build1
2026-02-13 20:53:36 status half-configured librevenge-0.0-0:amd64 0.0.5-3build1
2026-02-13 20:53:36 status installed librevenge-0.0-0:amd64 0.0.5-3build1
2026-02-13 20:53:36 configure ninja-build:amd64 1.11.1-2 <none>
2026-02-13 20:53:36 status unpacked ninja-build:amd64 1.11.1-2
2026-02-13 20:53:36 status half-configured ninja-build:amd64 1.11.1-2
2026-02-13 20:53:36 status installed ninja-build:amd64 1.11.1-2
2026-02-13 20:53:36 configure libelf1t64:amd64 0.190-1.1ubuntu0.1 <none>
2026-02-13 20:53:36 status unpacked libelf1t64:amd64 0.190-1.1ubuntu0.1
2026-02-13 20:53:36 status half-configured libelf1t64:amd64 0.190-1.1ubuntu0.1
2026-02-13 20:53:36 status installed libelf1t64:amd64 0.190-1.1ubuntu0.1
2026-02-13 20:53:36 configure libjansson4:amd64 2.14-2build2 <none>
2026-02-13 20:53:36 status unpacked libjansson4:amd64 2.14-2build2
2026-02-13 20:53:36 status half-configured libjansson4:amd64 2.14-2build2
2026-02-13 20:53:36 status installed libjansson4:amd64 2.14-2build2
2026-02-13 20:53:36 configure liborc-0.4-0t64:amd64 1:0.4.38-1ubuntu0.1 <none>
2026-02-13 20:53:36 status unpacked liborc-0.4-0t64:amd64 1:0.4.38-1ubuntu0.1
2026-02-13 20:53:36 status half-configured liborc-0.4-0t64:amd64 1:0.4.38-1ubuntu0.1
2026-02-13 20:53:36 status installed liborc-0.4-0t64:amd64 1:0.4.38-1ubuntu0.1
2026-02-13 20:53:36 configure libkrb5support0:amd64 1.20.1-6ubuntu2.6 <none>
2026-02-13 20:53:36 status unpacked libkrb5support0:amd64 1.20.1-6ubuntu2.6
2026-02-13 20:53:36 status half-configured libkrb5support0:amd64 1.20.1-6ubuntu2.6
2026-02-13 20:53:36 status installed libkrb5support0:amd64 1.20.1-6ubuntu2.6
2026-02-13 20:53:36 configure libdw1t64:amd64 0.190-1.1ubuntu0.1 <none>
2026-02-13 20:53:36 status unpacked libdw1t64:amd64 0.190-1.1ubuntu0.1
2026-02-13 20:53:36 status half-configured libdw1t64:amd64 0.190-1.1ubuntu0.1
2026-02-13 20:53:36 status installed libdw1t64:amd64 0.190-1.1ubuntu0.1
2026-02-13 20:53:36 configure libsasl2-modules-db:amd64 2.1.28+dfsg1-5ubuntu3.1 <none>
2026-02-13 20:53:36 status unpacked libsasl2-modules-db:amd64 2.1.28+dfsg1-5ubuntu3.1
2026-02-13 20:53:36 status half-configured libsasl2-modules-db:amd64 2.1.28+dfsg1-5ubuntu3.1
2026-02-13 20:53:36 status installed libsasl2-modules-db:amd64 2.1.28+dfsg1-5ubuntu3.1
2026-02-13 20:53:36 configure tzdata:all 2025b-0ubuntu0.24.04.1 <none>
2026-02-13 20:53:36 status unpacked tzdata:all 2025b-0ubuntu0.24.04.1
2026-02-13 20:53:36 status half-configured tzdata:all 2025b-0ubuntu0.24.04.1
2026-02-13 20:53:36 status installed tzdata:all 2025b-0ubuntu0.24.04.1
2026-02-13 20:53:36 configure libcap2-bin:amd64 1:2.66-5ubuntu2.2 <none>
2026-02-13 20:53:36 status unpacked libcap2-bin:amd64 1:2.66-5ubuntu2.2
2026-02-13 20:53:36 status half-configured libcap2-bin:amd64 1:2.66-5ubuntu2.2
2026-02-13 20:53:36 status installed libcap2-bin:amd64 1:2.66-5ubuntu2.2
2026-02-13 20:53:36 configure xtrans-dev:all 1.4.0-1 <none>
2026-02-13 20:53:36 status unpacked xtrans-dev:all 1.4.0-1
2026-02-13 20:53:36 status half-configured xtrans-dev:all 1.4.0-1
2026-02-13 20:53:36 status installed xtrans-dev:all 1.4.0-1
2026-02-13 20:53:36 configure zip:amd64 3.0-13ubuntu0.2 <none>
2026-02-13 20:53:36 status unpacked zip:amd64 3.0-13ubuntu0.2
2026-02-13 20:53:36 status half-configured zip:amd64 3.0-13ubuntu0.2
2026-02-13 20:53:36 status installed zip:amd64 3.0-13ubuntu0.2
2026-02-13 20:53:36 configure libreoffice-style-colibre:all 4:24.2.7-0ubuntu0.24.04.4 <none>
2026-02-13 20:53:36 status unpacked libreoffice-style-colibre:all 4:24.2.7-0ubuntu0.24.04.4
2026-02-13 20:53:36 status half-configured libreoffice-style-colibre:all 4:24.2.7-0ubuntu0.24.04.4
2026-02-13 20:53:36 status installed libreoffice-style-colibre:all 4:24.2.7-0ubuntu0.24.04.4
2026-02-13 20:53:36 configure libpcre2-32-0:amd64 10.42-4ubuntu2.1 <none>
2026-02-13 20:53:36 status unpacked libpcre2-32-0:amd64 10.42-4ubuntu2.1
2026-02-13 20:53:36 status half-configured libpcre2-32-0:amd64 10.42-4ubuntu2.1
2026-02-13 20:53:36 status installed libpcre2-32-0:amd64 10.42-4ubuntu2.1
2026-02-13 20:53:36 configure libglib2.0-0t64:amd64 2.80.0-6ubuntu3.8 <none>
2026-02-13 20:53:36 status unpacked libglib2.0-0t64:amd64 2.80.0-6ubuntu3.8
2026-02-13 20:53:36 status half-configured libglib2.0-0t64:amd64 2.80.0-6ubuntu3.8
2026-02-13 20:53:36 status installed libglib2.0-0t64:amd64 2.80.0-6ubuntu3.8
2026-02-13 20:53:36 configure libglib2.0-data:all 2.80.0-6ubuntu3.8 <none>
2026-02-13 20:53:36 status unpacked libglib2.0-data:all 2.80.0-6ubuntu3.8
2026-02-13 20:53:36 status half-configured libglib2.0-data:all 2.80.0-6ubuntu3.8
2026-02-13 20:53:36 status installed libglib2.0-data:all 2.80.0-6ubuntu3.8
2026-02-13 20:53:36 configure libpkgconf3:amd64 1.8.1-2build1 <none>
2026-02-13 20:53:36 status unpacked libpkgconf3:amd64 1.8.1-2build1
2026-02-13 20:53:36 status half-configured libpkgconf3:amd64 1.8.1-2build1
2026-02-13 20:53:36 status installed libpkgconf3:amd64 1.8.1-2build1
2026-02-13 20:53:36 configure rpcsvc-proto:amd64 1.4.2-0ubuntu7 <none>
2026-02-13 20:53:36 status unpacked rpcsvc-proto:amd64 1.4.2-0ubuntu7
2026-02-13 20:53:36 status half-configured rpcsvc-proto:amd64 1.4.2-0ubuntu7
2026-02-13 20:53:36 status installed rpcsvc-proto:amd64 1.4.2-0ubuntu7
2026-02-13 20:53:36 configure vim-common:all 2:9.1.0016-1ubuntu7.9 <none>
2026-02-13 20:53:36 status unpacked vim-common:all 2:9.1.0016-1ubuntu7.9
2026-02-13 20:53:36 status half-configured vim-common:all 2:9.1.0016-1ubuntu7.9
2026-02-13 20:53:36 status installed vim-common:all 2:9.1.0016-1ubuntu7.9
2026-02-13 20:53:36 configure gcc-13-base:amd64 13.3.0-6ubuntu2~24.04 <none>
2026-02-13 20:53:36 status unpacked gcc-13-base:amd64 13.3.0-6ubuntu2~24.04
2026-02-13 20:53:36 status half-configured gcc-13-base:amd64 13.3.0-6ubuntu2~24.04
2026-02-13 20:53:36 status installed gcc-13-base:amd64 13.3.0-6ubuntu2~24.04
2026-02-13 20:53:36 configure libx11-data:all 2:1.8.7-1build1 <none>
2026-02-13 20:53:36 status unpacked libx11-data:all 2:1.8.7-1build1
2026-02-13 20:53:36 status half-configured libx11-data:all 2:1.8.7-1build1
2026-02-13 20:53:36 status installed libx11-data:all 2:1.8.7-1build1
2026-02-13 20:53:36 configure make:amd64 4.3-4.1build2 <none>
2026-02-13 20:53:36 status unpacked make:amd64 4.3-4.1build2
2026-02-13 20:53:36 status half-configured make:amd64 4.3-4.1build2
2026-02-13 20:53:36 status installed make:amd64 4.3-4.1build2
2026-02-13 20:53:36 configure libepoxy0:amd64 1.5.10-1build1 <none>
2026-02-13 20:53:36 status unpacked libepoxy0:amd64 1.5.10-1build1
2026-02-13 20:53:36 status half-configured libepoxy0:amd64 1.5.10-1build1
2026-02-13 20:53:36 status installed libepoxy0:amd64 1.5.10-1build1
2026-02-13 20:53:36 configure libmpfr6:amd64 4.2.1-1build1.1 <none>
2026-02-13 20:53:36 status unpacked libmpfr6:amd64 4.2.1-1build1.1
2026-02-13 20:53:36 status half-configured libmpfr6:amd64 4.2.1-1build1.1
2026-02-13 20:53:36 status installed libmpfr6:amd64 4.2.1-1build1.1
2026-02-13 20:53:36 configure libnspr4:amd64 2:4.35-1.1build1 <none>
2026-02-13 20:53:36 status unpacked libnspr4:amd64 2:4.35-1.1build1
2026-02-13 20:53:36 status half-configured libnspr4:amd64 2:4.35-1.1build1
2026-02-13 20:53:36 status installed libnspr4:amd64 2:4.35-1.1build1
2026-02-13 20:53:36 configure librtmp1:amd64 2.4+20151223.gitfa8646d.1-2build7 <none>
2026-02-13 20:53:36 status unpacked librtmp1:amd64 2.4+20151223.gitfa8646d.1-2build7
2026-02-13 20:53:36 status half-configured librtmp1:amd64 2.4+20151223.gitfa8646d.1-2build7
2026-02-13 20:53:36 status installed librtmp1:amd64 2.4+20151223.gitfa8646d.1-2build7
2026-02-13 20:53:36 configure libboost-iostreams1.83.0:amd64 1.83.0-2.1ubuntu3.2 <none>
2026-02-13 20:53:36 status unpacked libboost-iostreams1.83.0:amd64 1.83.0-2.1ubuntu3.2
2026-02-13 20:53:36 status half-configured libboost-iostreams1.83.0:amd64 1.83.0-2.1ubuntu3.2
2026-02-13 20:53:36 status installed libboost-iostreams1.83.0:amd64 1.83.0-2.1ubuntu3.2
2026-02-13 20:53:36 configure libavahi-common-data:amd64 0.8-13ubuntu6.1 <none>
2026-02-13 20:53:36 status unpacked libavahi-common-data:amd64 0.8-13ubuntu6.1
2026-02-13 20:53:36 status half-configured libavahi-common-data:amd64 0.8-13ubuntu6.1
2026-02-13 20:53:36 status installed libavahi-common-data:amd64 0.8-13ubuntu6.1
2026-02-13 20:53:36 configure libncurses6:amd64 6.4+20240113-1ubuntu2 <none>
2026-02-13 20:53:36 status unpacked libncurses6:amd64 6.4+20240113-1ubuntu2
2026-02-13 20:53:36 status half-configured libncurses6:amd64 6.4+20240113-1ubuntu2
2026-02-13 20:53:36 status installed libncurses6:amd64 6.4+20240113-1ubuntu2
2026-02-13 20:53:36 configure strace:amd64 6.8-0ubuntu2 <none>
2026-02-13 20:53:36 status unpacked strace:amd64 6.8-0ubuntu2
2026-02-13 20:53:36 status half-configured strace:amd64 6.8-0ubuntu2
2026-02-13 20:53:36 status installed strace:amd64 6.8-0ubuntu2
2026-02-13 20:53:36 configure libdbus-1-3:amd64 1.14.10-4ubuntu4.1 <none>
2026-02-13 20:53:36 status unpacked libdbus-1-3:amd64 1.14.10-4ubuntu4.1
2026-02-13 20:53:36 status half-configured libdbus-1-3:amd64 1.14.10-4ubuntu4.1
2026-02-13 20:53:36 status installed libdbus-1-3:amd64 1.14.10-4ubuntu4.1
2026-02-13 20:53:36 configure liblzf1:amd64 3.6-4 <none>
2026-02-13 20:53:36 status unpacked liblzf1:amd64 3.6-4
2026-02-13 20:53:36 status half-configured liblzf1:amd64 3.6-4
2026-02-13 20:53:36 status installed liblzf1:amd64 3.6-4
2026-02-13 20:53:36 configure xz-utils:amd64 5.6.1+really5.4.5-1ubuntu0.2 <none>
2026-02-13 20:53:36 status unpacked xz-utils:amd64 5.6.1+really5.4.5-1ubuntu0.2
2026-02-13 20:53:36 status half-configured xz-utils:amd64 5.6.1+really5.4.5-1ubuntu0.2
2026-02-13 20:53:36 status installed xz-utils:amd64 5.6.1+really5.4.5-1ubuntu0.2
2026-02-13 20:53:36 configure perl-modules-5.38:all 5.38.2-3.2ubuntu0.2 <none>
2026-02-13 20:53:36 status unpacked perl-modules-5.38:all 5.38.2-3.2ubuntu0.2
2026-02-13 20:53:36 status half-configured perl-modules-5.38:all 5.38.2-3.2ubuntu0.2
2026-02-13 20:53:36 status installed perl-modules-5.38:all 5.38.2-3.2ubuntu0.2
2026-02-13 20:53:36 configure libquadmath0:amd64 14.2.0-4ubuntu2~24.04 <none>
2026-02-13 20:53:36 status unpacked libquadmath0:amd64 14.2.0-4ubuntu2~24.04
2026-02-13 20:53:36 status half-configured libquadmath0:amd64 14.2.0-4ubuntu2~24.04
2026-02-13 20:53:36 status installed libquadmath0:amd64 14.2.0-4ubuntu2~24.04
2026-02-13 20:53:36 configure fonts-dejavu-mono:all 2.37-8 <none>
2026-02-13 20:53:36 status unpacked fonts-dejavu-mono:all 2.37-8
2026-02-13 20:53:36 status half-configured fonts-dejavu-mono:all 2.37-8
2026-02-13 20:53:36 status installed fonts-dejavu-mono:all 2.37-8
2026-02-13 20:53:36 configure libssl-dev:amd64 3.0.13-0ubuntu3.7 <none>
2026-02-13 20:53:36 status unpacked libssl-dev:amd64 3.0.13-0ubuntu3.7
2026-02-13 20:53:36 status half-configured libssl-dev:amd64 3.0.13-0ubuntu3.7
2026-02-13 20:53:36 status installed libssl-dev:amd64 3.0.13-0ubuntu3.7
2026-02-13 20:53:36 configure libpng16-16t64:amd64 1.6.43-5ubuntu0.5 <none>
2026-02-13 20:53:36 status unpacked libpng16-16t64:amd64 1.6.43-5ubuntu0.5
2026-02-13 20:53:36 status half-configured libpng16-16t64:amd64 1.6.43-5ubuntu0.5
2026-02-13 20:53:36 status installed libpng16-16t64:amd64 1.6.43-5ubuntu0.5
2026-02-13 20:53:36 configure libmpc3:amd64 1.3.1-1build1.1 <none>
2026-02-13 20:53:36 status unpacked libmpc3:amd64 1.3.1-1build1.1
2026-02-13 20:53:36 status half-configured libmpc3:amd64 1.3.1-1build1.1
2026-02-13 20:53:36 status installed libmpc3:amd64 1.3.1-1build1.1
2026-02-13 20:53:36 configure libatomic1:amd64 14.2.0-4ubuntu2~24.04 <none>
2026-02-13 20:53:36 status unpacked libatomic1:amd64 14.2.0-4ubuntu2~24.04
2026-02-13 20:53:36 status half-configured libatomic1:amd64 14.2.0-4ubuntu2~24.04
2026-02-13 20:53:36 status installed libatomic1:amd64 14.2.0-4ubuntu2~24.04
2026-02-13 20:53:36 configure patch:amd64 2.7.6-7build3 <none>
2026-02-13 20:53:36 status unpacked patch:amd64 2.7.6-7build3
2026-02-13 20:53:36 status half-configured patch:amd64 2.7.6-7build3
2026-02-13 20:53:36 status installed patch:amd64 2.7.6-7build3
2026-02-13 20:53:36 configure libjsoncpp25:amd64 1.9.5-6build1 <none>
2026-02-13 20:53:36 status unpacked libjsoncpp25:amd64 1.9.5-6build1
2026-02-13 20:53:36 status half-configured libjsoncpp25:amd64 1.9.5-6build1
2026-02-13 20:53:36 status installed libjsoncpp25:amd64 1.9.5-6build1
2026-02-13 20:53:36 configure sudo:amd64 1.9.15p5-3ubuntu5.24.04.1 <none>
2026-02-13 20:53:36 status unpacked sudo:amd64 1.9.15p5-3ubuntu5.24.04.1
2026-02-13 20:53:36 status half-configured sudo:amd64 1.9.15p5-3ubuntu5.24.04.1
2026-02-13 20:53:36 status installed sudo:amd64 1.9.15p5-3ubuntu5.24.04.1
2026-02-13 20:53:36 configure fonts-dejavu-core:all 2.37-8 <none>
2026-02-13 20:53:36 status unpacked fonts-dejavu-core:all 2.37-8
2026-02-13 20:53:36 status half-configured fonts-dejavu-core:all 2.37-8
2026-02-13 20:53:36 status installed fonts-dejavu-core:all 2.37-8
2026-02-13 20:53:36 configure libreoffice-uiconfig-common:all 4:24.2.7-0ubuntu0.24.04.4 <none>
2026-02-13 20:53:36 status unpacked libreoffice-uiconfig-common:all 4:24.2.7-0ubuntu0.24.04.4
2026-02-13 20:53:36 status half-configured libreoffice-uiconfig-common:all 4:24.2.7-0ubuntu0.24.04.4
2026-02-13 20:53:36 status installed libreoffice-uiconfig-common:all 4:24.2.7-0ubuntu0.24.04.4
2026-02-13 20:53:36 configure libsepol-dev:amd64 3.5-2build1 <none>
2026-02-13 20:53:36 status unpacked libsepol-dev:amd64 3.5-2build1
2026-02-13 20:53:36 status half-configured libsepol-dev:amd64 3.5-2build1
2026-02-13 20:53:36 status installed libsepol-dev:amd64 3.5-2build1
2026-02-13 20:53:36 configure pkgconf-bin:amd64 1.8.1-2build1 <none>
2026-02-13 20:53:36 status unpacked pkgconf-bin:amd64 1.8.1-2build1
2026-02-13 20:53:36 status half-configured pkgconf-bin:amd64 1.8.1-2build1
2026-02-13 20:53:36 status installed pkgconf-bin:amd64 1.8.1-2build1
2026-02-13 20:53:36 configure gir1.2-glib-2.0:amd64 2.80.0-6ubuntu3.8 <none>
2026-02-13 20:53:36 status unpacked gir1.2-glib-2.0:amd64 2.80.0-6ubuntu3.8
2026-02-13 20:53:36 status half-configured gir1.2-glib-2.0:amd64 2.80.0-6ubuntu3.8
2026-02-13 20:53:36 status installed gir1.2-glib-2.0:amd64 2.80.0-6ubuntu3.8
2026-02-13 20:53:36 configure libsensors5:amd64 1:3.6.0-9build1 <none>
2026-02-13 20:53:36 status unpacked libsensors5:amd64 1:3.6.0-9build1
2026-02-13 20:53:36 status half-configured libsensors5:amd64 1:3.6.0-9build1
2026-02-13 20:53:36 status installed libsensors5:amd64 1:3.6.0-9build1
2026-02-13 20:53:36 configure liborcus-0.18-0:amd64 0.19.2-3build3 <none>
2026-02-13 20:53:36 status unpacked liborcus-0.18-0:amd64 0.19.2-3build3
2026-02-13 20:53:36 status half-configured liborcus-0.18-0:amd64 0.19.2-3build3
2026-02-13 20:53:36 status installed liborcus-0.18-0:amd64 0.19.2-3build3
2026-02-13 20:53:36 configure libk5crypto3:amd64 1.20.1-6ubuntu2.6 <none>
2026-02-13 20:53:36 status unpacked libk5crypto3:amd64 1.20.1-6ubuntu2.6
2026-02-13 20:53:36 status half-configured libk5crypto3:amd64 1.20.1-6ubuntu2.6
2026-02-13 20:53:36 status installed libk5crypto3:amd64 1.20.1-6ubuntu2.6
2026-02-13 20:53:36 configure libjpeg-turbo8:amd64 2.1.5-2ubuntu2 <none>
2026-02-13 20:53:36 status unpacked libjpeg-turbo8:amd64 2.1.5-2ubuntu2
2026-02-13 20:53:36 status half-configured libjpeg-turbo8:amd64 2.1.5-2ubuntu2
2026-02-13 20:53:36 status installed libjpeg-turbo8:amd64 2.1.5-2ubuntu2
2026-02-13 20:53:36 configure libltdl7:amd64 2.4.7-7build1 <none>
2026-02-13 20:53:36 status unpacked libltdl7:amd64 2.4.7-7build1
2026-02-13 20:53:36 status half-configured libltdl7:amd64 2.4.7-7build1
2026-02-13 20:53:36 status installed libltdl7:amd64 2.4.7-7build1
2026-02-13 20:53:36 configure libsasl2-2:amd64 2.1.28+dfsg1-5ubuntu3.1 <none>
2026-02-13 20:53:36 status unpacked libsasl2-2:amd64 2.1.28+dfsg1-5ubuntu3.1
2026-02-13 20:53:36 status half-configured libsasl2-2:amd64 2.1.28+dfsg1-5ubuntu3.1
2026-02-13 20:53:36 status installed libsasl2-2:amd64 2.1.28+dfsg1-5ubuntu3.1
2026-02-13 20:53:36 configure libvulkan1:amd64 1.3.275.0-1build1 <none>
2026-02-13 20:53:36 status unpacked libvulkan1:amd64 1.3.275.0-1build1
2026-02-13 20:53:36 status half-configured libvulkan1:amd64 1.3.275.0-1build1
2026-02-13 20:53:36 status installed libvulkan1:amd64 1.3.275.0-1build1
2026-02-13 20:53:36 configure libwebp7:amd64 1.3.2-0.4build3 <none>
2026-02-13 20:53:36 status unpacked libwebp7:amd64 1.3.2-0.4build3
2026-02-13 20:53:36 status half-configured libwebp7:amd64 1.3.2-0.4build3
2026-02-13 20:53:36 status installed libwebp7:amd64 1.3.2-0.4build3
2026-02-13 20:53:36 configure libmhash2:amd64 0.9.9.9-9build3 <none>
2026-02-13 20:53:36 status unpacked libmhash2:amd64 0.9.9.9-9build3
2026-02-13 20:53:36 status half-configured libmhash2:amd64 0.9.9.9-9build3
2026-02-13 20:53:36 status installed libmhash2:amd64 0.9.9.9-9build3
2026-02-13 20:53:36 configure libmythes-1.2-0:amd64 2:1.2.5-1build1 <none>
2026-02-13 20:53:36 status unpacked libmythes-1.2-0:amd64 2:1.2.5-1build1
2026-02-13 20:53:36 status half-configured libmythes-1.2-0:amd64 2:1.2.5-1build1
2026-02-13 20:53:36 status installed libmythes-1.2-0:amd64 2:1.2.5-1build1
2026-02-13 20:53:36 configure libutempter0:amd64 1.2.1-3build1 <none>
2026-02-13 20:53:36 status unpacked libutempter0:amd64 1.2.1-3build1
2026-02-13 20:53:36 status half-configured libutempter0:amd64 1.2.1-3build1
2026-02-13 20:53:36 status installed libutempter0:amd64 1.2.1-3build1
2026-02-13 20:53:36 configure liblzma-dev:amd64 5.6.1+really5.4.5-1ubuntu0.2 <none>
2026-02-13 20:53:36 status unpacked liblzma-dev:amd64 5.6.1+really5.4.5-1ubuntu0.2
2026-02-13 20:53:36 status half-configured liblzma-dev:amd64 5.6.1+really5.4.5-1ubuntu0.2
2026-02-13 20:53:36 status installed liblzma-dev:amd64 5.6.1+really5.4.5-1ubuntu0.2
2026-02-13 20:53:36 configure libubsan1:amd64 14.2.0-4ubuntu2~24.04 <none>
2026-02-13 20:53:36 status unpacked libubsan1:amd64 14.2.0-4ubuntu2~24.04
2026-02-13 20:53:36 status half-configured libubsan1:amd64 14.2.0-4ubuntu2~24.04
2026-02-13 20:53:36 status installed libubsan1:amd64 14.2.0-4ubuntu2~24.04
2026-02-13 20:53:36 configure libicu74:amd64 74.2-1ubuntu3.1 <none>
2026-02-13 20:53:36 status unpacked libicu74:amd64 74.2-1ubuntu3.1
2026-02-13 20:53:36 status half-configured libicu74:amd64 74.2-1ubuntu3.1
2026-02-13 20:53:36 status installed libicu74:amd64 74.2-1ubuntu3.1
2026-02-13 20:53:36 configure nano:amd64 7.2-2ubuntu0.1 <none>
2026-02-13 20:53:36 status unpacked nano:amd64 7.2-2ubuntu0.1
2026-02-13 20:53:36 status half-configured nano:amd64 7.2-2ubuntu0.1
2026-02-13 20:53:36 status installed nano:amd64 7.2-2ubuntu0.1
2026-02-13 20:53:36 configure libpcre2-posix3:amd64 10.42-4ubuntu2.1 <none>
2026-02-13 20:53:36 status unpacked libpcre2-posix3:amd64 10.42-4ubuntu2.1
2026-02-13 20:53:36 status half-configured libpcre2-posix3:amd64 10.42-4ubuntu2.1
2026-02-13 20:53:36 status installed libpcre2-posix3:amd64 10.42-4ubuntu2.1
2026-02-13 20:53:36 configure python-apt-common:all 2.7.7ubuntu5.2 <none>
2026-02-13 20:53:36 status unpacked python-apt-common:all 2.7.7ubuntu5.2
2026-02-13 20:53:36 status half-configured python-apt-common:all 2.7.7ubuntu5.2
2026-02-13 20:53:36 status installed python-apt-common:all 2.7.7ubuntu5.2
2026-02-13 20:53:36 configure ripgrep:amd64 14.1.0-1 <none>
2026-02-13 20:53:36 status unpacked ripgrep:amd64 14.1.0-1
2026-02-13 20:53:36 status half-configured ripgrep:amd64 14.1.0-1
2026-02-13 20:53:36 status installed ripgrep:amd64 14.1.0-1
2026-02-13 20:53:36 configure libduktape207:amd64 2.7.0+tests-0ubuntu3 <none>
2026-02-13 20:53:36 status unpacked libduktape207:amd64 2.7.0+tests-0ubuntu3
2026-02-13 20:53:36 status half-configured libduktape207:amd64 2.7.0+tests-0ubuntu3
2026-02-13 20:53:36 status installed libduktape207:amd64 2.7.0+tests-0ubuntu3
2026-02-13 20:53:36 configure libxshmfence1:amd64 1.3-1build5 <none>
2026-02-13 20:53:36 status unpacked libxshmfence1:amd64 1.3-1build5
2026-02-13 20:53:36 status half-configured libxshmfence1:amd64 1.3-1build5
2026-02-13 20:53:36 status installed libxshmfence1:amd64 1.3-1build5
2026-02-13 20:53:36 configure libhwasan0:amd64 14.2.0-4ubuntu2~24.04 <none>
2026-02-13 20:53:36 status unpacked libhwasan0:amd64 14.2.0-4ubuntu2~24.04
2026-02-13 20:53:36 status half-configured libhwasan0:amd64 14.2.0-4ubuntu2~24.04
2026-02-13 20:53:36 status installed libhwasan0:amd64 14.2.0-4ubuntu2~24.04
2026-02-13 20:53:36 configure librhash0:amd64 1.4.3-3build1 <none>
2026-02-13 20:53:36 status unpacked librhash0:amd64 1.4.3-3build1
2026-02-13 20:53:36 status half-configured librhash0:amd64 1.4.3-3build1
2026-02-13 20:53:36 status installed librhash0:amd64 1.4.3-3build1
2026-02-13 20:53:36 configure libcrypt-dev:amd64 1:4.4.36-4build1 <none>
2026-02-13 20:53:36 status unpacked libcrypt-dev:amd64 1:4.4.36-4build1
2026-02-13 20:53:36 status half-configured libcrypt-dev:amd64 1:4.4.36-4build1
2026-02-13 20:53:36 status installed libcrypt-dev:amd64 1:4.4.36-4build1
2026-02-13 20:53:36 configure dbus-session-bus-common:all 1.14.10-4ubuntu4.1 <none>
2026-02-13 20:53:36 status unpacked dbus-session-bus-common:all 1.14.10-4ubuntu4.1
2026-02-13 20:53:36 status half-configured dbus-session-bus-common:all 1.14.10-4ubuntu4.1
2026-02-13 20:53:36 status installed dbus-session-bus-common:all 1.14.10-4ubuntu4.1
2026-02-13 20:53:36 configure libasan8:amd64 14.2.0-4ubuntu2~24.04 <none>
2026-02-13 20:53:36 status unpacked libasan8:amd64 14.2.0-4ubuntu2~24.04
2026-02-13 20:53:36 status half-configured libasan8:amd64 14.2.0-4ubuntu2~24.04
2026-02-13 20:53:36 status installed libasan8:amd64 14.2.0-4ubuntu2~24.04
2026-02-13 20:53:36 configure libexttextcat-data:all 3.4.7-1build1 <none>
2026-02-13 20:53:36 status unpacked libexttextcat-data:all 3.4.7-1build1
2026-02-13 20:53:36 status half-configured libexttextcat-data:all 3.4.7-1build1
2026-02-13 20:53:36 status installed libexttextcat-data:all 3.4.7-1build1
2026-02-13 20:53:36 configure libopenjp2-7:amd64 2.5.0-2ubuntu0.4 <none>
2026-02-13 20:53:36 status unpacked libopenjp2-7:amd64 2.5.0-2ubuntu0.4
2026-02-13 20:53:36 status half-configured libopenjp2-7:amd64 2.5.0-2ubuntu0.4
2026-02-13 20:53:36 status installed libopenjp2-7:amd64 2.5.0-2ubuntu0.4
2026-02-13 20:53:36 configure git-man:all 1:2.43.0-1ubuntu7.3 <none>
2026-02-13 20:53:36 status unpacked git-man:all 1:2.43.0-1ubuntu7.3
2026-02-13 20:53:36 status half-configured git-man:all 1:2.43.0-1ubuntu7.3
2026-02-13 20:53:36 status installed git-man:all 1:2.43.0-1ubuntu7.3
2026-02-13 20:53:36 configure libgirepository-1.0-1:amd64 1.80.1-1 <none>
2026-02-13 20:53:36 status unpacked libgirepository-1.0-1:amd64 1.80.1-1
2026-02-13 20:53:36 status half-configured libgirepository-1.0-1:amd64 1.80.1-1
2026-02-13 20:53:36 status installed libgirepository-1.0-1:amd64 1.80.1-1
2026-02-13 20:53:36 configure xorg-sgml-doctools:all 1:1.11-1.1 <none>
2026-02-13 20:53:36 status unpacked xorg-sgml-doctools:all 1:1.11-1.1
2026-02-13 20:53:36 status half-configured xorg-sgml-doctools:all 1:1.11-1.1
2026-02-13 20:53:36 status installed xorg-sgml-doctools:all 1:1.11-1.1
2026-02-13 20:53:36 configure netbase:all 6.4 <none>
2026-02-13 20:53:36 status unpacked netbase:all 6.4
2026-02-13 20:53:36 status half-configured netbase:all 6.4
2026-02-13 20:53:36 status installed netbase:all 6.4
2026-02-13 20:53:36 configure sgml-base:all 1.31 <none>
2026-02-13 20:53:36 status unpacked sgml-base:all 1.31
2026-02-13 20:53:36 status half-configured sgml-base:all 1.31
2026-02-13 20:53:36 status installed sgml-base:all 1.31
2026-02-13 20:53:36 configure cmake-data:all 3.28.3-1build7 <none>
2026-02-13 20:53:36 status unpacked cmake-data:all 3.28.3-1build7
2026-02-13 20:53:36 status half-configured cmake-data:all 3.28.3-1build7
2026-02-13 20:53:36 status installed cmake-data:all 3.28.3-1build7
2026-02-13 20:53:36 configure libkrb5-3:amd64 1.20.1-6ubuntu2.6 <none>
2026-02-13 20:53:36 status unpacked libkrb5-3:amd64 1.20.1-6ubuntu2.6
2026-02-13 20:53:36 status half-configured libkrb5-3:amd64 1.20.1-6ubuntu2.6
2026-02-13 20:53:36 status installed libkrb5-3:amd64 1.20.1-6ubuntu2.6
2026-02-13 20:53:36 configure libevent-core-2.1-7t64:amd64 2.1.12-stable-9ubuntu2 <none>
2026-02-13 20:53:36 status unpacked libevent-core-2.1-7t64:amd64 2.1.12-stable-9ubuntu2
2026-02-13 20:53:36 status half-configured libevent-core-2.1-7t64:amd64 2.1.12-stable-9ubuntu2
2026-02-13 20:53:36 status installed libevent-core-2.1-7t64:amd64 2.1.12-stable-9ubuntu2
2026-02-13 20:53:36 configure libabsl20220623t64:amd64 20220623.1-3.1ubuntu3.2 <none>
2026-02-13 20:53:36 status unpacked libabsl20220623t64:amd64 20220623.1-3.1ubuntu3.2
2026-02-13 20:53:36 status half-configured libabsl20220623t64:amd64 20220623.1-3.1ubuntu3.2
2026-02-13 20:53:36 status installed libabsl20220623t64:amd64 20220623.1-3.1ubuntu3.2
2026-02-13 20:53:36 configure libstemmer0d:amd64 2.2.0-4build1 <none>
2026-02-13 20:53:36 status unpacked libstemmer0d:amd64 2.2.0-4build1
2026-02-13 20:53:36 status half-configured libstemmer0d:amd64 2.2.0-4build1
2026-02-13 20:53:36 status installed libstemmer0d:amd64 2.2.0-4build1
2026-02-13 20:53:36 configure libperl5.38t64:amd64 5.38.2-3.2ubuntu0.2 <none>
2026-02-13 20:53:36 status unpacked libperl5.38t64:amd64 5.38.2-3.2ubuntu0.2
2026-02-13 20:53:36 status half-configured libperl5.38t64:amd64 5.38.2-3.2ubuntu0.2
2026-02-13 20:53:36 status installed libperl5.38t64:amd64 5.38.2-3.2ubuntu0.2
2026-02-13 20:53:36 configure liblangtag-common:all 0.6.7-1build2 <none>
2026-02-13 20:53:36 status unpacked liblangtag-common:all 0.6.7-1build2
2026-02-13 20:53:36 status half-configured liblangtag-common:all 0.6.7-1build2
2026-02-13 20:53:36 status installed liblangtag-common:all 0.6.7-1build2
2026-02-13 20:53:36 configure libtsan2:amd64 14.2.0-4ubuntu2~24.04 <none>
2026-02-13 20:53:36 status unpacked libtsan2:amd64 14.2.0-4ubuntu2~24.04
2026-02-13 20:53:36 status half-configured libtsan2:amd64 14.2.0-4ubuntu2~24.04
2026-02-13 20:53:36 status installed libtsan2:amd64 14.2.0-4ubuntu2~24.04
2026-02-13 20:53:36 configure libjs-jquery:all 3.6.1+dfsg+~3.5.14-1 <none>
2026-02-13 20:53:36 status unpacked libjs-jquery:all 3.6.1+dfsg+~3.5.14-1
2026-02-13 20:53:36 status half-configured libjs-jquery:all 3.6.1+dfsg+~3.5.14-1
2026-02-13 20:53:36 status installed libjs-jquery:all 3.6.1+dfsg+~3.5.14-1
2026-02-13 20:53:36 configure libuno-salhelpergcc3-3t64:amd64 4:24.2.7-0ubuntu0.24.04.4 <none>
2026-02-13 20:53:36 status unpacked libuno-salhelpergcc3-3t64:amd64 4:24.2.7-0ubuntu0.24.04.4
2026-02-13 20:53:36 status half-configured libuno-salhelpergcc3-3t64:amd64 4:24.2.7-0ubuntu0.24.04.4
2026-02-13 20:53:36 status installed libuno-salhelpergcc3-3t64:amd64 4:24.2.7-0ubuntu0.24.04.4
2026-02-13 20:53:36 configure libhunspell-1.7-0:amd64 1.7.2+really1.7.2-10build3 <none>
2026-02-13 20:53:36 status unpacked libhunspell-1.7-0:amd64 1.7.2+really1.7.2-10build3
2026-02-13 20:53:36 status half-configured libhunspell-1.7-0:amd64 1.7.2+really1.7.2-10build3
2026-02-13 20:53:36 status installed libhunspell-1.7-0:amd64 1.7.2+really1.7.2-10build3
2026-02-13 20:53:36 configure libbinutils:amd64 2.42-4ubuntu2.8 <none>
2026-02-13 20:53:36 status unpacked libbinutils:amd64 2.42-4ubuntu2.8
2026-02-13 20:53:36 status half-configured libbinutils:amd64 2.42-4ubuntu2.8
2026-02-13 20:53:36 status installed libbinutils:amd64 2.42-4ubuntu2.8
2026-02-13 20:53:36 configure vim-runtime:all 2:9.1.0016-1ubuntu7.9 <none>
2026-02-13 20:53:36 status unpacked vim-runtime:all 2:9.1.0016-1ubuntu7.9
2026-02-13 20:53:36 status half-configured vim-runtime:all 2:9.1.0016-1ubuntu7.9
2026-02-13 20:53:36 status installed vim-runtime:all 2:9.1.0016-1ubuntu7.9
2026-02-13 20:53:36 configure lsb-release:all 12.0-2 <none>
2026-02-13 20:53:36 status unpacked lsb-release:all 12.0-2
2026-02-13 20:53:36 status half-configured lsb-release:all 12.0-2
2026-02-13 20:53:36 status installed lsb-release:all 12.0-2
2026-02-13 20:53:36 configure dbus-system-bus-common:all 1.14.10-4ubuntu4.1 <none>
2026-02-13 20:53:36 status unpacked dbus-system-bus-common:all 1.14.10-4ubuntu4.1
2026-02-13 20:53:36 status half-configured dbus-system-bus-common:all 1.14.10-4ubuntu4.1
2026-02-13 20:53:37 status installed dbus-system-bus-common:all 1.14.10-4ubuntu4.1
2026-02-13 20:53:37 configure age:amd64 1.1.1-1ubuntu0.24.04.3 <none>
2026-02-13 20:53:37 status unpacked age:amd64 1.1.1-1ubuntu0.24.04.3
2026-02-13 20:53:37 status half-configured age:amd64 1.1.1-1ubuntu0.24.04.3
2026-02-13 20:53:37 status installed age:amd64 1.1.1-1ubuntu0.24.04.3
2026-02-13 20:53:37 configure libisl23:amd64 0.26-3build1.1 <none>
2026-02-13 20:53:37 status unpacked libisl23:amd64 0.26-3build1.1
2026-02-13 20:53:37 status half-configured libisl23:amd64 0.26-3build1.1
2026-02-13 20:53:37 status installed libisl23:amd64 0.26-3build1.1
2026-02-13 20:53:37 configure libc-dev-bin:amd64 2.39-0ubuntu8.7 <none>
2026-02-13 20:53:37 status unpacked libc-dev-bin:amd64 2.39-0ubuntu8.7
2026-02-13 20:53:37 status half-configured libc-dev-bin:amd64 2.39-0ubuntu8.7
2026-02-13 20:53:37 status installed libc-dev-bin:amd64 2.39-0ubuntu8.7
2026-02-13 20:53:37 configure openssl:amd64 3.0.13-0ubuntu3.7 <none>
2026-02-13 20:53:37 status unpacked openssl:amd64 3.0.13-0ubuntu3.7
2026-02-13 20:53:37 status half-configured openssl:amd64 3.0.13-0ubuntu3.7
2026-02-13 20:53:37 status installed openssl:amd64 3.0.13-0ubuntu3.7
2026-02-13 20:53:37 configure libbsd0:amd64 0.12.1-1build1.1 <none>
2026-02-13 20:53:37 status unpacked libbsd0:amd64 0.12.1-1build1.1
2026-02-13 20:53:37 status half-configured libbsd0:amd64 0.12.1-1build1.1
2026-02-13 20:53:37 status installed libbsd0:amd64 0.12.1-1build1.1
2026-02-13 20:53:37 configure libdrm-common:all 2.4.125-1ubuntu0.1~24.04.1 <none>
2026-02-13 20:53:37 status unpacked libdrm-common:all 2.4.125-1ubuntu0.1~24.04.1
2026-02-13 20:53:37 status half-configured libdrm-common:all 2.4.125-1ubuntu0.1~24.04.1
2026-02-13 20:53:37 status installed libdrm-common:all 2.4.125-1ubuntu0.1~24.04.1
2026-02-13 20:53:37 configure readline-common:all 8.2-4build1 <none>
2026-02-13 20:53:37 status unpacked readline-common:all 8.2-4build1
2026-02-13 20:53:37 status half-configured readline-common:all 8.2-4build1
2026-02-13 20:53:37 status installed readline-common:all 8.2-4build1
2026-02-13 20:53:37 configure libxml2:amd64 2.9.14+dfsg-1.3ubuntu3.7 <none>
2026-02-13 20:53:37 status unpacked libxml2:amd64 2.9.14+dfsg-1.3ubuntu3.7
2026-02-13 20:53:37 status half-configured libxml2:amd64 2.9.14+dfsg-1.3ubuntu3.7
2026-02-13 20:53:37 status installed libxml2:amd64 2.9.14+dfsg-1.3ubuntu3.7
2026-02-13 20:53:37 configure tmux:amd64 3.4-1ubuntu0.1 <none>
2026-02-13 20:53:37 status unpacked tmux:amd64 3.4-1ubuntu0.1
2026-02-13 20:53:37 status half-configured tmux:amd64 3.4-1ubuntu0.1
2026-02-13 20:53:37 status installed tmux:amd64 3.4-1ubuntu0.1
2026-02-13 20:53:37 configure libcc1-0:amd64 14.2.0-4ubuntu2~24.04 <none>
2026-02-13 20:53:37 status unpacked libcc1-0:amd64 14.2.0-4ubuntu2~24.04
2026-02-13 20:53:37 status half-configured libcc1-0:amd64 14.2.0-4ubuntu2~24.04
2026-02-13 20:53:37 status installed libcc1-0:amd64 14.2.0-4ubuntu2~24.04
2026-02-13 20:53:37 configure libldap2:amd64 2.6.10+dfsg-0ubuntu0.24.04.1 <none>
2026-02-13 20:53:37 status unpacked libldap2:amd64 2.6.10+dfsg-0ubuntu0.24.04.1
2026-02-13 20:53:37 status half-configured libldap2:amd64 2.6.10+dfsg-0ubuntu0.24.04.1
2026-02-13 20:53:37 status installed libldap2:amd64 2.6.10+dfsg-0ubuntu0.24.04.1
2026-02-13 20:53:37 configure iso-codes:all 4.16.0-1 <none>
2026-02-13 20:53:37 status unpacked iso-codes:all 4.16.0-1
2026-02-13 20:53:37 status half-configured iso-codes:all 4.16.0-1
2026-02-13 20:53:37 status installed iso-codes:all 4.16.0-1
2026-02-13 20:53:37 configure dbus-bin:amd64 1.14.10-4ubuntu4.1 <none>
2026-02-13 20:53:37 status unpacked dbus-bin:amd64 1.14.10-4ubuntu4.1
2026-02-13 20:53:37 status half-configured dbus-bin:amd64 1.14.10-4ubuntu4.1
2026-02-13 20:53:37 status installed dbus-bin:amd64 1.14.10-4ubuntu4.1
2026-02-13 20:53:37 configure libonig5:amd64 6.9.9-1build1 <none>
2026-02-13 20:53:37 status unpacked libonig5:amd64 6.9.9-1build1
2026-02-13 20:53:37 status half-configured libonig5:amd64 6.9.9-1build1
2026-02-13 20:53:37 status installed libonig5:amd64 6.9.9-1build1
2026-02-13 20:53:37 configure libbrotli-dev:amd64 1.1.0-2build2 <none>
2026-02-13 20:53:37 status unpacked libbrotli-dev:amd64 1.1.0-2build2
2026-02-13 20:53:37 status half-configured libbrotli-dev:amd64 1.1.0-2build2
2026-02-13 20:53:37 status installed libbrotli-dev:amd64 1.1.0-2build2
2026-02-13 20:53:37 configure libpolkit-gobject-1-0:amd64 124-2ubuntu1.24.04.2 <none>
2026-02-13 20:53:37 status unpacked libpolkit-gobject-1-0:amd64 124-2ubuntu1.24.04.2
2026-02-13 20:53:37 status half-configured libpolkit-gobject-1-0:amd64 124-2ubuntu1.24.04.2
2026-02-13 20:53:37 status installed libpolkit-gobject-1-0:amd64 124-2ubuntu1.24.04.2
2026-02-13 20:53:37 configure liblsan0:amd64 14.2.0-4ubuntu2~24.04 <none>
2026-02-13 20:53:37 status unpacked liblsan0:amd64 14.2.0-4ubuntu2~24.04
2026-02-13 20:53:37 status half-configured liblsan0:amd64 14.2.0-4ubuntu2~24.04
2026-02-13 20:53:37 status installed liblsan0:amd64 14.2.0-4ubuntu2~24.04
2026-02-13 20:53:37 configure libgstreamer1.0-0:amd64 1.24.2-1ubuntu0.1 <none>
2026-02-13 20:53:37 status unpacked libgstreamer1.0-0:amd64 1.24.2-1ubuntu0.1
2026-02-13 20:53:37 status half-configured libgstreamer1.0-0:amd64 1.24.2-1ubuntu0.1
2026-02-13 20:53:37 status installed libgstreamer1.0-0:amd64 1.24.2-1ubuntu0.1
2026-02-13 20:53:37 configure fonts-opensymbol:all 4:102.12+LibO24.2.7-0ubuntu0.24.04.4 <none>
2026-02-13 20:53:37 status unpacked fonts-opensymbol:all 4:102.12+LibO24.2.7-0ubuntu0.24.04.4
2026-02-13 20:53:37 status half-configured fonts-opensymbol:all 4:102.12+LibO24.2.7-0ubuntu0.24.04.4
2026-02-13 20:53:37 status installed fonts-opensymbol:all 4:102.12+LibO24.2.7-0ubuntu0.24.04.4
2026-02-13 20:53:37 configure libitm1:amd64 14.2.0-4ubuntu2~24.04 <none>
2026-02-13 20:53:37 status unpacked libitm1:amd64 14.2.0-4ubuntu2~24.04
2026-02-13 20:53:37 status half-configured libitm1:amd64 14.2.0-4ubuntu2~24.04
2026-02-13 20:53:37 status installed libitm1:amd64 14.2.0-4ubuntu2~24.04
2026-02-13 20:53:37 configure libjs-underscore:all 1.13.4~dfsg+~1.11.4-3 <none>
2026-02-13 20:53:37 status unpacked libjs-underscore:all 1.13.4~dfsg+~1.11.4-3
2026-02-13 20:53:37 status half-configured libjs-underscore:all 1.13.4~dfsg+~1.11.4-3
2026-02-13 20:53:37 status installed libjs-underscore:all 1.13.4~dfsg+~1.11.4-3
2026-02-13 20:53:37 configure gnupg-utils:amd64 2.4.4-2ubuntu17.4 <none>
2026-02-13 20:53:37 status unpacked gnupg-utils:amd64 2.4.4-2ubuntu17.4
2026-02-13 20:53:37 status half-configured gnupg-utils:amd64 2.4.4-2ubuntu17.4
2026-02-13 20:53:37 status installed gnupg-utils:amd64 2.4.4-2ubuntu17.4
2026-02-13 20:53:37 configure libctf0:amd64 2.42-4ubuntu2.8 <none>
2026-02-13 20:53:37 status unpacked libctf0:amd64 2.42-4ubuntu2.8
2026-02-13 20:53:37 status half-configured libctf0:amd64 2.42-4ubuntu2.8
2026-02-13 20:53:37 status installed libctf0:amd64 2.42-4ubuntu2.8
2026-02-13 20:53:37 configure libjpeg8:amd64 8c-2ubuntu11 <none>
2026-02-13 20:53:37 status unpacked libjpeg8:amd64 8c-2ubuntu11
2026-02-13 20:53:37 status half-configured libjpeg8:amd64 8c-2ubuntu11
2026-02-13 20:53:37 status installed libjpeg8:amd64 8c-2ubuntu11
2026-02-13 20:53:37 configure x11proto-dev:all 2023.2-1 <none>
2026-02-13 20:53:37 status unpacked x11proto-dev:all 2023.2-1
2026-02-13 20:53:37 status half-configured x11proto-dev:all 2023.2-1
2026-02-13 20:53:37 status installed x11proto-dev:all 2023.2-1
2026-02-13 20:53:37 configure libice6:amd64 2:1.0.10-1build3 <none>
2026-02-13 20:53:37 status unpacked libice6:amd64 2:1.0.10-1build3
2026-02-13 20:53:37 status half-configured libice6:amd64 2:1.0.10-1build3
2026-02-13 20:53:37 status installed libice6:amd64 2:1.0.10-1build3
2026-02-13 20:53:37 configure libxdmcp6:amd64 1:1.1.3-0ubuntu6 <none>
2026-02-13 20:53:37 status unpacked libxdmcp6:amd64 1:1.1.3-0ubuntu6
2026-02-13 20:53:37 status half-configured libxdmcp6:amd64 1:1.1.3-0ubuntu6
2026-02-13 20:53:37 status installed libxdmcp6:amd64 1:1.1.3-0ubuntu6
2026-02-13 20:53:37 configure libxcb1:amd64 1.15-1ubuntu2 <none>
2026-02-13 20:53:37 status unpacked libxcb1:amd64 1.15-1ubuntu2
2026-02-13 20:53:37 status half-configured libxcb1:amd64 1.15-1ubuntu2
2026-02-13 20:53:37 status installed libxcb1:amd64 1.15-1ubuntu2
2026-02-13 20:53:37 configure libxcb-xfixes0:amd64 1.15-1ubuntu2 <none>
2026-02-13 20:53:37 status unpacked libxcb-xfixes0:amd64 1.15-1ubuntu2
2026-02-13 20:53:37 status half-configured libxcb-xfixes0:amd64 1.15-1ubuntu2
2026-02-13 20:53:37 status installed libxcb-xfixes0:amd64 1.15-1ubuntu2
2026-02-13 20:53:37 configure libxau-dev:amd64 1:1.0.9-1build6 <none>
2026-02-13 20:53:37 status unpacked libxau-dev:amd64 1:1.0.9-1build6
2026-02-13 20:53:37 status half-configured libxau-dev:amd64 1:1.0.9-1build6
2026-02-13 20:53:37 status installed libxau-dev:amd64 1:1.0.9-1build6
2026-02-13 20:53:37 configure wget:amd64 1.21.4-1ubuntu4.1 <none>
2026-02-13 20:53:37 status unpacked wget:amd64 1.21.4-1ubuntu4.1
2026-02-13 20:53:37 status half-configured wget:amd64 1.21.4-1ubuntu4.1
2026-02-13 20:53:37 status installed wget:amd64 1.21.4-1ubuntu4.1
2026-02-13 20:53:37 configure libexttextcat-2.0-0:amd64 3.4.7-1build1 <none>
2026-02-13 20:53:37 status unpacked libexttextcat-2.0-0:amd64 3.4.7-1build1
2026-02-13 20:53:37 status half-configured libexttextcat-2.0-0:amd64 3.4.7-1build1
2026-02-13 20:53:37 status installed libexttextcat-2.0-0:amd64 3.4.7-1build1
2026-02-13 20:53:37 configure libice-dev:amd64 2:1.0.10-1build3 <none>
2026-02-13 20:53:37 status unpacked libice-dev:amd64 2:1.0.10-1build3
2026-02-13 20:53:37 status half-configured libice-dev:amd64 2:1.0.10-1build3
2026-02-13 20:53:37 status installed libice-dev:amd64 2:1.0.10-1build3
2026-02-13 20:53:37 configure libgirepository-2.0-0:amd64 2.80.0-6ubuntu3.8 <none>
2026-02-13 20:53:37 status unpacked libgirepository-2.0-0:amd64 2.80.0-6ubuntu3.8
2026-02-13 20:53:37 status half-configured libgirepository-2.0-0:amd64 2.80.0-6ubuntu3.8
2026-02-13 20:53:37 status installed libgirepository-2.0-0:amd64 2.80.0-6ubuntu3.8
2026-02-13 20:53:37 configure libxcb-render0:amd64 1.15-1ubuntu2 <none>
2026-02-13 20:53:37 status unpacked libxcb-render0:amd64 1.15-1ubuntu2
2026-02-13 20:53:37 status half-configured libxcb-render0:amd64 1.15-1ubuntu2
2026-02-13 20:53:37 status installed libxcb-render0:amd64 1.15-1ubuntu2
2026-02-13 20:53:37 configure cpp-13-x86-64-linux-gnu:amd64 13.3.0-6ubuntu2~24.04 <none>
2026-02-13 20:53:37 status unpacked cpp-13-x86-64-linux-gnu:amd64 13.3.0-6ubuntu2~24.04
2026-02-13 20:53:37 status half-configured cpp-13-x86-64-linux-gnu:amd64 13.3.0-6ubuntu2~24.04
2026-02-13 20:53:37 status installed cpp-13-x86-64-linux-gnu:amd64 13.3.0-6ubuntu2~24.04
2026-02-13 20:53:37 configure libjq1:amd64 1.7.1-3ubuntu0.24.04.1 <none>
2026-02-13 20:53:37 status unpacked libjq1:amd64 1.7.1-3ubuntu0.24.04.1
2026-02-13 20:53:37 status half-configured libjq1:amd64 1.7.1-3ubuntu0.24.04.1
2026-02-13 20:53:37 status installed libjq1:amd64 1.7.1-3ubuntu0.24.04.1
2026-02-13 20:53:37 configure fontconfig-config:amd64 2.15.0-1.1ubuntu2 <none>
2026-02-13 20:53:37 status unpacked fontconfig-config:amd64 2.15.0-1.1ubuntu2
2026-02-13 20:53:37 status half-configured fontconfig-config:amd64 2.15.0-1.1ubuntu2
2026-02-13 20:53:37 status installed fontconfig-config:amd64 2.15.0-1.1ubuntu2
2026-02-13 20:53:37 configure libxmlb2:amd64 0.3.18-1 <none>
2026-02-13 20:53:37 status unpacked libxmlb2:amd64 0.3.18-1
2026-02-13 20:53:37 status half-configured libxmlb2:amd64 0.3.18-1
2026-02-13 20:53:37 status installed libxmlb2:amd64 0.3.18-1
2026-02-13 20:53:37 configure libxcb-glx0:amd64 1.15-1ubuntu2 <none>
2026-02-13 20:53:37 status unpacked libxcb-glx0:amd64 1.15-1ubuntu2
2026-02-13 20:53:37 status half-configured libxcb-glx0:amd64 1.15-1ubuntu2
2026-02-13 20:53:37 status installed libxcb-glx0:amd64 1.15-1ubuntu2
2026-02-13 20:53:37 configure libedit2:amd64 3.1-20230828-1build1 <none>
2026-02-13 20:53:37 status unpacked libedit2:amd64 3.1-20230828-1build1
2026-02-13 20:53:37 status half-configured libedit2:amd64 3.1-20230828-1build1
2026-02-13 20:53:37 status installed libedit2:amd64 3.1-20230828-1build1
2026-02-13 20:53:37 configure netcat-openbsd:amd64 1.226-1ubuntu2 <none>
2026-02-13 20:53:37 status unpacked netcat-openbsd:amd64 1.226-1ubuntu2
2026-02-13 20:53:37 status half-configured netcat-openbsd:amd64 1.226-1ubuntu2
2026-02-13 20:53:37 status installed netcat-openbsd:amd64 1.226-1ubuntu2
2026-02-13 20:53:37 configure libavahi-common3:amd64 0.8-13ubuntu6.1 <none>
2026-02-13 20:53:37 status unpacked libavahi-common3:amd64 0.8-13ubuntu6.1
2026-02-13 20:53:37 status half-configured libavahi-common3:amd64 0.8-13ubuntu6.1
2026-02-13 20:53:37 status installed libavahi-common3:amd64 0.8-13ubuntu6.1
2026-02-13 20:53:37 configure libboost-locale1.83.0:amd64 1.83.0-2.1ubuntu3.2 <none>
2026-02-13 20:53:37 status unpacked libboost-locale1.83.0:amd64 1.83.0-2.1ubuntu3.2
2026-02-13 20:53:37 status half-configured libboost-locale1.83.0:amd64 1.83.0-2.1ubuntu3.2
2026-02-13 20:53:37 status installed libboost-locale1.83.0:amd64 1.83.0-2.1ubuntu3.2
2026-02-13 20:53:37 configure libglib2.0-bin:amd64 2.80.0-6ubuntu3.8 <none>
2026-02-13 20:53:37 status unpacked libglib2.0-bin:amd64 2.80.0-6ubuntu3.8
2026-02-13 20:53:37 status half-configured libglib2.0-bin:amd64 2.80.0-6ubuntu3.8
2026-02-13 20:53:37 status installed libglib2.0-bin:amd64 2.80.0-6ubuntu3.8
2026-02-13 20:53:37 configure libpackagekit-glib2-18:amd64 1.2.8-2ubuntu1.4 <none>
2026-02-13 20:53:37 status unpacked libpackagekit-glib2-18:amd64 1.2.8-2ubuntu1.4
2026-02-13 20:53:37 status half-configured libpackagekit-glib2-18:amd64 1.2.8-2ubuntu1.4
2026-02-13 20:53:37 status installed libpackagekit-glib2-18:amd64 1.2.8-2ubuntu1.4
2026-02-13 20:53:37 configure libnss3:amd64 2:3.98-1build1 <none>
2026-02-13 20:53:37 status unpacked libnss3:amd64 2:3.98-1build1
2026-02-13 20:53:37 status half-configured libnss3:amd64 2:3.98-1build1
2026-02-13 20:53:37 status installed libnss3:amd64 2:3.98-1build1
2026-02-13 20:53:37 configure libxcb-shm0:amd64 1.15-1ubuntu2 <none>
2026-02-13 20:53:37 status unpacked libxcb-shm0:amd64 1.15-1ubuntu2
2026-02-13 20:53:37 status half-configured libxcb-shm0:amd64 1.15-1ubuntu2
2026-02-13 20:53:37 status installed libxcb-shm0:amd64 1.15-1ubuntu2
2026-02-13 20:53:37 configure dbus-daemon:amd64 1.14.10-4ubuntu4.1 <none>
2026-02-13 20:53:37 status unpacked dbus-daemon:amd64 1.14.10-4ubuntu4.1
2026-02-13 20:53:37 status half-configured dbus-daemon:amd64 1.14.10-4ubuntu4.1
2026-02-13 20:53:37 status installed dbus-daemon:amd64 1.14.10-4ubuntu4.1
2026-02-13 20:53:37 configure liblangtag1:amd64 0.6.7-1build2 <none>
2026-02-13 20:53:37 status unpacked liblangtag1:amd64 0.6.7-1build2
2026-02-13 20:53:37 status half-configured liblangtag1:amd64 0.6.7-1build2
2026-02-13 20:53:37 status installed liblangtag1:amd64 0.6.7-1build2
2026-02-13 20:53:37 configure pkgconf:amd64 1.8.1-2build1 <none>
2026-02-13 20:53:37 status unpacked pkgconf:amd64 1.8.1-2build1
2026-02-13 20:53:37 status half-configured pkgconf:amd64 1.8.1-2build1
2026-02-13 20:53:37 status installed pkgconf:amd64 1.8.1-2build1
2026-02-13 20:53:37 configure libxcb-present0:amd64 1.15-1ubuntu2 <none>
2026-02-13 20:53:37 status unpacked libxcb-present0:amd64 1.15-1ubuntu2
2026-02-13 20:53:37 status half-configured libxcb-present0:amd64 1.15-1ubuntu2
2026-02-13 20:53:37 status installed libxcb-present0:amd64 1.15-1ubuntu2
2026-02-13 20:53:37 configure libdconf1:amd64 0.40.0-4ubuntu0.1 <none>
2026-02-13 20:53:37 status unpacked libdconf1:amd64 0.40.0-4ubuntu0.1
2026-02-13 20:53:37 status half-configured libdconf1:amd64 0.40.0-4ubuntu0.1
2026-02-13 20:53:37 status installed libdconf1:amd64 0.40.0-4ubuntu0.1
2026-02-13 20:53:37 configure ca-certificates:all 20240203 <none>
2026-02-13 20:53:37 status unpacked ca-certificates:all 20240203
2026-02-13 20:53:37 status half-configured ca-certificates:all 20240203
2026-02-13 20:53:38 status installed ca-certificates:all 20240203
2026-02-13 20:53:39 status triggers-pending ca-certificates:all 20240203
2026-02-13 20:53:39 configure gir1.2-packagekitglib-1.0:amd64 1.2.8-2ubuntu1.4 <none>
2026-02-13 20:53:39 status unpacked gir1.2-packagekitglib-1.0:amd64 1.2.8-2ubuntu1.4
2026-02-13 20:53:39 status half-configured gir1.2-packagekitglib-1.0:amd64 1.2.8-2ubuntu1.4
2026-02-13 20:53:39 status installed gir1.2-packagekitglib-1.0:amd64 1.2.8-2ubuntu1.4
2026-02-13 20:53:39 configure libxdmcp-dev:amd64 1:1.1.3-0ubuntu6 <none>
2026-02-13 20:53:39 status unpacked libxdmcp-dev:amd64 1:1.1.3-0ubuntu6
2026-02-13 20:53:39 status half-configured libxdmcp-dev:amd64 1:1.1.3-0ubuntu6
2026-02-13 20:53:39 status installed libxdmcp-dev:amd64 1:1.1.3-0ubuntu6
2026-02-13 20:53:39 configure perl:amd64 5.38.2-3.2ubuntu0.2 <none>
2026-02-13 20:53:39 status unpacked perl:amd64 5.38.2-3.2ubuntu0.2
2026-02-13 20:53:39 status half-configured perl:amd64 5.38.2-3.2ubuntu0.2
2026-02-13 20:53:39 status installed perl:amd64 5.38.2-3.2ubuntu0.2
2026-02-13 20:53:39 configure libgprofng0:amd64 2.42-4ubuntu2.8 <none>
2026-02-13 20:53:39 status unpacked libgprofng0:amd64 2.42-4ubuntu2.8
2026-02-13 20:53:39 status half-configured libgprofng0:amd64 2.42-4ubuntu2.8
2026-02-13 20:53:39 status installed libgprofng0:amd64 2.42-4ubuntu2.8
2026-02-13 20:53:39 configure libllvm17t64:amd64 1:17.0.6-9ubuntu1 <none>
2026-02-13 20:53:39 status unpacked libllvm17t64:amd64 1:17.0.6-9ubuntu1
2026-02-13 20:53:39 status half-configured libllvm17t64:amd64 1:17.0.6-9ubuntu1
2026-02-13 20:53:39 status installed libllvm17t64:amd64 1:17.0.6-9ubuntu1
2026-02-13 20:53:39 configure libfreetype6:amd64 2.13.2+dfsg-1build3 <none>
2026-02-13 20:53:39 status unpacked libfreetype6:amd64 2.13.2+dfsg-1build3
2026-02-13 20:53:39 status half-configured libfreetype6:amd64 2.13.2+dfsg-1build3
2026-02-13 20:53:39 status installed libfreetype6:amd64 2.13.2+dfsg-1build3
2026-02-13 20:53:39 configure ssl-cert:all 1.1.2ubuntu1 <none>
2026-02-13 20:53:39 status unpacked ssl-cert:all 1.1.2ubuntu1
2026-02-13 20:53:39 status half-configured ssl-cert:all 1.1.2ubuntu1
2026-02-13 20:53:40 status installed ssl-cert:all 1.1.2ubuntu1
2026-02-13 20:53:40 configure libxcb-sync1:amd64 1.15-1ubuntu2 <none>
2026-02-13 20:53:40 status unpacked libxcb-sync1:amd64 1.15-1ubuntu2
2026-02-13 20:53:40 status half-configured libxcb-sync1:amd64 1.15-1ubuntu2
2026-02-13 20:53:40 status installed libxcb-sync1:amd64 1.15-1ubuntu2
2026-02-13 20:53:40 configure gir1.2-girepository-2.0:amd64 1.80.1-1 <none>
2026-02-13 20:53:40 status unpacked gir1.2-girepository-2.0:amd64 1.80.1-1
2026-02-13 20:53:40 status half-configured gir1.2-girepository-2.0:amd64 1.80.1-1
2026-02-13 20:53:40 status installed gir1.2-girepository-2.0:amd64 1.80.1-1
2026-02-13 20:53:40 configure x11proto-core-dev:all 2023.2-1 <none>
2026-02-13 20:53:40 status unpacked x11proto-core-dev:all 2023.2-1
2026-02-13 20:53:40 status half-configured x11proto-core-dev:all 2023.2-1
2026-02-13 20:53:40 status installed x11proto-core-dev:all 2023.2-1
2026-02-13 20:53:40 configure redis-tools:amd64 5:7.0.15-1ubuntu0.24.04.2 <none>
2026-02-13 20:53:40 status unpacked redis-tools:amd64 5:7.0.15-1ubuntu0.24.04.2
2026-02-13 20:53:40 status half-configured redis-tools:amd64 5:7.0.15-1ubuntu0.24.04.2
2026-02-13 20:53:40 status installed redis-tools:amd64 5:7.0.15-1ubuntu0.24.04.2
2026-02-13 20:53:40 configure dbus:amd64 1.14.10-4ubuntu4.1 <none>
2026-02-13 20:53:40 status unpacked dbus:amd64 1.14.10-4ubuntu4.1
2026-02-13 20:53:40 status half-configured dbus:amd64 1.14.10-4ubuntu4.1
2026-02-13 20:53:40 status installed dbus:amd64 1.14.10-4ubuntu4.1
2026-02-13 20:53:40 configure libgssapi-krb5-2:amd64 1.20.1-6ubuntu2.6 <none>
2026-02-13 20:53:40 status unpacked libgssapi-krb5-2:amd64 1.20.1-6ubuntu2.6
2026-02-13 20:53:40 status half-configured libgssapi-krb5-2:amd64 1.20.1-6ubuntu2.6
2026-02-13 20:53:40 status installed libgssapi-krb5-2:amd64 1.20.1-6ubuntu2.6
2026-02-13 20:53:40 configure libllvm20:amd64 1:20.1.2-0ubuntu1~24.04.2 <none>
2026-02-13 20:53:40 status unpacked libllvm20:amd64 1:20.1.2-0ubuntu1~24.04.2
2026-02-13 20:53:40 status half-configured libllvm20:amd64 1:20.1.2-0ubuntu1~24.04.2
2026-02-13 20:53:40 status installed libllvm20:amd64 1:20.1.2-0ubuntu1~24.04.2
2026-02-13 20:53:40 configure pkg-config:amd64 1.8.1-2build1 <none>
2026-02-13 20:53:40 status unpacked pkg-config:amd64 1.8.1-2build1
2026-02-13 20:53:40 status half-configured pkg-config:amd64 1.8.1-2build1
2026-02-13 20:53:40 status installed pkg-config:amd64 1.8.1-2build1
2026-02-13 20:53:40 configure libjs-sphinxdoc:all 7.2.6-6 <none>
2026-02-13 20:53:40 status unpacked libjs-sphinxdoc:all 7.2.6-6
2026-02-13 20:53:40 status half-configured libjs-sphinxdoc:all 7.2.6-6
2026-02-13 20:53:40 status installed libjs-sphinxdoc:all 7.2.6-6
2026-02-13 20:53:40 configure libdpkg-perl:all 1.22.6ubuntu6.5 <none>
2026-02-13 20:53:40 status unpacked libdpkg-perl:all 1.22.6ubuntu6.5
2026-02-13 20:53:40 status half-configured libdpkg-perl:all 1.22.6ubuntu6.5
2026-02-13 20:53:40 status installed libdpkg-perl:all 1.22.6ubuntu6.5
2026-02-13 20:53:40 configure libssh-4:amd64 0.10.6-2ubuntu0.2 <none>
2026-02-13 20:53:40 status unpacked libssh-4:amd64 0.10.6-2ubuntu0.2
2026-02-13 20:53:40 status half-configured libssh-4:amd64 0.10.6-2ubuntu0.2
2026-02-13 20:53:40 status installed libssh-4:amd64 0.10.6-2ubuntu0.2
2026-02-13 20:53:40 configure libreadline8t64:amd64 8.2-4build1 <none>
2026-02-13 20:53:40 status unpacked libreadline8t64:amd64 8.2-4build1
2026-02-13 20:53:40 status half-configured libreadline8t64:amd64 8.2-4build1
2026-02-13 20:53:40 status installed libreadline8t64:amd64 8.2-4build1
2026-02-13 20:53:40 configure libdrm2:amd64 2.4.125-1ubuntu0.1~24.04.1 <none>
2026-02-13 20:53:40 status unpacked libdrm2:amd64 2.4.125-1ubuntu0.1~24.04.1
2026-02-13 20:53:40 status half-configured libdrm2:amd64 2.4.125-1ubuntu0.1~24.04.1
2026-02-13 20:53:40 status installed libdrm2:amd64 2.4.125-1ubuntu0.1~24.04.1
2026-02-13 20:53:40 configure libgcc-13-dev:amd64 13.3.0-6ubuntu2~24.04 <none>
2026-02-13 20:53:40 status unpacked libgcc-13-dev:amd64 13.3.0-6ubuntu2~24.04
2026-02-13 20:53:40 status half-configured libgcc-13-dev:amd64 13.3.0-6ubuntu2~24.04
2026-02-13 20:53:40 status installed libgcc-13-dev:amd64 13.3.0-6ubuntu2~24.04
2026-02-13 20:53:40 configure libtiff6:amd64 4.5.1+git230720-4ubuntu2.4 <none>
2026-02-13 20:53:40 status unpacked libtiff6:amd64 4.5.1+git230720-4ubuntu2.4
2026-02-13 20:53:40 status half-configured libtiff6:amd64 4.5.1+git230720-4ubuntu2.4
2026-02-13 20:53:40 status installed libtiff6:amd64 4.5.1+git230720-4ubuntu2.4
2026-02-13 20:53:40 configure libuno-cppu3t64:amd64 4:24.2.7-0ubuntu0.24.04.4 <none>
2026-02-13 20:53:40 status unpacked libuno-cppu3t64:amd64 4:24.2.7-0ubuntu0.24.04.4
2026-02-13 20:53:40 status half-configured libuno-cppu3t64:amd64 4:24.2.7-0ubuntu0.24.04.4
2026-02-13 20:53:40 status installed libuno-cppu3t64:amd64 4:24.2.7-0ubuntu0.24.04.4
2026-02-13 20:53:40 configure libxcb-randr0:amd64 1.15-1ubuntu2 <none>
2026-02-13 20:53:40 status unpacked libxcb-randr0:amd64 1.15-1ubuntu2
2026-02-13 20:53:40 status half-configured libxcb-randr0:amd64 1.15-1ubuntu2
2026-02-13 20:53:40 status installed libxcb-randr0:amd64 1.15-1ubuntu2
2026-02-13 20:53:40 configure xml-core:all 0.19 <none>
2026-02-13 20:53:40 status triggers-pending sgml-base:all 1.31
2026-02-13 20:53:40 status unpacked xml-core:all 0.19
2026-02-13 20:53:40 status half-configured xml-core:all 0.19
2026-02-13 20:53:40 status triggers-awaited xml-core:all 0.19
2026-02-13 20:53:40 configure jq:amd64 1.7.1-3ubuntu0.24.04.1 <none>
2026-02-13 20:53:40 status unpacked jq:amd64 1.7.1-3ubuntu0.24.04.1
2026-02-13 20:53:40 status half-configured jq:amd64 1.7.1-3ubuntu0.24.04.1
2026-02-13 20:53:40 status installed jq:amd64 1.7.1-3ubuntu0.24.04.1
2026-02-13 20:53:40 configure libjson-perl:all 4.10000-1 <none>
2026-02-13 20:53:40 status unpacked libjson-perl:all 4.10000-1
2026-02-13 20:53:40 status half-configured libjson-perl:all 4.10000-1
2026-02-13 20:53:40 status installed libjson-perl:all 4.10000-1
2026-02-13 20:53:40 configure libxslt1.1:amd64 1.1.39-0exp1ubuntu0.24.04.3 <none>
2026-02-13 20:53:40 status unpacked libxslt1.1:amd64 1.1.39-0exp1ubuntu0.24.04.3
2026-02-13 20:53:40 status half-configured libxslt1.1:amd64 1.1.39-0exp1ubuntu0.24.04.3
2026-02-13 20:53:40 status installed libxslt1.1:amd64 1.1.39-0exp1ubuntu0.24.04.3
2026-02-13 20:53:40 configure gpgconf:amd64 2.4.4-2ubuntu17.4 <none>
2026-02-13 20:53:40 status unpacked gpgconf:amd64 2.4.4-2ubuntu17.4
2026-02-13 20:53:40 status half-configured gpgconf:amd64 2.4.4-2ubuntu17.4
2026-02-13 20:53:40 status installed gpgconf:amd64 2.4.4-2ubuntu17.4
2026-02-13 20:53:40 configure libpam-systemd:amd64 255.4-1ubuntu8.12 <none>
2026-02-13 20:53:40 status unpacked libpam-systemd:amd64 255.4-1ubuntu8.12
2026-02-13 20:53:40 status half-configured libpam-systemd:amd64 255.4-1ubuntu8.12
2026-02-13 20:53:41 status installed libpam-systemd:amd64 255.4-1ubuntu8.12
2026-02-13 20:53:41 configure libpolkit-agent-1-0:amd64 124-2ubuntu1.24.04.2 <none>
2026-02-13 20:53:41 status unpacked libpolkit-agent-1-0:amd64 124-2ubuntu1.24.04.2
2026-02-13 20:53:41 status half-configured libpolkit-agent-1-0:amd64 124-2ubuntu1.24.04.2
2026-02-13 20:53:41 status installed libpolkit-agent-1-0:amd64 124-2ubuntu1.24.04.2
2026-02-13 20:53:41 configure libc6-dev:amd64 2.39-0ubuntu8.7 <none>
2026-02-13 20:53:41 status unpacked libc6-dev:amd64 2.39-0ubuntu8.7
2026-02-13 20:53:41 status half-configured libc6-dev:amd64 2.39-0ubuntu8.7
2026-02-13 20:53:41 status installed libc6-dev:amd64 2.39-0ubuntu8.7
2026-02-13 20:53:41 configure libx11-6:amd64 2:1.8.7-1build1 <none>
2026-02-13 20:53:41 status unpacked libx11-6:amd64 2:1.8.7-1build1
2026-02-13 20:53:41 status half-configured libx11-6:amd64 2:1.8.7-1build1
2026-02-13 20:53:41 status installed libx11-6:amd64 2:1.8.7-1build1
2026-02-13 20:53:41 configure libharfbuzz0b:amd64 8.3.0-2build2 <none>
2026-02-13 20:53:41 status unpacked libharfbuzz0b:amd64 8.3.0-2build2
2026-02-13 20:53:41 status half-configured libharfbuzz0b:amd64 8.3.0-2build2
2026-02-13 20:53:41 status installed libharfbuzz0b:amd64 8.3.0-2build2
2026-02-13 20:53:41 configure libfontconfig1:amd64 2.15.0-1.1ubuntu2 <none>
2026-02-13 20:53:41 status unpacked libfontconfig1:amd64 2.15.0-1.1ubuntu2
2026-02-13 20:53:41 status half-configured libfontconfig1:amd64 2.15.0-1.1ubuntu2
2026-02-13 20:53:41 status installed libfontconfig1:amd64 2.15.0-1.1ubuntu2
2026-02-13 20:53:41 configure libxml2-utils:amd64 2.9.14+dfsg-1.3ubuntu3.7 <none>
2026-02-13 20:53:41 status unpacked libxml2-utils:amd64 2.9.14+dfsg-1.3ubuntu3.7
2026-02-13 20:53:41 status half-configured libxml2-utils:amd64 2.9.14+dfsg-1.3ubuntu3.7
2026-02-13 20:53:41 status installed libxml2-utils:amd64 2.9.14+dfsg-1.3ubuntu3.7
2026-02-13 20:53:41 configure libuno-purpenvhelpergcc3-3t64:amd64 4:24.2.7-0ubuntu0.24.04.4 <none>
2026-02-13 20:53:41 status unpacked libuno-purpenvhelpergcc3-3t64:amd64 4:24.2.7-0ubuntu0.24.04.4
2026-02-13 20:53:41 status half-configured libuno-purpenvhelpergcc3-3t64:amd64 4:24.2.7-0ubuntu0.24.04.4
2026-02-13 20:53:41 status installed libuno-purpenvhelpergcc3-3t64:amd64 4:24.2.7-0ubuntu0.24.04.4
2026-02-13 20:53:41 configure libsm6:amd64 2:1.2.3-1build3 <none>
2026-02-13 20:53:41 status unpacked libsm6:amd64 2:1.2.3-1build3
2026-02-13 20:53:41 status half-configured libsm6:amd64 2:1.2.3-1build3
2026-02-13 20:53:41 status installed libsm6:amd64 2:1.2.3-1build3
2026-02-13 20:53:41 configure libarchive13t64:amd64 3.7.2-2ubuntu0.5 <none>
2026-02-13 20:53:41 status unpacked libarchive13t64:amd64 3.7.2-2ubuntu0.5
2026-02-13 20:53:41 status half-configured libarchive13t64:amd64 3.7.2-2ubuntu0.5
2026-02-13 20:53:41 status installed libarchive13t64:amd64 3.7.2-2ubuntu0.5
2026-02-13 20:53:41 configure libavahi-client3:amd64 0.8-13ubuntu6.1 <none>
2026-02-13 20:53:41 status unpacked libavahi-client3:amd64 0.8-13ubuntu6.1
2026-02-13 20:53:41 status half-configured libavahi-client3:amd64 0.8-13ubuntu6.1
2026-02-13 20:53:41 status installed libavahi-client3:amd64 0.8-13ubuntu6.1
2026-02-13 20:53:41 configure gpg:amd64 2.4.4-2ubuntu17.4 <none>
2026-02-13 20:53:41 status unpacked gpg:amd64 2.4.4-2ubuntu17.4
2026-02-13 20:53:41 status half-configured gpg:amd64 2.4.4-2ubuntu17.4
2026-02-13 20:53:41 status installed gpg:amd64 2.4.4-2ubuntu17.4
2026-02-13 20:53:41 configure libstdc++-13-dev:amd64 13.3.0-6ubuntu2~24.04 <none>
2026-02-13 20:53:41 status unpacked libstdc++-13-dev:amd64 13.3.0-6ubuntu2~24.04
2026-02-13 20:53:41 status half-configured libstdc++-13-dev:amd64 13.3.0-6ubuntu2~24.04
2026-02-13 20:53:41 status installed libstdc++-13-dev:amd64 13.3.0-6ubuntu2~24.04
2026-02-13 20:53:41 configure binutils-x86-64-linux-gnu:amd64 2.42-4ubuntu2.8 <none>
2026-02-13 20:53:41 status unpacked binutils-x86-64-linux-gnu:amd64 2.42-4ubuntu2.8
2026-02-13 20:53:41 status half-configured binutils-x86-64-linux-gnu:amd64 2.42-4ubuntu2.8
2026-02-13 20:53:41 status installed binutils-x86-64-linux-gnu:amd64 2.42-4ubuntu2.8
2026-02-13 20:53:41 configure libdrm-amdgpu1:amd64 2.4.125-1ubuntu0.1~24.04.1 <none>
2026-02-13 20:53:41 status unpacked libdrm-amdgpu1:amd64 2.4.125-1ubuntu0.1~24.04.1
2026-02-13 20:53:41 status half-configured libdrm-amdgpu1:amd64 2.4.125-1ubuntu0.1~24.04.1
2026-02-13 20:53:41 status installed libdrm-amdgpu1:amd64 2.4.125-1ubuntu0.1~24.04.1
2026-02-13 20:53:41 configure libbz2-dev:amd64 1.0.8-5.1build0.1 <none>
2026-02-13 20:53:41 status unpacked libbz2-dev:amd64 1.0.8-5.1build0.1
2026-02-13 20:53:41 status half-configured libbz2-dev:amd64 1.0.8-5.1build0.1
2026-02-13 20:53:41 status installed libbz2-dev:amd64 1.0.8-5.1build0.1
2026-02-13 20:53:41 configure cpp-x86-64-linux-gnu:amd64 4:13.2.0-7ubuntu1 <none>
2026-02-13 20:53:41 status unpacked cpp-x86-64-linux-gnu:amd64 4:13.2.0-7ubuntu1
2026-02-13 20:53:41 status half-configured cpp-x86-64-linux-gnu:amd64 4:13.2.0-7ubuntu1
2026-02-13 20:53:41 status installed cpp-x86-64-linux-gnu:amd64 4:13.2.0-7ubuntu1
2026-02-13 20:53:41 configure postgresql-client-common:all 257build1.1 <none>
2026-02-13 20:53:41 status unpacked postgresql-client-common:all 257build1.1
2026-02-13 20:53:41 status half-configured postgresql-client-common:all 257build1.1
2026-02-13 20:53:41 status installed postgresql-client-common:all 257build1.1
2026-02-13 20:53:41 configure libxcb-dri3-0:amd64 1.15-1ubuntu2 <none>
2026-02-13 20:53:41 status unpacked libxcb-dri3-0:amd64 1.15-1ubuntu2
2026-02-13 20:53:41 status half-configured libxcb-dri3-0:amd64 1.15-1ubuntu2
2026-02-13 20:53:41 status installed libxcb-dri3-0:amd64 1.15-1ubuntu2
2026-02-13 20:53:41 configure libx11-xcb1:amd64 2:1.8.7-1build1 <none>
2026-02-13 20:53:41 status unpacked libx11-xcb1:amd64 2:1.8.7-1build1
2026-02-13 20:53:41 status half-configured libx11-xcb1:amd64 2:1.8.7-1build1
2026-02-13 20:53:41 status installed libx11-xcb1:amd64 2:1.8.7-1build1
2026-02-13 20:53:41 configure fontconfig:amd64 2.15.0-1.1ubuntu2 <none>
2026-02-13 20:53:41 status unpacked fontconfig:amd64 2.15.0-1.1ubuntu2
2026-02-13 20:53:41 status half-configured fontconfig:amd64 2.15.0-1.1ubuntu2
2026-02-13 20:53:43 status installed fontconfig:amd64 2.15.0-1.1ubuntu2
2026-02-13 20:53:43 configure libncurses-dev:amd64 6.4+20240113-1ubuntu2 <none>
2026-02-13 20:53:43 status unpacked libncurses-dev:amd64 6.4+20240113-1ubuntu2
2026-02-13 20:53:43 status half-configured libncurses-dev:amd64 6.4+20240113-1ubuntu2
2026-02-13 20:53:43 status installed libncurses-dev:amd64 6.4+20240113-1ubuntu2
2026-02-13 20:53:43 configure libharfbuzz-icu0:amd64 8.3.0-2build2 <none>
2026-02-13 20:53:43 status unpacked libharfbuzz-icu0:amd64 8.3.0-2build2
2026-02-13 20:53:43 status half-configured libharfbuzz-icu0:amd64 8.3.0-2build2
2026-02-13 20:53:43 status installed libharfbuzz-icu0:amd64 8.3.0-2build2
2026-02-13 20:53:43 configure gpg-agent:amd64 2.4.4-2ubuntu17.4 <none>
2026-02-13 20:53:43 status unpacked gpg-agent:amd64 2.4.4-2ubuntu17.4
2026-02-13 20:53:43 status half-configured gpg-agent:amd64 2.4.4-2ubuntu17.4
2026-02-13 20:53:44 status installed gpg-agent:amd64 2.4.4-2ubuntu17.4
2026-02-13 20:53:44 configure libxcb1-dev:amd64 1.15-1ubuntu2 <none>
2026-02-13 20:53:44 status unpacked libxcb1-dev:amd64 1.15-1ubuntu2
2026-02-13 20:53:44 status half-configured libxcb1-dev:amd64 1.15-1ubuntu2
2026-02-13 20:53:44 status installed libxcb1-dev:amd64 1.15-1ubuntu2
2026-02-13 20:53:44 configure libpython3.12-stdlib:amd64 3.12.3-1ubuntu0.11 <none>
2026-02-13 20:53:44 status unpacked libpython3.12-stdlib:amd64 3.12.3-1ubuntu0.11
2026-02-13 20:53:44 status half-configured libpython3.12-stdlib:amd64 3.12.3-1ubuntu0.11
2026-02-13 20:53:44 status installed libpython3.12-stdlib:amd64 3.12.3-1ubuntu0.11
2026-02-13 20:53:44 configure uno-libs-private:amd64 4:24.2.7-0ubuntu0.24.04.4 <none>
2026-02-13 20:53:44 status unpacked uno-libs-private:amd64 4:24.2.7-0ubuntu0.24.04.4
2026-02-13 20:53:44 status half-configured uno-libs-private:amd64 4:24.2.7-0ubuntu0.24.04.4
2026-02-13 20:53:44 status installed uno-libs-private:amd64 4:24.2.7-0ubuntu0.24.04.4
2026-02-13 20:53:44 configure libpcre2-dev:amd64 10.42-4ubuntu2.1 <none>
2026-02-13 20:53:44 status unpacked libpcre2-dev:amd64 10.42-4ubuntu2.1
2026-02-13 20:53:44 status half-configured libpcre2-dev:amd64 10.42-4ubuntu2.1
2026-02-13 20:53:44 status installed libpcre2-dev:amd64 10.42-4ubuntu2.1
2026-02-13 20:53:44 configure cpp-13:amd64 13.3.0-6ubuntu2~24.04 <none>
2026-02-13 20:53:44 status unpacked cpp-13:amd64 13.3.0-6ubuntu2~24.04
2026-02-13 20:53:44 status half-configured cpp-13:amd64 13.3.0-6ubuntu2~24.04
2026-02-13 20:53:44 status installed cpp-13:amd64 13.3.0-6ubuntu2~24.04
2026-02-13 20:53:44 configure libxrender1:amd64 1:0.9.10-1.1build1 <none>
2026-02-13 20:53:44 status unpacked libxrender1:amd64 1:0.9.10-1.1build1
2026-02-13 20:53:44 status half-configured libxrender1:amd64 1:0.9.10-1.1build1
2026-02-13 20:53:44 status installed libxrender1:amd64 1:0.9.10-1.1build1
2026-02-13 20:53:44 configure libcurl4t64:amd64 8.5.0-2ubuntu10.6 <none>
2026-02-13 20:53:44 status unpacked libcurl4t64:amd64 8.5.0-2ubuntu10.6
2026-02-13 20:53:44 status half-configured libcurl4t64:amd64 8.5.0-2ubuntu10.6
2026-02-13 20:53:44 status installed libcurl4t64:amd64 8.5.0-2ubuntu10.6
2026-02-13 20:53:44 configure libtirpc3t64:amd64 1.3.4+ds-1.1build1 <none>
2026-02-13 20:53:44 status unpacked libtirpc3t64:amd64 1.3.4+ds-1.1build1
2026-02-13 20:53:44 status half-configured libtirpc3t64:amd64 1.3.4+ds-1.1build1
2026-02-13 20:53:44 status installed libtirpc3t64:amd64 1.3.4+ds-1.1build1
2026-02-13 20:53:44 configure libsm-dev:amd64 2:1.2.3-1build3 <none>
2026-02-13 20:53:44 status unpacked libsm-dev:amd64 2:1.2.3-1build3
2026-02-13 20:53:44 status half-configured libsm-dev:amd64 2:1.2.3-1build3
2026-02-13 20:53:44 status installed libsm-dev:amd64 2:1.2.3-1build3
2026-02-13 20:53:44 configure libselinux1-dev:amd64 3.5-2ubuntu2.1 <none>
2026-02-13 20:53:44 status unpacked libselinux1-dev:amd64 3.5-2ubuntu2.1
2026-02-13 20:53:44 status half-configured libselinux1-dev:amd64 3.5-2ubuntu2.1
2026-02-13 20:53:44 status installed libselinux1-dev:amd64 3.5-2ubuntu2.1
2026-02-13 20:53:44 configure gcc-13-x86-64-linux-gnu:amd64 13.3.0-6ubuntu2~24.04 <none>
2026-02-13 20:53:44 status unpacked gcc-13-x86-64-linux-gnu:amd64 13.3.0-6ubuntu2~24.04
2026-02-13 20:53:44 status half-configured gcc-13-x86-64-linux-gnu:amd64 13.3.0-6ubuntu2~24.04
2026-02-13 20:53:44 status installed gcc-13-x86-64-linux-gnu:amd64 13.3.0-6ubuntu2~24.04
2026-02-13 20:53:44 configure python3.12:amd64 3.12.3-1ubuntu0.11 <none>
2026-02-13 20:53:44 status unpacked python3.12:amd64 3.12.3-1ubuntu0.11
2026-02-13 20:53:44 status half-configured python3.12:amd64 3.12.3-1ubuntu0.11
2026-02-13 20:53:45 status installed python3.12:amd64 3.12.3-1ubuntu0.11
2026-02-13 20:53:45 configure gpgsm:amd64 2.4.4-2ubuntu17.4 <none>
2026-02-13 20:53:45 status unpacked gpgsm:amd64 2.4.4-2ubuntu17.4
2026-02-13 20:53:45 status half-configured gpgsm:amd64 2.4.4-2ubuntu17.4
2026-02-13 20:53:45 status installed gpgsm:amd64 2.4.4-2ubuntu17.4
2026-02-13 20:53:45 configure libdrm-intel1:amd64 2.4.125-1ubuntu0.1~24.04.1 <none>
2026-02-13 20:53:45 status unpacked libdrm-intel1:amd64 2.4.125-1ubuntu0.1~24.04.1
2026-02-13 20:53:45 status half-configured libdrm-intel1:amd64 2.4.125-1ubuntu0.1~24.04.1
2026-02-13 20:53:45 status installed libdrm-intel1:amd64 2.4.125-1ubuntu0.1~24.04.1
2026-02-13 20:53:45 configure libpq5:amd64 16.11-0ubuntu0.24.04.1 <none>
2026-02-13 20:53:45 status unpacked libpq5:amd64 16.11-0ubuntu0.24.04.1
2026-02-13 20:53:45 status half-configured libpq5:amd64 16.11-0ubuntu0.24.04.1
2026-02-13 20:53:45 status installed libpq5:amd64 16.11-0ubuntu0.24.04.1
2026-02-13 20:53:45 configure libx11-dev:amd64 2:1.8.7-1build1 <none>
2026-02-13 20:53:45 status unpacked libx11-dev:amd64 2:1.8.7-1build1
2026-02-13 20:53:45 status half-configured libx11-dev:amd64 2:1.8.7-1build1
2026-02-13 20:53:45 status installed libx11-dev:amd64 2:1.8.7-1build1
2026-02-13 20:53:45 configure libcurl3t64-gnutls:amd64 8.5.0-2ubuntu10.6 <none>
2026-02-13 20:53:45 status unpacked libcurl3t64-gnutls:amd64 8.5.0-2ubuntu10.6
2026-02-13 20:53:45 status half-configured libcurl3t64-gnutls:amd64 8.5.0-2ubuntu10.6
2026-02-13 20:53:45 status installed libcurl3t64-gnutls:amd64 8.5.0-2ubuntu10.6
2026-02-13 20:53:45 configure libxext6:amd64 2:1.3.4-1build2 <none>
2026-02-13 20:53:45 status unpacked libxext6:amd64 2:1.3.4-1build2
2026-02-13 20:53:45 status half-configured libxext6:amd64 2:1.3.4-1build2
2026-02-13 20:53:45 status installed libxext6:amd64 2:1.3.4-1build2
2026-02-13 20:53:45 configure bc:amd64 1.07.1-3ubuntu4 <none>
2026-02-13 20:53:45 status unpacked bc:amd64 1.07.1-3ubuntu4
2026-02-13 20:53:45 status half-configured bc:amd64 1.07.1-3ubuntu4
2026-02-13 20:53:45 status installed bc:amd64 1.07.1-3ubuntu4
2026-02-13 20:53:45 configure libappstream5:amd64 1.0.2-1build6 <none>
2026-02-13 20:53:45 status unpacked libappstream5:amd64 1.0.2-1build6
2026-02-13 20:53:45 status half-configured libappstream5:amd64 1.0.2-1build6
2026-02-13 20:53:45 status installed libappstream5:amd64 1.0.2-1build6
2026-02-13 20:53:45 configure libgstreamer-plugins-base1.0-0:amd64 1.24.2-1ubuntu0.3 <none>
2026-02-13 20:53:45 status unpacked libgstreamer-plugins-base1.0-0:amd64 1.24.2-1ubuntu0.3
2026-02-13 20:53:45 status half-configured libgstreamer-plugins-base1.0-0:amd64 1.24.2-1ubuntu0.3
2026-02-13 20:53:45 status installed libgstreamer-plugins-base1.0-0:amd64 1.24.2-1ubuntu0.3
2026-02-13 20:53:45 configure binutils:amd64 2.42-4ubuntu2.8 <none>
2026-02-13 20:53:45 status unpacked binutils:amd64 2.42-4ubuntu2.8
2026-02-13 20:53:45 status half-configured binutils:amd64 2.42-4ubuntu2.8
2026-02-13 20:53:45 status installed binutils:amd64 2.42-4ubuntu2.8
2026-02-13 20:53:45 configure libreadline-dev:amd64 8.2-4build1 <none>
2026-02-13 20:53:45 status unpacked libreadline-dev:amd64 8.2-4build1
2026-02-13 20:53:45 status half-configured libreadline-dev:amd64 8.2-4build1
2026-02-13 20:53:45 status installed libreadline-dev:amd64 8.2-4build1
2026-02-13 20:53:45 configure libxmlsec1t64:amd64 1.2.39-5build2 <none>
2026-02-13 20:53:45 status unpacked libxmlsec1t64:amd64 1.2.39-5build2
2026-02-13 20:53:45 status half-configured libxmlsec1t64:amd64 1.2.39-5build2
2026-02-13 20:53:45 status installed libxmlsec1t64:amd64 1.2.39-5build2
2026-02-13 20:53:45 configure redis-server:amd64 5:7.0.15-1ubuntu0.24.04.2 <none>
2026-02-13 20:53:45 status unpacked redis-server:amd64 5:7.0.15-1ubuntu0.24.04.2
2026-02-13 20:53:45 status half-configured redis-server:amd64 5:7.0.15-1ubuntu0.24.04.2
2026-02-13 20:53:45 status installed redis-server:amd64 5:7.0.15-1ubuntu0.24.04.2
2026-02-13 20:53:45 configure libcairo2:amd64 1.18.0-3build1 <none>
2026-02-13 20:53:45 status unpacked libcairo2:amd64 1.18.0-3build1
2026-02-13 20:53:45 status half-configured libcairo2:amd64 1.18.0-3build1
2026-02-13 20:53:45 status installed libcairo2:amd64 1.18.0-3build1
2026-02-13 20:53:45 configure dpkg-dev:all 1.22.6ubuntu6.5 <none>
2026-02-13 20:53:45 status unpacked dpkg-dev:all 1.22.6ubuntu6.5
2026-02-13 20:53:45 status half-configured dpkg-dev:all 1.22.6ubuntu6.5
2026-02-13 20:53:45 status installed dpkg-dev:all 1.22.6ubuntu6.5
2026-02-13 20:53:45 configure libxxf86vm1:amd64 1:1.1.4-1build4 <none>
2026-02-13 20:53:45 status unpacked libxxf86vm1:amd64 1:1.1.4-1build4
2026-02-13 20:53:45 status half-configured libxxf86vm1:amd64 1:1.1.4-1build4
2026-02-13 20:53:45 status installed libxxf86vm1:amd64 1:1.1.4-1build4
2026-02-13 20:53:45 configure liberror-perl:all 0.17029-2 <none>
2026-02-13 20:53:45 status unpacked liberror-perl:all 0.17029-2
2026-02-13 20:53:45 status half-configured liberror-perl:all 0.17029-2
2026-02-13 20:53:45 status installed liberror-perl:all 0.17029-2
2026-02-13 20:53:45 configure libxmlsec1t64-nss:amd64 1.2.39-5build2 <none>
2026-02-13 20:53:45 status unpacked libxmlsec1t64-nss:amd64 1.2.39-5build2
2026-02-13 20:53:45 status half-configured libxmlsec1t64-nss:amd64 1.2.39-5build2
2026-02-13 20:53:45 status installed libxmlsec1t64-nss:amd64 1.2.39-5build2
2026-02-13 20:53:45 configure libpython3.12t64:amd64 3.12.3-1ubuntu0.11 <none>
2026-02-13 20:53:45 status unpacked libpython3.12t64:amd64 3.12.3-1ubuntu0.11
2026-02-13 20:53:45 status half-configured libpython3.12t64:amd64 3.12.3-1ubuntu0.11
2026-02-13 20:53:45 status installed libpython3.12t64:amd64 3.12.3-1ubuntu0.11
2026-02-13 20:53:45 configure dirmngr:amd64 2.4.4-2ubuntu17.4 <none>
2026-02-13 20:53:45 status unpacked dirmngr:amd64 2.4.4-2ubuntu17.4
2026-02-13 20:53:45 status half-configured dirmngr:amd64 2.4.4-2ubuntu17.4
2026-02-13 20:53:45 status installed dirmngr:amd64 2.4.4-2ubuntu17.4
2026-02-13 20:53:45 configure libxcb-shm0-dev:amd64 1.15-1ubuntu2 <none>
2026-02-13 20:53:45 status unpacked libxcb-shm0-dev:amd64 1.15-1ubuntu2
2026-02-13 20:53:45 status half-configured libxcb-shm0-dev:amd64 1.15-1ubuntu2
2026-02-13 20:53:45 status installed libxcb-shm0-dev:amd64 1.15-1ubuntu2
2026-02-13 20:53:45 configure libexpat1-dev:amd64 2.6.1-2ubuntu0.3 <none>
2026-02-13 20:53:45 status unpacked libexpat1-dev:amd64 2.6.1-2ubuntu0.3
2026-02-13 20:53:45 status half-configured libexpat1-dev:amd64 2.6.1-2ubuntu0.3
2026-02-13 20:53:45 status installed libexpat1-dev:amd64 2.6.1-2ubuntu0.3
2026-02-13 20:53:45 configure libsqlite3-dev:amd64 3.45.1-1ubuntu2.5 <none>
2026-02-13 20:53:45 status unpacked libsqlite3-dev:amd64 3.45.1-1ubuntu2.5
2026-02-13 20:53:45 status half-configured libsqlite3-dev:amd64 3.45.1-1ubuntu2.5
2026-02-13 20:53:45 status installed libsqlite3-dev:amd64 3.45.1-1ubuntu2.5
2026-02-13 20:53:45 configure uuid-dev:amd64 2.39.3-9ubuntu6.4 <none>
2026-02-13 20:53:45 status unpacked uuid-dev:amd64 2.39.3-9ubuntu6.4
2026-02-13 20:53:45 status half-configured uuid-dev:amd64 2.39.3-9ubuntu6.4
2026-02-13 20:53:45 status installed uuid-dev:amd64 2.39.3-9ubuntu6.4
2026-02-13 20:53:45 configure libxinerama1:amd64 2:1.1.4-3build1 <none>
2026-02-13 20:53:45 status unpacked libxinerama1:amd64 2:1.1.4-3build1
2026-02-13 20:53:45 status half-configured libxinerama1:amd64 2:1.1.4-3build1
2026-02-13 20:53:45 status installed libxinerama1:amd64 2:1.1.4-3build1
2026-02-13 20:53:45 configure postgresql-common:all 257build1.1 <none>
2026-02-13 20:53:45 status unpacked postgresql-common:all 257build1.1
2026-02-13 20:53:45 status half-configured postgresql-common:all 257build1.1
2026-02-13 20:53:46 status installed postgresql-common:all 257build1.1
2026-02-13 20:53:46 configure gcc-13:amd64 13.3.0-6ubuntu2~24.04 <none>
2026-02-13 20:53:46 status unpacked gcc-13:amd64 13.3.0-6ubuntu2~24.04
2026-02-13 20:53:46 status half-configured gcc-13:amd64 13.3.0-6ubuntu2~24.04
2026-02-13 20:53:46 status installed gcc-13:amd64 13.3.0-6ubuntu2~24.04
2026-02-13 20:53:46 configure libxrandr2:amd64 2:1.5.2-2build1 <none>
2026-02-13 20:53:46 status unpacked libxrandr2:amd64 2:1.5.2-2build1
2026-02-13 20:53:46 status half-configured libxrandr2:amd64 2:1.5.2-2build1
2026-02-13 20:53:46 status installed libxrandr2:amd64 2:1.5.2-2build1
2026-02-13 20:53:46 configure keyboxd:amd64 2.4.4-2ubuntu17.4 <none>
2026-02-13 20:53:46 status unpacked keyboxd:amd64 2.4.4-2ubuntu17.4
2026-02-13 20:53:46 status half-configured keyboxd:amd64 2.4.4-2ubuntu17.4
2026-02-13 20:53:46 status installed keyboxd:amd64 2.4.4-2ubuntu17.4
2026-02-13 20:53:46 configure libxcb-render0-dev:amd64 1.15-1ubuntu2 <none>
2026-02-13 20:53:46 status unpacked libxcb-render0-dev:amd64 1.15-1ubuntu2
2026-02-13 20:53:46 status half-configured libxcb-render0-dev:amd64 1.15-1ubuntu2
2026-02-13 20:53:46 status installed libxcb-render0-dev:amd64 1.15-1ubuntu2
2026-02-13 20:53:46 configure git:amd64 1:2.43.0-1ubuntu7.3 <none>
2026-02-13 20:53:46 status unpacked git:amd64 1:2.43.0-1ubuntu7.3
2026-02-13 20:53:46 status half-configured git:amd64 1:2.43.0-1ubuntu7.3
2026-02-13 20:53:46 status installed git:amd64 1:2.43.0-1ubuntu7.3
2026-02-13 20:53:46 configure libuno-cppuhelpergcc3-3t64:amd64 4:24.2.7-0ubuntu0.24.04.4 <none>
2026-02-13 20:53:46 status unpacked libuno-cppuhelpergcc3-3t64:amd64 4:24.2.7-0ubuntu0.24.04.4
2026-02-13 20:53:46 status half-configured libuno-cppuhelpergcc3-3t64:amd64 4:24.2.7-0ubuntu0.24.04.4
2026-02-13 20:53:46 status installed libuno-cppuhelpergcc3-3t64:amd64 4:24.2.7-0ubuntu0.24.04.4
2026-02-13 20:53:46 configure lsof:amd64 4.95.0-1build3 <none>
2026-02-13 20:53:46 status unpacked lsof:amd64 4.95.0-1build3
2026-02-13 20:53:46 status half-configured lsof:amd64 4.95.0-1build3
2026-02-13 20:53:46 status installed lsof:amd64 4.95.0-1build3
2026-02-13 20:53:46 configure libxext-dev:amd64 2:1.3.4-1build2 <none>
2026-02-13 20:53:46 status unpacked libxext-dev:amd64 2:1.3.4-1build2
2026-02-13 20:53:46 status half-configured libxext-dev:amd64 2:1.3.4-1build2
2026-02-13 20:53:46 status installed libxext-dev:amd64 2:1.3.4-1build2
2026-02-13 20:53:46 configure zlib1g-dev:amd64 1:1.3.dfsg-3.1ubuntu2.1 <none>
2026-02-13 20:53:46 status unpacked zlib1g-dev:amd64 1:1.3.dfsg-3.1ubuntu2.1
2026-02-13 20:53:46 status half-configured zlib1g-dev:amd64 1:1.3.dfsg-3.1ubuntu2.1
2026-02-13 20:53:46 status installed zlib1g-dev:amd64 1:1.3.dfsg-3.1ubuntu2.1
2026-02-13 20:53:46 configure cpp:amd64 4:13.2.0-7ubuntu1 <none>
2026-02-13 20:53:46 status unpacked cpp:amd64 4:13.2.0-7ubuntu1
2026-02-13 20:53:46 status half-configured cpp:amd64 4:13.2.0-7ubuntu1
2026-02-13 20:53:46 status installed cpp:amd64 4:13.2.0-7ubuntu1
2026-02-13 20:53:46 configure gnupg:all 2.4.4-2ubuntu17.4 <none>
2026-02-13 20:53:46 status unpacked gnupg:all 2.4.4-2ubuntu17.4
2026-02-13 20:53:46 status half-configured gnupg:all 2.4.4-2ubuntu17.4
2026-02-13 20:53:46 status installed gnupg:all 2.4.4-2ubuntu17.4
2026-02-13 20:53:46 configure ure:amd64 4:24.2.7-0ubuntu0.24.04.4 <none>
2026-02-13 20:53:46 status unpacked ure:amd64 4:24.2.7-0ubuntu0.24.04.4
2026-02-13 20:53:46 status half-configured ure:amd64 4:24.2.7-0ubuntu0.24.04.4
2026-02-13 20:53:46 status installed ure:amd64 4:24.2.7-0ubuntu0.24.04.4
2026-02-13 20:53:46 configure cmake:amd64 3.28.3-1build7 <none>
2026-02-13 20:53:46 status unpacked cmake:amd64 3.28.3-1build7
2026-02-13 20:53:46 status half-configured cmake:amd64 3.28.3-1build7
2026-02-13 20:53:46 status installed cmake:amd64 3.28.3-1build7
2026-02-13 20:53:46 configure libcairo-gobject2:amd64 1.18.0-3build1 <none>
2026-02-13 20:53:46 status unpacked libcairo-gobject2:amd64 1.18.0-3build1
2026-02-13 20:53:46 status half-configured libcairo-gobject2:amd64 1.18.0-3build1
2026-02-13 20:53:46 status installed libcairo-gobject2:amd64 1.18.0-3build1
2026-02-13 20:53:46 configure libgpgme11t64:amd64 1.18.0-4.1ubuntu4 <none>
2026-02-13 20:53:46 status unpacked libgpgme11t64:amd64 1.18.0-4.1ubuntu4
2026-02-13 20:53:46 status half-configured libgpgme11t64:amd64 1.18.0-4.1ubuntu4
2026-02-13 20:53:46 status installed libgpgme11t64:amd64 1.18.0-4.1ubuntu4
2026-02-13 20:53:46 configure curl:amd64 8.5.0-2ubuntu10.6 <none>
2026-02-13 20:53:46 status unpacked curl:amd64 8.5.0-2ubuntu10.6
2026-02-13 20:53:46 status half-configured curl:amd64 8.5.0-2ubuntu10.6
2026-02-13 20:53:46 status installed curl:amd64 8.5.0-2ubuntu10.6
2026-02-13 20:53:46 configure libxrender-dev:amd64 1:0.9.10-1.1build1 <none>
2026-02-13 20:53:46 status unpacked libxrender-dev:amd64 1:0.9.10-1.1build1
2026-02-13 20:53:46 status half-configured libxrender-dev:amd64 1:0.9.10-1.1build1
2026-02-13 20:53:46 status installed libxrender-dev:amd64 1:0.9.10-1.1build1
2026-02-13 20:53:46 configure libcups2t64:amd64 2.4.7-1.2ubuntu7.9 <none>
2026-02-13 20:53:46 status unpacked libcups2t64:amd64 2.4.7-1.2ubuntu7.9
2026-02-13 20:53:46 status half-configured libcups2t64:amd64 2.4.7-1.2ubuntu7.9
2026-02-13 20:53:46 status installed libcups2t64:amd64 2.4.7-1.2ubuntu7.9
2026-02-13 20:53:46 configure libpython3-stdlib:amd64 3.12.3-0ubuntu2.1 <none>
2026-02-13 20:53:46 status unpacked libpython3-stdlib:amd64 3.12.3-0ubuntu2.1
2026-02-13 20:53:46 status half-configured libpython3-stdlib:amd64 3.12.3-0ubuntu2.1
2026-02-13 20:53:46 status installed libpython3-stdlib:amd64 3.12.3-0ubuntu2.1
2026-02-13 20:53:46 configure libcairo-script-interpreter2:amd64 1.18.0-3build1 <none>
2026-02-13 20:53:46 status unpacked libcairo-script-interpreter2:amd64 1.18.0-3build1
2026-02-13 20:53:46 status half-configured libcairo-script-interpreter2:amd64 1.18.0-3build1
2026-02-13 20:53:46 status installed libcairo-script-interpreter2:amd64 1.18.0-3build1
2026-02-13 20:53:46 configure libblkid-dev:amd64 2.39.3-9ubuntu6.4 <none>
2026-02-13 20:53:46 status unpacked libblkid-dev:amd64 2.39.3-9ubuntu6.4
2026-02-13 20:53:46 status half-configured libblkid-dev:amd64 2.39.3-9ubuntu6.4
2026-02-13 20:53:46 status installed libblkid-dev:amd64 2.39.3-9ubuntu6.4
2026-02-13 20:53:46 configure libgpgmepp6t64:amd64 1.18.0-4.1ubuntu4 <none>
2026-02-13 20:53:46 status unpacked libgpgmepp6t64:amd64 1.18.0-4.1ubuntu4
2026-02-13 20:53:46 status half-configured libgpgmepp6t64:amd64 1.18.0-4.1ubuntu4
2026-02-13 20:53:46 status installed libgpgmepp6t64:amd64 1.18.0-4.1ubuntu4
2026-02-13 20:53:46 configure mesa-libgallium:amd64 25.2.8-0ubuntu0.24.04.1 <none>
2026-02-13 20:53:46 status unpacked mesa-libgallium:amd64 25.2.8-0ubuntu0.24.04.1
2026-02-13 20:53:46 status half-configured mesa-libgallium:amd64 25.2.8-0ubuntu0.24.04.1
2026-02-13 20:53:46 status installed mesa-libgallium:amd64 25.2.8-0ubuntu0.24.04.1
2026-02-13 20:53:46 configure gnupg2:all 2.4.4-2ubuntu17.4 <none>
2026-02-13 20:53:46 status unpacked gnupg2:all 2.4.4-2ubuntu17.4
2026-02-13 20:53:46 status half-configured gnupg2:all 2.4.4-2ubuntu17.4
2026-02-13 20:53:46 status installed gnupg2:all 2.4.4-2ubuntu17.4
2026-02-13 20:53:46 configure vim:amd64 2:9.1.0016-1ubuntu7.9 <none>
2026-02-13 20:53:46 status unpacked vim:amd64 2:9.1.0016-1ubuntu7.9
2026-02-13 20:53:46 status half-configured vim:amd64 2:9.1.0016-1ubuntu7.9
2026-02-13 20:53:46 status installed vim:amd64 2:9.1.0016-1ubuntu7.9
2026-02-13 20:53:46 configure g++-13-x86-64-linux-gnu:amd64 13.3.0-6ubuntu2~24.04 <none>
2026-02-13 20:53:46 status unpacked g++-13-x86-64-linux-gnu:amd64 13.3.0-6ubuntu2~24.04
2026-02-13 20:53:46 status half-configured g++-13-x86-64-linux-gnu:amd64 13.3.0-6ubuntu2~24.04
2026-02-13 20:53:46 status installed g++-13-x86-64-linux-gnu:amd64 13.3.0-6ubuntu2~24.04
2026-02-13 20:53:46 configure gcc-x86-64-linux-gnu:amd64 4:13.2.0-7ubuntu1 <none>
2026-02-13 20:53:46 status unpacked gcc-x86-64-linux-gnu:amd64 4:13.2.0-7ubuntu1
2026-02-13 20:53:46 status half-configured gcc-x86-64-linux-gnu:amd64 4:13.2.0-7ubuntu1
2026-02-13 20:53:46 status installed gcc-x86-64-linux-gnu:amd64 4:13.2.0-7ubuntu1
2026-02-13 20:53:46 configure libgbm1:amd64 25.2.8-0ubuntu0.24.04.1 <none>
2026-02-13 20:53:46 status unpacked libgbm1:amd64 25.2.8-0ubuntu0.24.04.1
2026-02-13 20:53:46 status half-configured libgbm1:amd64 25.2.8-0ubuntu0.24.04.1
2026-02-13 20:53:46 status installed libgbm1:amd64 25.2.8-0ubuntu0.24.04.1
2026-02-13 20:53:46 configure libpoppler134:amd64 24.02.0-1ubuntu9.8 <none>
2026-02-13 20:53:46 status unpacked libpoppler134:amd64 24.02.0-1ubuntu9.8
2026-02-13 20:53:46 status half-configured libpoppler134:amd64 24.02.0-1ubuntu9.8
2026-02-13 20:53:46 status installed libpoppler134:amd64 24.02.0-1ubuntu9.8
2026-02-13 20:53:46 configure postgresql-client-16:amd64 16.11-0ubuntu0.24.04.1 <none>
2026-02-13 20:53:46 status unpacked postgresql-client-16:amd64 16.11-0ubuntu0.24.04.1
2026-02-13 20:53:46 status half-configured postgresql-client-16:amd64 16.11-0ubuntu0.24.04.1
2026-02-13 20:53:47 status installed postgresql-client-16:amd64 16.11-0ubuntu0.24.04.1
2026-02-13 20:53:47 configure libgl1-mesa-dri:amd64 25.2.8-0ubuntu0.24.04.1 <none>
2026-02-13 20:53:47 status unpacked libgl1-mesa-dri:amd64 25.2.8-0ubuntu0.24.04.1
2026-02-13 20:53:47 status half-configured libgl1-mesa-dri:amd64 25.2.8-0ubuntu0.24.04.1
2026-02-13 20:53:47 status installed libgl1-mesa-dri:amd64 25.2.8-0ubuntu0.24.04.1
2026-02-13 20:53:47 configure libpng-dev:amd64 1.6.43-5ubuntu0.5 <none>
2026-02-13 20:53:47 status unpacked libpng-dev:amd64 1.6.43-5ubuntu0.5
2026-02-13 20:53:47 status half-configured libpng-dev:amd64 1.6.43-5ubuntu0.5
2026-02-13 20:53:47 status installed libpng-dev:amd64 1.6.43-5ubuntu0.5
2026-02-13 20:53:47 configure libraptor2-0:amd64 2.0.16-3ubuntu0.1 <none>
2026-02-13 20:53:47 status unpacked libraptor2-0:amd64 2.0.16-3ubuntu0.1
2026-02-13 20:53:47 status half-configured libraptor2-0:amd64 2.0.16-3ubuntu0.1
2026-02-13 20:53:47 status installed libraptor2-0:amd64 2.0.16-3ubuntu0.1
2026-02-13 20:53:47 configure python3:amd64 3.12.3-0ubuntu2.1 <none>
2026-02-13 20:53:47 status unpacked python3:amd64 3.12.3-0ubuntu2.1
2026-02-13 20:53:47 status half-configured python3:amd64 3.12.3-0ubuntu2.1
2026-02-13 20:53:47 status installed python3:amd64 3.12.3-0ubuntu2.1
2026-02-13 20:53:47 configure libpython3.12-dev:amd64 3.12.3-1ubuntu0.11 <none>
2026-02-13 20:53:47 status unpacked libpython3.12-dev:amd64 3.12.3-1ubuntu0.11
2026-02-13 20:53:47 status half-configured libpython3.12-dev:amd64 3.12.3-1ubuntu0.11
2026-02-13 20:53:47 status installed libpython3.12-dev:amd64 3.12.3-1ubuntu0.11
2026-02-13 20:53:47 configure librasqal3t64:amd64 0.9.33-2.1build1 <none>
2026-02-13 20:53:47 status unpacked librasqal3t64:amd64 0.9.33-2.1build1
2026-02-13 20:53:47 status half-configured librasqal3t64:amd64 0.9.33-2.1build1
2026-02-13 20:53:47 status installed librasqal3t64:amd64 0.9.33-2.1build1
2026-02-13 20:53:47 configure librdf0t64:amd64 1.0.17-3.1ubuntu3 <none>
2026-02-13 20:53:47 status unpacked librdf0t64:amd64 1.0.17-3.1ubuntu3
2026-02-13 20:53:48 status half-configured librdf0t64:amd64 1.0.17-3.1ubuntu3
2026-02-13 20:53:48 status installed librdf0t64:amd64 1.0.17-3.1ubuntu3
2026-02-13 20:53:48 configure python3-wheel:all 0.42.0-2 <none>
2026-02-13 20:53:48 status unpacked python3-wheel:all 0.42.0-2
2026-02-13 20:53:48 status half-configured python3-wheel:all 0.42.0-2
2026-02-13 20:53:48 status installed python3-wheel:all 0.42.0-2
2026-02-13 20:53:48 configure gcc:amd64 4:13.2.0-7ubuntu1 <none>
2026-02-13 20:53:48 status unpacked gcc:amd64 4:13.2.0-7ubuntu1
2026-02-13 20:53:48 status half-configured gcc:amd64 4:13.2.0-7ubuntu1
2026-02-13 20:53:48 status installed gcc:amd64 4:13.2.0-7ubuntu1
2026-02-13 20:53:48 configure libfreetype-dev:amd64 2.13.2+dfsg-1build3 <none>
2026-02-13 20:53:48 status unpacked libfreetype-dev:amd64 2.13.2+dfsg-1build3
2026-02-13 20:53:48 status half-configured libfreetype-dev:amd64 2.13.2+dfsg-1build3
2026-02-13 20:53:48 status installed libfreetype-dev:amd64 2.13.2+dfsg-1build3
2026-02-13 20:53:48 configure python3-six:all 1.16.0-4 <none>
2026-02-13 20:53:48 status unpacked python3-six:all 1.16.0-4
2026-02-13 20:53:48 status half-configured python3-six:all 1.16.0-4
2026-02-13 20:53:48 status installed python3-six:all 1.16.0-4
2026-02-13 20:53:48 configure python3-xmltodict:all 0.13.0-1ubuntu0.24.04.1 <none>
2026-02-13 20:53:48 status unpacked python3-xmltodict:all 0.13.0-1ubuntu0.24.04.1
2026-02-13 20:53:49 status half-configured python3-xmltodict:all 0.13.0-1ubuntu0.24.04.1
2026-02-13 20:53:49 status installed python3-xmltodict:all 0.13.0-1ubuntu0.24.04.1
2026-02-13 20:53:49 configure python3-packaging:all 24.0-1 <none>
2026-02-13 20:53:49 status unpacked python3-packaging:all 24.0-1
2026-02-13 20:53:49 status half-configured python3-packaging:all 24.0-1
2026-02-13 20:53:49 status installed python3-packaging:all 24.0-1
2026-02-13 20:53:49 configure python3-pyparsing:all 3.1.1-1 <none>
2026-02-13 20:53:49 status unpacked python3-pyparsing:all 3.1.1-1
2026-02-13 20:53:49 status half-configured python3-pyparsing:all 3.1.1-1
2026-02-13 20:53:49 status installed python3-pyparsing:all 3.1.1-1
2026-02-13 20:53:49 configure libreoffice-common:all 4:24.2.7-0ubuntu0.24.04.4 <none>
2026-02-13 20:53:49 status unpacked libreoffice-common:all 4:24.2.7-0ubuntu0.24.04.4
2026-02-13 20:53:50 status half-configured libreoffice-common:all 4:24.2.7-0ubuntu0.24.04.4
2026-02-13 20:53:51 status installed libreoffice-common:all 4:24.2.7-0ubuntu0.24.04.4
2026-02-13 20:53:51 configure python3-gi:amd64 3.48.2-1 <none>
2026-02-13 20:53:51 status unpacked python3-gi:amd64 3.48.2-1
2026-02-13 20:53:51 status half-configured python3-gi:amd64 3.48.2-1
2026-02-13 20:53:51 status installed python3-gi:amd64 3.48.2-1
2026-02-13 20:53:51 configure python3.12-dev:amd64 3.12.3-1ubuntu0.11 <none>
2026-02-13 20:53:51 status unpacked python3.12-dev:amd64 3.12.3-1ubuntu0.11
2026-02-13 20:53:51 status half-configured python3.12-dev:amd64 3.12.3-1ubuntu0.11
2026-02-13 20:53:51 status installed python3.12-dev:amd64 3.12.3-1ubuntu0.11
2026-02-13 20:53:51 configure python3-toml:all 0.10.2-1 <none>
2026-02-13 20:53:51 status unpacked python3-toml:all 0.10.2-1
2026-02-13 20:53:51 status half-configured python3-toml:all 0.10.2-1
2026-02-13 20:53:51 status installed python3-toml:all 0.10.2-1
2026-02-13 20:53:51 configure python3-httplib2:all 0.20.4-3 <none>
2026-02-13 20:53:51 status unpacked python3-httplib2:all 0.20.4-3
2026-02-13 20:53:51 status half-configured python3-httplib2:all 0.20.4-3
2026-02-13 20:53:51 status installed python3-httplib2:all 0.20.4-3
2026-02-13 20:53:51 configure g++-x86-64-linux-gnu:amd64 4:13.2.0-7ubuntu1 <none>
2026-02-13 20:53:51 status unpacked g++-x86-64-linux-gnu:amd64 4:13.2.0-7ubuntu1
2026-02-13 20:53:51 status half-configured g++-x86-64-linux-gnu:amd64 4:13.2.0-7ubuntu1
2026-02-13 20:53:51 status installed g++-x86-64-linux-gnu:amd64 4:13.2.0-7ubuntu1
2026-02-13 20:53:51 configure python3-argcomplete:all 3.1.4-1ubuntu0.1 <none>
2026-02-13 20:53:51 status unpacked python3-argcomplete:all 3.1.4-1ubuntu0.1
2026-02-13 20:53:51 status half-configured python3-argcomplete:all 3.1.4-1ubuntu0.1
2026-02-13 20:53:51 status installed python3-argcomplete:all 3.1.4-1ubuntu0.1
2026-02-13 20:53:51 configure libreoffice-core:amd64 4:24.2.7-0ubuntu0.24.04.4 <none>
2026-02-13 20:53:51 status unpacked libreoffice-core:amd64 4:24.2.7-0ubuntu0.24.04.4
2026-02-13 20:53:51 status half-configured libreoffice-core:amd64 4:24.2.7-0ubuntu0.24.04.4
2026-02-13 20:53:51 status installed libreoffice-core:amd64 4:24.2.7-0ubuntu0.24.04.4
2026-02-13 20:53:51 configure libmount-dev:amd64 2.39.3-9ubuntu6.4 <none>
2026-02-13 20:53:51 status unpacked libmount-dev:amd64 2.39.3-9ubuntu6.4
2026-02-13 20:53:51 status half-configured libmount-dev:amd64 2.39.3-9ubuntu6.4
2026-02-13 20:53:51 status installed libmount-dev:amd64 2.39.3-9ubuntu6.4
2026-02-13 20:53:51 configure python3-cffi-backend:amd64 1.16.0-2build1 <none>
2026-02-13 20:53:51 status unpacked python3-cffi-backend:amd64 1.16.0-2build1
2026-02-13 20:53:51 status half-configured python3-cffi-backend:amd64 1.16.0-2build1
2026-02-13 20:53:51 status installed python3-cffi-backend:amd64 1.16.0-2build1
2026-02-13 20:53:51 configure python3-blinker:all 1.7.0-1 <none>
2026-02-13 20:53:51 status unpacked python3-blinker:all 1.7.0-1
2026-02-13 20:53:51 status half-configured python3-blinker:all 1.7.0-1
2026-02-13 20:53:51 status installed python3-blinker:all 1.7.0-1
2026-02-13 20:53:52 configure python3-pkg-resources:all 68.1.2-2ubuntu1.2 <none>
2026-02-13 20:53:52 status unpacked python3-pkg-resources:all 68.1.2-2ubuntu1.2
2026-02-13 20:53:52 status half-configured python3-pkg-resources:all 68.1.2-2ubuntu1.2
2026-02-13 20:53:52 status installed python3-pkg-resources:all 68.1.2-2ubuntu1.2
2026-02-13 20:53:52 configure libglib2.0-dev-bin:amd64 2.80.0-6ubuntu3.8 <none>
2026-02-13 20:53:52 status unpacked libglib2.0-dev-bin:amd64 2.80.0-6ubuntu3.8
2026-02-13 20:53:52 status half-configured libglib2.0-dev-bin:amd64 2.80.0-6ubuntu3.8
2026-02-13 20:53:52 status installed libglib2.0-dev-bin:amd64 2.80.0-6ubuntu3.8
2026-02-13 20:53:52 configure g++-13:amd64 13.3.0-6ubuntu2~24.04 <none>
2026-02-13 20:53:52 status unpacked g++-13:amd64 13.3.0-6ubuntu2~24.04
2026-02-13 20:53:52 status half-configured g++-13:amd64 13.3.0-6ubuntu2~24.04
2026-02-13 20:53:52 status installed g++-13:amd64 13.3.0-6ubuntu2~24.04
2026-02-13 20:53:52 configure python3-dbus:amd64 1.3.2-5build3 <none>
2026-02-13 20:53:52 status unpacked python3-dbus:amd64 1.3.2-5build3
2026-02-13 20:53:52 status half-configured python3-dbus:amd64 1.3.2-5build3
2026-02-13 20:53:52 status installed python3-dbus:amd64 1.3.2-5build3
2026-02-13 20:53:52 configure libglx-mesa0:amd64 25.2.8-0ubuntu0.24.04.1 <none>
2026-02-13 20:53:52 status unpacked libglx-mesa0:amd64 25.2.8-0ubuntu0.24.04.1
2026-02-13 20:53:52 status half-configured libglx-mesa0:amd64 25.2.8-0ubuntu0.24.04.1
2026-02-13 20:53:52 status installed libglx-mesa0:amd64 25.2.8-0ubuntu0.24.04.1
2026-02-13 20:53:52 configure libpython3-dev:amd64 3.12.3-0ubuntu2.1 <none>
2026-02-13 20:53:52 status unpacked libpython3-dev:amd64 3.12.3-0ubuntu2.1
2026-02-13 20:53:52 status half-configured libpython3-dev:amd64 3.12.3-0ubuntu2.1
2026-02-13 20:53:52 status installed libpython3-dev:amd64 3.12.3-0ubuntu2.1
2026-02-13 20:53:52 configure python3-setuptools:all 68.1.2-2ubuntu1.2 <none>
2026-02-13 20:53:52 status unpacked python3-setuptools:all 68.1.2-2ubuntu1.2
2026-02-13 20:53:52 status half-configured python3-setuptools:all 68.1.2-2ubuntu1.2
2026-02-13 20:53:52 status installed python3-setuptools:all 68.1.2-2ubuntu1.2
2026-02-13 20:53:52 configure python3-distro:all 1.9.0-1 <none>
2026-02-13 20:53:52 status unpacked python3-distro:all 1.9.0-1
2026-02-13 20:53:52 status half-configured python3-distro:all 1.9.0-1
2026-02-13 20:53:53 status installed python3-distro:all 1.9.0-1
2026-02-13 20:53:53 configure postgresql-16:amd64 16.11-0ubuntu0.24.04.1 <none>
2026-02-13 20:53:53 status unpacked postgresql-16:amd64 16.11-0ubuntu0.24.04.1
2026-02-13 20:53:53 status half-configured postgresql-16:amd64 16.11-0ubuntu0.24.04.1
2026-02-13 20:53:55 status installed postgresql-16:amd64 16.11-0ubuntu0.24.04.1
2026-02-13 20:53:55 configure libglx0:amd64 1.7.0-1build1 <none>
2026-02-13 20:53:55 status unpacked libglx0:amd64 1.7.0-1build1
2026-02-13 20:53:55 status half-configured libglx0:amd64 1.7.0-1build1
2026-02-13 20:53:55 status installed libglx0:amd64 1.7.0-1build1
2026-02-13 20:53:55 configure python3-jwt:all 2.7.0-1 <none>
2026-02-13 20:53:55 status unpacked python3-jwt:all 2.7.0-1
2026-02-13 20:53:55 status half-configured python3-jwt:all 2.7.0-1
2026-02-13 20:53:56 status installed python3-jwt:all 2.7.0-1
2026-02-13 20:53:56 configure libfontconfig-dev:amd64 2.15.0-1.1ubuntu2 <none>
2026-02-13 20:53:56 status unpacked libfontconfig-dev:amd64 2.15.0-1.1ubuntu2
2026-02-13 20:53:56 status half-configured libfontconfig-dev:amd64 2.15.0-1.1ubuntu2
2026-02-13 20:53:56 status installed libfontconfig-dev:amd64 2.15.0-1.1ubuntu2
2026-02-13 20:53:56 configure python3-apt:amd64 2.7.7ubuntu5.2 <none>
2026-02-13 20:53:56 status unpacked python3-apt:amd64 2.7.7ubuntu5.2
2026-02-13 20:53:56 status half-configured python3-apt:amd64 2.7.7ubuntu5.2
2026-02-13 20:53:56 status installed python3-apt:amd64 2.7.7ubuntu5.2
2026-02-13 20:53:56 configure python3-yaml:amd64 6.0.1-2build2 <none>
2026-02-13 20:53:56 status unpacked python3-yaml:amd64 6.0.1-2build2
2026-02-13 20:53:56 status half-configured python3-yaml:amd64 6.0.1-2build2
2026-02-13 20:53:56 status installed python3-yaml:amd64 6.0.1-2build2
2026-02-13 20:53:56 configure python3-lazr.uri:all 1.0.6-3 <none>
2026-02-13 20:53:56 status unpacked python3-lazr.uri:all 1.0.6-3
2026-02-13 20:53:56 status half-configured python3-lazr.uri:all 1.0.6-3
2026-02-13 20:53:56 status installed python3-lazr.uri:all 1.0.6-3
2026-02-13 20:53:56 configure libgl1:amd64 1.7.0-1build1 <none>
2026-02-13 20:53:56 status unpacked libgl1:amd64 1.7.0-1build1
2026-02-13 20:53:56 status half-configured libgl1:amd64 1.7.0-1build1
2026-02-13 20:53:56 status installed libgl1:amd64 1.7.0-1build1
2026-02-13 20:53:56 configure libglib2.0-dev:amd64 2.80.0-6ubuntu3.8 <none>
2026-02-13 20:53:56 status unpacked libglib2.0-dev:amd64 2.80.0-6ubuntu3.8
2026-02-13 20:53:56 status half-configured libglib2.0-dev:amd64 2.80.0-6ubuntu3.8
2026-02-13 20:53:56 status installed libglib2.0-dev:amd64 2.80.0-6ubuntu3.8
2026-02-13 20:53:56 configure python3-cryptography:amd64 41.0.7-4ubuntu0.1 <none>
2026-02-13 20:53:56 status unpacked python3-cryptography:amd64 41.0.7-4ubuntu0.1
2026-02-13 20:53:56 status half-configured python3-cryptography:amd64 41.0.7-4ubuntu0.1
2026-02-13 20:53:56 status installed python3-cryptography:amd64 41.0.7-4ubuntu0.1
2026-02-13 20:53:56 configure python3-wadllib:all 1.3.6-5 <none>
2026-02-13 20:53:56 status unpacked python3-wadllib:all 1.3.6-5
2026-02-13 20:53:56 status half-configured python3-wadllib:all 1.3.6-5
2026-02-13 20:53:56 status installed python3-wadllib:all 1.3.6-5
2026-02-13 20:53:57 configure python3-dev:amd64 3.12.3-0ubuntu2.1 <none>
2026-02-13 20:53:57 status unpacked python3-dev:amd64 3.12.3-0ubuntu2.1
2026-02-13 20:53:57 status half-configured python3-dev:amd64 3.12.3-0ubuntu2.1
2026-02-13 20:53:57 status installed python3-dev:amd64 3.12.3-0ubuntu2.1
2026-02-13 20:53:57 configure python3-pip:all 24.0+dfsg-1ubuntu1.3 <none>
2026-02-13 20:53:57 status unpacked python3-pip:all 24.0+dfsg-1ubuntu1.3
2026-02-13 20:53:57 status half-configured python3-pip:all 24.0+dfsg-1ubuntu1.3
2026-02-13 20:53:58 status installed python3-pip:all 24.0+dfsg-1ubuntu1.3
2026-02-13 20:53:58 configure g++:amd64 4:13.2.0-7ubuntu1 <none>
2026-02-13 20:53:58 status unpacked g++:amd64 4:13.2.0-7ubuntu1
2026-02-13 20:53:58 status half-configured g++:amd64 4:13.2.0-7ubuntu1
2026-02-13 20:53:58 status installed g++:amd64 4:13.2.0-7ubuntu1
2026-02-13 20:53:58 configure build-essential:amd64 12.10ubuntu1 <none>
2026-02-13 20:53:58 status unpacked build-essential:amd64 12.10ubuntu1
2026-02-13 20:53:58 status half-configured build-essential:amd64 12.10ubuntu1
2026-02-13 20:53:58 status installed build-essential:amd64 12.10ubuntu1
2026-02-13 20:53:58 configure libcairo2-dev:amd64 1.18.0-3build1 <none>
2026-02-13 20:53:58 status unpacked libcairo2-dev:amd64 1.18.0-3build1
2026-02-13 20:53:58 status half-configured libcairo2-dev:amd64 1.18.0-3build1
2026-02-13 20:53:58 status installed libcairo2-dev:amd64 1.18.0-3build1
2026-02-13 20:53:58 configure python3-uno:amd64 4:24.2.7-0ubuntu0.24.04.4 <none>
2026-02-13 20:53:58 status unpacked python3-uno:amd64 4:24.2.7-0ubuntu0.24.04.4
2026-02-13 20:53:58 status half-configured python3-uno:amd64 4:24.2.7-0ubuntu0.24.04.4
2026-02-13 20:53:58 status installed python3-uno:amd64 4:24.2.7-0ubuntu0.24.04.4
2026-02-13 20:53:58 configure yq:all 3.1.0-3 <none>
2026-02-13 20:53:58 status unpacked yq:all 3.1.0-3
2026-02-13 20:53:58 status half-configured yq:all 3.1.0-3
2026-02-13 20:53:58 status installed yq:all 3.1.0-3
2026-02-13 20:53:58 configure python3-oauthlib:all 3.2.2-1 <none>
2026-02-13 20:53:58 status unpacked python3-oauthlib:all 3.2.2-1
2026-02-13 20:53:58 status half-configured python3-oauthlib:all 3.2.2-1
2026-02-13 20:53:58 status installed python3-oauthlib:all 3.2.2-1
2026-02-13 20:53:58 configure python3-lazr.restfulclient:all 0.14.6-1 <none>
2026-02-13 20:53:58 status unpacked python3-lazr.restfulclient:all 0.14.6-1
2026-02-13 20:53:58 status half-configured python3-lazr.restfulclient:all 0.14.6-1
2026-02-13 20:53:58 status installed python3-lazr.restfulclient:all 0.14.6-1
2026-02-13 20:53:58 configure python3-launchpadlib:all 1.11.0-6 <none>
2026-02-13 20:53:58 status unpacked python3-launchpadlib:all 1.11.0-6
2026-02-13 20:53:58 status half-configured python3-launchpadlib:all 1.11.0-6
2026-02-13 20:53:59 status installed python3-launchpadlib:all 1.11.0-6
2026-02-13 20:53:59 configure python3-software-properties:all 0.99.49.3 <none>
2026-02-13 20:53:59 status unpacked python3-software-properties:all 0.99.49.3
2026-02-13 20:53:59 status half-configured python3-software-properties:all 0.99.49.3
2026-02-13 20:53:59 status installed python3-software-properties:all 0.99.49.3
2026-02-13 20:53:59 trigproc debianutils:amd64 5.17build1 <none>
2026-02-13 20:53:59 status half-configured debianutils:amd64 5.17build1
2026-02-13 20:53:59 status installed debianutils:amd64 5.17build1
2026-02-13 20:53:59 trigproc libc-bin:amd64 2.39-0ubuntu8.7 <none>
2026-02-13 20:53:59 status half-configured libc-bin:amd64 2.39-0ubuntu8.7
2026-02-13 20:53:59 status installed libc-bin:amd64 2.39-0ubuntu8.7
2026-02-13 20:53:59 trigproc sgml-base:all 1.31 <none>
2026-02-13 20:53:59 status half-configured sgml-base:all 1.31
2026-02-13 20:53:59 status installed xml-core:all 0.19
2026-02-13 20:53:59 status installed sgml-base:all 1.31
2026-02-13 20:53:59 configure polkitd:amd64 124-2ubuntu1.24.04.2 <none>
2026-02-13 20:53:59 status unpacked polkitd:amd64 124-2ubuntu1.24.04.2
2026-02-13 20:53:59 status half-configured polkitd:amd64 124-2ubuntu1.24.04.2
2026-02-13 20:53:59 status installed polkitd:amd64 124-2ubuntu1.24.04.2
2026-02-13 20:53:59 configure packagekit:amd64 1.2.8-2ubuntu1.4 <none>
2026-02-13 20:53:59 status unpacked packagekit:amd64 1.2.8-2ubuntu1.4
2026-02-13 20:53:59 status half-configured packagekit:amd64 1.2.8-2ubuntu1.4
2026-02-13 20:53:59 status installed packagekit:amd64 1.2.8-2ubuntu1.4
2026-02-13 20:53:59 configure software-properties-common:all 0.99.49.3 <none>
2026-02-13 20:53:59 status unpacked software-properties-common:all 0.99.49.3
2026-02-13 20:53:59 status triggers-pending dbus:amd64 1.14.10-4ubuntu4.1
2026-02-13 20:53:59 status half-configured software-properties-common:all 0.99.49.3
2026-02-13 20:53:59 status installed software-properties-common:all 0.99.49.3
2026-02-13 20:53:59 trigproc ca-certificates:all 20240203 <none>
2026-02-13 20:53:59 status half-configured ca-certificates:all 20240203
2026-02-13 20:54:00 status installed ca-certificates:all 20240203
2026-02-13 20:54:00 trigproc dbus:amd64 1.14.10-4ubuntu4.1 <none>
2026-02-13 20:54:00 status half-configured dbus:amd64 1.14.10-4ubuntu4.1
2026-02-13 20:54:00 status installed dbus:amd64 1.14.10-4ubuntu4.1
2026-02-13 20:54:12 startup archives unpack
2026-02-13 20:54:12 install apt-transport-https:all <none> 2.8.3
2026-02-13 20:54:12 status half-installed apt-transport-https:all 2.8.3
2026-02-13 20:54:12 status unpacked apt-transport-https:all 2.8.3
2026-02-13 20:54:12 startup packages configure
2026-02-13 20:54:12 configure apt-transport-https:all 2.8.3 <none>
2026-02-13 20:54:12 status unpacked apt-transport-https:all 2.8.3
2026-02-13 20:54:12 status half-configured apt-transport-https:all 2.8.3
2026-02-13 20:54:12 status installed apt-transport-https:all 2.8.3
2026-02-13 20:54:22 startup archives unpack
2026-02-13 20:54:22 install psmisc:amd64 <none> 23.7-1build1
2026-02-13 20:54:22 status half-installed psmisc:amd64 23.7-1build1
2026-02-13 20:54:22 status unpacked psmisc:amd64 23.7-1build1
2026-02-13 20:54:22 install php-common:all <none> 2:101~+ubuntu24.04.1+deb.sury.org+1
2026-02-13 20:54:22 status half-installed php-common:all 2:101~+ubuntu24.04.1+deb.sury.org+1
2026-02-13 20:54:22 status unpacked php-common:all 2:101~+ubuntu24.04.1+deb.sury.org+1
2026-02-13 20:54:22 install php8.4-common:amd64 <none> 8.4.18-2+ubuntu24.04.1+deb.sury.org+1
2026-02-13 20:54:22 status half-installed php8.4-common:amd64 8.4.18-2+ubuntu24.04.1+deb.sury.org+1
2026-02-13 20:54:22 status unpacked php8.4-common:amd64 8.4.18-2+ubuntu24.04.1+deb.sury.org+1
2026-02-13 20:54:22 install php8.4-opcache:amd64 <none> 8.4.18-2+ubuntu24.04.1+deb.sury.org+1
2026-02-13 20:54:22 status half-installed php8.4-opcache:amd64 8.4.18-2+ubuntu24.04.1+deb.sury.org+1
2026-02-13 20:54:22 status unpacked php8.4-opcache:amd64 8.4.18-2+ubuntu24.04.1+deb.sury.org+1
2026-02-13 20:54:22 install php8.4-readline:amd64 <none> 8.4.18-2+ubuntu24.04.1+deb.sury.org+1
2026-02-13 20:54:22 status half-installed php8.4-readline:amd64 8.4.18-2+ubuntu24.04.1+deb.sury.org+1
2026-02-13 20:54:22 status unpacked php8.4-readline:amd64 8.4.18-2+ubuntu24.04.1+deb.sury.org+1
2026-02-13 20:54:22 install php8.4-cli:amd64 <none> 8.4.18-2+ubuntu24.04.1+deb.sury.org+1
2026-02-13 20:54:22 status half-installed php8.4-cli:amd64 8.4.18-2+ubuntu24.04.1+deb.sury.org+1
2026-02-13 20:54:23 status unpacked php8.4-cli:amd64 8.4.18-2+ubuntu24.04.1+deb.sury.org+1
2026-02-13 20:54:23 startup packages configure
2026-02-13 20:54:23 configure psmisc:amd64 23.7-1build1 <none>
2026-02-13 20:54:23 status unpacked psmisc:amd64 23.7-1build1
2026-02-13 20:54:23 status half-configured psmisc:amd64 23.7-1build1
2026-02-13 20:54:23 status installed psmisc:amd64 23.7-1build1
2026-02-13 20:54:23 configure php-common:all 2:101~+ubuntu24.04.1+deb.sury.org+1 <none>
2026-02-13 20:54:23 status unpacked php-common:all 2:101~+ubuntu24.04.1+deb.sury.org+1
2026-02-13 20:54:23 status half-configured php-common:all 2:101~+ubuntu24.04.1+deb.sury.org+1
2026-02-13 20:54:23 status installed php-common:all 2:101~+ubuntu24.04.1+deb.sury.org+1
2026-02-13 20:54:23 startup archives unpack
2026-02-13 20:54:23 install php8.4-igbinary:amd64 <none> 3.2.16-6+ubuntu24.04.1+deb.sury.org+1
2026-02-13 20:54:23 status half-installed php8.4-igbinary:amd64 3.2.16-6+ubuntu24.04.1+deb.sury.org+1
2026-02-13 20:54:23 status unpacked php8.4-igbinary:amd64 3.2.16-6+ubuntu24.04.1+deb.sury.org+1
2026-02-13 20:54:23 install php8.4-redis:amd64 <none> 6.3.0-2+ubuntu24.04.1+deb.sury.org+1
2026-02-13 20:54:23 status half-installed php8.4-redis:amd64 6.3.0-2+ubuntu24.04.1+deb.sury.org+1
2026-02-13 20:54:23 status unpacked php8.4-redis:amd64 6.3.0-2+ubuntu24.04.1+deb.sury.org+1
2026-02-13 20:54:23 install m4:amd64 <none> 1.4.19-4build1
2026-02-13 20:54:23 status half-installed m4:amd64 1.4.19-4build1
2026-02-13 20:54:23 status unpacked m4:amd64 1.4.19-4build1
2026-02-13 20:54:23 install autoconf:all <none> 2.71-3
2026-02-13 20:54:23 status half-installed autoconf:all 2.71-3
2026-02-13 20:54:23 status unpacked autoconf:all 2.71-3
2026-02-13 20:54:23 install autotools-dev:all <none> 20220109.1
2026-02-13 20:54:23 status half-installed autotools-dev:all 20220109.1
2026-02-13 20:54:23 status unpacked autotools-dev:all 20220109.1
2026-02-13 20:54:23 install automake:all <none> 1:1.16.5-1.3ubuntu1
2026-02-13 20:54:23 status half-installed automake:all 1:1.16.5-1.3ubuntu1
2026-02-13 20:54:23 status unpacked automake:all 1:1.16.5-1.3ubuntu1
2026-02-13 20:54:23 install libaom3:amd64 <none> 3.8.2-2ubuntu0.1
2026-02-13 20:54:23 status triggers-pending libc-bin:amd64 2.39-0ubuntu8.7
2026-02-13 20:54:23 status half-installed libaom3:amd64 3.8.2-2ubuntu0.1
2026-02-13 20:54:23 status unpacked libaom3:amd64 3.8.2-2ubuntu0.1
2026-02-13 20:54:23 install libdav1d7:amd64 <none> 1.4.1-1build1
2026-02-13 20:54:23 status half-installed libdav1d7:amd64 1.4.1-1build1
2026-02-13 20:54:23 status unpacked libdav1d7:amd64 1.4.1-1build1
2026-02-13 20:54:23 install libgav1-1:amd64 <none> 0.18.0-1build3
2026-02-13 20:54:23 status half-installed libgav1-1:amd64 0.18.0-1build3
2026-02-13 20:54:23 status unpacked libgav1-1:amd64 0.18.0-1build3
2026-02-13 20:54:23 install librav1e0:amd64 <none> 0.7.1-2
2026-02-13 20:54:23 status half-installed librav1e0:amd64 0.7.1-2
2026-02-13 20:54:23 status unpacked librav1e0:amd64 0.7.1-2
2026-02-13 20:54:23 install libsvtav1enc1d1:amd64 <none> 1.7.0+dfsg-2build1
2026-02-13 20:54:23 status half-installed libsvtav1enc1d1:amd64 1.7.0+dfsg-2build1
2026-02-13 20:54:23 status unpacked libsvtav1enc1d1:amd64 1.7.0+dfsg-2build1
2026-02-13 20:54:23 install libyuv0:amd64 <none> 0.0~git202401110.af6ac82-1
2026-02-13 20:54:23 status half-installed libyuv0:amd64 0.0~git202401110.af6ac82-1
2026-02-13 20:54:23 status unpacked libyuv0:amd64 0.0~git202401110.af6ac82-1
2026-02-13 20:54:23 install libavif16:amd64 <none> 1.0.4-1ubuntu3
2026-02-13 20:54:23 status half-installed libavif16:amd64 1.0.4-1ubuntu3
2026-02-13 20:54:23 status unpacked libavif16:amd64 1.0.4-1ubuntu3
2026-02-13 20:54:23 install libde265-0:amd64 <none> 1.0.15-1build3
2026-02-13 20:54:23 status half-installed libde265-0:amd64 1.0.15-1build3
2026-02-13 20:54:23 status unpacked libde265-0:amd64 1.0.15-1build3
2026-02-13 20:54:23 install libheif-plugin-aomdec:amd64 <none> 1.17.6-1ubuntu4.2
2026-02-13 20:54:23 status half-installed libheif-plugin-aomdec:amd64 1.17.6-1ubuntu4.2
2026-02-13 20:54:23 status unpacked libheif-plugin-aomdec:amd64 1.17.6-1ubuntu4.2
2026-02-13 20:54:23 install libheif-plugin-libde265:amd64 <none> 1.17.6-1ubuntu4.2
2026-02-13 20:54:23 status half-installed libheif-plugin-libde265:amd64 1.17.6-1ubuntu4.2
2026-02-13 20:54:23 status unpacked libheif-plugin-libde265:amd64 1.17.6-1ubuntu4.2
2026-02-13 20:54:23 install libheif1:amd64 <none> 1.17.6-1ubuntu4.2
2026-02-13 20:54:23 status half-installed libheif1:amd64 1.17.6-1ubuntu4.2
2026-02-13 20:54:23 status unpacked libheif1:amd64 1.17.6-1ubuntu4.2
2026-02-13 20:54:23 install libimagequant0:amd64 <none> 2.18.0-1build1
2026-02-13 20:54:23 status half-installed libimagequant0:amd64 2.18.0-1build1
2026-02-13 20:54:23 status unpacked libimagequant0:amd64 2.18.0-1build1
2026-02-13 20:54:23 install libxpm4:amd64 <none> 1:3.5.17-1build2
2026-02-13 20:54:23 status half-installed libxpm4:amd64 1:3.5.17-1build2
2026-02-13 20:54:24 status unpacked libxpm4:amd64 1:3.5.17-1build2
2026-02-13 20:54:24 install libgd3:amd64 <none> 2.3.3-13+ubuntu24.04.1+deb.sury.org+1
2026-02-13 20:54:24 status half-installed libgd3:amd64 2.3.3-13+ubuntu24.04.1+deb.sury.org+1
2026-02-13 20:54:24 status unpacked libgd3:amd64 2.3.3-13+ubuntu24.04.1+deb.sury.org+1
2026-02-13 20:54:24 install libtool:all <none> 2.4.7-7build1
2026-02-13 20:54:24 status half-installed libtool:all 2.4.7-7build1
2026-02-13 20:54:24 status unpacked libtool:all 2.4.7-7build1
2026-02-13 20:54:24 install libzip4t64:amd64 <none> 1.7.3-1.1ubuntu2
2026-02-13 20:54:24 status half-installed libzip4t64:amd64 1.7.3-1.1ubuntu2
2026-02-13 20:54:24 status unpacked libzip4t64:amd64 1.7.3-1.1ubuntu2
2026-02-13 20:54:24 install php8.4-curl:amd64 <none> 8.4.18-2+ubuntu24.04.1+deb.sury.org+1
2026-02-13 20:54:24 status half-installed php8.4-curl:amd64 8.4.18-2+ubuntu24.04.1+deb.sury.org+1
2026-02-13 20:54:24 status unpacked php8.4-curl:amd64 8.4.18-2+ubuntu24.04.1+deb.sury.org+1
2026-02-13 20:54:24 install shtool:all <none> 2.0.8-10
2026-02-13 20:54:24 status half-installed shtool:all 2.0.8-10
2026-02-13 20:54:24 status unpacked shtool:all 2.0.8-10
2026-02-13 20:54:24 install php8.4-dev:amd64 <none> 8.4.18-2+ubuntu24.04.1+deb.sury.org+1
2026-02-13 20:54:24 status half-installed php8.4-dev:amd64 8.4.18-2+ubuntu24.04.1+deb.sury.org+1
2026-02-13 20:54:24 status unpacked php8.4-dev:amd64 8.4.18-2+ubuntu24.04.1+deb.sury.org+1
2026-02-13 20:54:24 install php8.4-gd:amd64 <none> 8.4.18-2+ubuntu24.04.1+deb.sury.org+1
2026-02-13 20:54:24 status half-installed php8.4-gd:amd64 8.4.18-2+ubuntu24.04.1+deb.sury.org+1
2026-02-13 20:54:24 status unpacked php8.4-gd:amd64 8.4.18-2+ubuntu24.04.1+deb.sury.org+1
2026-02-13 20:54:24 install php8.4-intl:amd64 <none> 8.4.18-2+ubuntu24.04.1+deb.sury.org+1
2026-02-13 20:54:24 status half-installed php8.4-intl:amd64 8.4.18-2+ubuntu24.04.1+deb.sury.org+1
2026-02-13 20:54:24 status unpacked php8.4-intl:amd64 8.4.18-2+ubuntu24.04.1+deb.sury.org+1
2026-02-13 20:54:24 install php8.4-mbstring:amd64 <none> 8.4.18-2+ubuntu24.04.1+deb.sury.org+1
2026-02-13 20:54:24 status half-installed php8.4-mbstring:amd64 8.4.18-2+ubuntu24.04.1+deb.sury.org+1
2026-02-13 20:54:24 status unpacked php8.4-mbstring:amd64 8.4.18-2+ubuntu24.04.1+deb.sury.org+1
2026-02-13 20:54:24 install php8.4-mysql:amd64 <none> 8.4.18-2+ubuntu24.04.1+deb.sury.org+1
2026-02-13 20:54:24 status half-installed php8.4-mysql:amd64 8.4.18-2+ubuntu24.04.1+deb.sury.org+1
2026-02-13 20:54:24 status unpacked php8.4-mysql:amd64 8.4.18-2+ubuntu24.04.1+deb.sury.org+1
2026-02-13 20:54:24 install php8.4-pgsql:amd64 <none> 8.4.18-2+ubuntu24.04.1+deb.sury.org+1
2026-02-13 20:54:24 status half-installed php8.4-pgsql:amd64 8.4.18-2+ubuntu24.04.1+deb.sury.org+1
2026-02-13 20:54:24 status unpacked php8.4-pgsql:amd64 8.4.18-2+ubuntu24.04.1+deb.sury.org+1
2026-02-13 20:54:24 install php8.4-sqlite3:amd64 <none> 8.4.18-2+ubuntu24.04.1+deb.sury.org+1
2026-02-13 20:54:24 status half-installed php8.4-sqlite3:amd64 8.4.18-2+ubuntu24.04.1+deb.sury.org+1
2026-02-13 20:54:24 status unpacked php8.4-sqlite3:amd64 8.4.18-2+ubuntu24.04.1+deb.sury.org+1
2026-02-13 20:54:24 install php8.4-xml:amd64 <none> 8.4.18-2+ubuntu24.04.1+deb.sury.org+1
2026-02-13 20:54:24 status half-installed php8.4-xml:amd64 8.4.18-2+ubuntu24.04.1+deb.sury.org+1
2026-02-13 20:54:24 status unpacked php8.4-xml:amd64 8.4.18-2+ubuntu24.04.1+deb.sury.org+1
2026-02-13 20:54:24 install php8.4-zip:amd64 <none> 8.4.18-2+ubuntu24.04.1+deb.sury.org+1
2026-02-13 20:54:24 status half-installed php8.4-zip:amd64 8.4.18-2+ubuntu24.04.1+deb.sury.org+1
2026-02-13 20:54:24 status unpacked php8.4-zip:amd64 8.4.18-2+ubuntu24.04.1+deb.sury.org+1
2026-02-13 20:54:24 startup packages configure
2026-02-13 20:54:24 configure shtool:all 2.0.8-10 <none>
2026-02-13 20:54:24 status unpacked shtool:all 2.0.8-10
2026-02-13 20:54:24 status half-configured shtool:all 2.0.8-10
2026-02-13 20:54:24 status installed shtool:all 2.0.8-10
2026-02-13 20:54:24 configure libaom3:amd64 3.8.2-2ubuntu0.1 <none>
2026-02-13 20:54:24 status unpacked libaom3:amd64 3.8.2-2ubuntu0.1
2026-02-13 20:54:24 status half-configured libaom3:amd64 3.8.2-2ubuntu0.1
2026-02-13 20:54:24 status installed libaom3:amd64 3.8.2-2ubuntu0.1
2026-02-13 20:54:24 configure libxpm4:amd64 1:3.5.17-1build2 <none>
2026-02-13 20:54:24 status unpacked libxpm4:amd64 1:3.5.17-1build2
2026-02-13 20:54:24 status half-configured libxpm4:amd64 1:3.5.17-1build2
2026-02-13 20:54:24 status installed libxpm4:amd64 1:3.5.17-1build2
2026-02-13 20:54:24 configure php8.4-common:amd64 8.4.18-2+ubuntu24.04.1+deb.sury.org+1 <none>
2026-02-13 20:54:24 status unpacked php8.4-common:amd64 8.4.18-2+ubuntu24.04.1+deb.sury.org+1
2026-02-13 20:54:24 status half-configured php8.4-common:amd64 8.4.18-2+ubuntu24.04.1+deb.sury.org+1
2026-02-13 20:54:28 status installed php8.4-common:amd64 8.4.18-2+ubuntu24.04.1+deb.sury.org+1
2026-02-13 20:54:28 configure m4:amd64 1.4.19-4build1 <none>
2026-02-13 20:54:28 status unpacked m4:amd64 1.4.19-4build1
2026-02-13 20:54:28 status half-configured m4:amd64 1.4.19-4build1
2026-02-13 20:54:28 status installed m4:amd64 1.4.19-4build1
2026-02-13 20:54:28 configure libsvtav1enc1d1:amd64 1.7.0+dfsg-2build1 <none>
2026-02-13 20:54:28 status unpacked libsvtav1enc1d1:amd64 1.7.0+dfsg-2build1
2026-02-13 20:54:28 status half-configured libsvtav1enc1d1:amd64 1.7.0+dfsg-2build1
2026-02-13 20:54:28 status installed libsvtav1enc1d1:amd64 1.7.0+dfsg-2build1
2026-02-13 20:54:28 configure php8.4-curl:amd64 8.4.18-2+ubuntu24.04.1+deb.sury.org+1 <none>
2026-02-13 20:54:28 status unpacked php8.4-curl:amd64 8.4.18-2+ubuntu24.04.1+deb.sury.org+1
2026-02-13 20:54:28 status half-configured php8.4-curl:amd64 8.4.18-2+ubuntu24.04.1+deb.sury.org+1
2026-02-13 20:54:28 status installed php8.4-curl:amd64 8.4.18-2+ubuntu24.04.1+deb.sury.org+1
2026-02-13 20:54:28 configure librav1e0:amd64 0.7.1-2 <none>
2026-02-13 20:54:28 status unpacked librav1e0:amd64 0.7.1-2
2026-02-13 20:54:28 status half-configured librav1e0:amd64 0.7.1-2
2026-02-13 20:54:28 status installed librav1e0:amd64 0.7.1-2
2026-02-13 20:54:28 configure php8.4-pgsql:amd64 8.4.18-2+ubuntu24.04.1+deb.sury.org+1 <none>
2026-02-13 20:54:28 status unpacked php8.4-pgsql:amd64 8.4.18-2+ubuntu24.04.1+deb.sury.org+1
2026-02-13 20:54:28 status half-configured php8.4-pgsql:amd64 8.4.18-2+ubuntu24.04.1+deb.sury.org+1
2026-02-13 20:54:29 status installed php8.4-pgsql:amd64 8.4.18-2+ubuntu24.04.1+deb.sury.org+1
2026-02-13 20:54:29 configure php8.4-sqlite3:amd64 8.4.18-2+ubuntu24.04.1+deb.sury.org+1 <none>
2026-02-13 20:54:29 status unpacked php8.4-sqlite3:amd64 8.4.18-2+ubuntu24.04.1+deb.sury.org+1
2026-02-13 20:54:29 status half-configured php8.4-sqlite3:amd64 8.4.18-2+ubuntu24.04.1+deb.sury.org+1
2026-02-13 20:54:29 status installed php8.4-sqlite3:amd64 8.4.18-2+ubuntu24.04.1+deb.sury.org+1
2026-02-13 20:54:29 configure autotools-dev:all 20220109.1 <none>
2026-02-13 20:54:29 status unpacked autotools-dev:all 20220109.1
2026-02-13 20:54:29 status half-configured autotools-dev:all 20220109.1
2026-02-13 20:54:29 status installed autotools-dev:all 20220109.1
2026-02-13 20:54:29 configure libimagequant0:amd64 2.18.0-1build1 <none>
2026-02-13 20:54:29 status unpacked libimagequant0:amd64 2.18.0-1build1
2026-02-13 20:54:29 status half-configured libimagequant0:amd64 2.18.0-1build1
2026-02-13 20:54:29 status installed libimagequant0:amd64 2.18.0-1build1
2026-02-13 20:54:29 configure libgav1-1:amd64 0.18.0-1build3 <none>
2026-02-13 20:54:29 status unpacked libgav1-1:amd64 0.18.0-1build3
2026-02-13 20:54:29 status half-configured libgav1-1:amd64 0.18.0-1build3
2026-02-13 20:54:29 status installed libgav1-1:amd64 0.18.0-1build3
2026-02-13 20:54:29 configure autoconf:all 2.71-3 <none>
2026-02-13 20:54:29 status unpacked autoconf:all 2.71-3
2026-02-13 20:54:29 status half-configured autoconf:all 2.71-3
2026-02-13 20:54:29 status installed autoconf:all 2.71-3
2026-02-13 20:54:29 configure libdav1d7:amd64 1.4.1-1build1 <none>
2026-02-13 20:54:29 status unpacked libdav1d7:amd64 1.4.1-1build1
2026-02-13 20:54:29 status half-configured libdav1d7:amd64 1.4.1-1build1
2026-02-13 20:54:29 status installed libdav1d7:amd64 1.4.1-1build1
2026-02-13 20:54:29 configure php8.4-xml:amd64 8.4.18-2+ubuntu24.04.1+deb.sury.org+1 <none>
2026-02-13 20:54:29 status unpacked php8.4-xml:amd64 8.4.18-2+ubuntu24.04.1+deb.sury.org+1
2026-02-13 20:54:29 status half-configured php8.4-xml:amd64 8.4.18-2+ubuntu24.04.1+deb.sury.org+1
2026-02-13 20:54:30 status installed php8.4-xml:amd64 8.4.18-2+ubuntu24.04.1+deb.sury.org+1
2026-02-13 20:54:30 configure libde265-0:amd64 1.0.15-1build3 <none>
2026-02-13 20:54:30 status unpacked libde265-0:amd64 1.0.15-1build3
2026-02-13 20:54:30 status half-configured libde265-0:amd64 1.0.15-1build3
2026-02-13 20:54:30 status installed libde265-0:amd64 1.0.15-1build3
2026-02-13 20:54:30 configure libzip4t64:amd64 1.7.3-1.1ubuntu2 <none>
2026-02-13 20:54:30 status unpacked libzip4t64:amd64 1.7.3-1.1ubuntu2
2026-02-13 20:54:30 status half-configured libzip4t64:amd64 1.7.3-1.1ubuntu2
2026-02-13 20:54:30 status installed libzip4t64:amd64 1.7.3-1.1ubuntu2
2026-02-13 20:54:30 configure libyuv0:amd64 0.0~git202401110.af6ac82-1 <none>
2026-02-13 20:54:30 status unpacked libyuv0:amd64 0.0~git202401110.af6ac82-1
2026-02-13 20:54:30 status half-configured libyuv0:amd64 0.0~git202401110.af6ac82-1
2026-02-13 20:54:30 status installed libyuv0:amd64 0.0~git202401110.af6ac82-1
2026-02-13 20:54:30 configure php8.4-opcache:amd64 8.4.18-2+ubuntu24.04.1+deb.sury.org+1 <none>
2026-02-13 20:54:30 status unpacked php8.4-opcache:amd64 8.4.18-2+ubuntu24.04.1+deb.sury.org+1
2026-02-13 20:54:30 status half-configured php8.4-opcache:amd64 8.4.18-2+ubuntu24.04.1+deb.sury.org+1
2026-02-13 20:54:31 status installed php8.4-opcache:amd64 8.4.18-2+ubuntu24.04.1+deb.sury.org+1
2026-02-13 20:54:31 configure php8.4-intl:amd64 8.4.18-2+ubuntu24.04.1+deb.sury.org+1 <none>
2026-02-13 20:54:31 status unpacked php8.4-intl:amd64 8.4.18-2+ubuntu24.04.1+deb.sury.org+1
2026-02-13 20:54:31 status half-configured php8.4-intl:amd64 8.4.18-2+ubuntu24.04.1+deb.sury.org+1
2026-02-13 20:54:31 status installed php8.4-intl:amd64 8.4.18-2+ubuntu24.04.1+deb.sury.org+1
2026-02-13 20:54:31 configure automake:all 1:1.16.5-1.3ubuntu1 <none>
2026-02-13 20:54:31 status unpacked automake:all 1:1.16.5-1.3ubuntu1
2026-02-13 20:54:31 status half-configured automake:all 1:1.16.5-1.3ubuntu1
2026-02-13 20:54:31 status installed automake:all 1:1.16.5-1.3ubuntu1
2026-02-13 20:54:31 configure libavif16:amd64 1.0.4-1ubuntu3 <none>
2026-02-13 20:54:31 status unpacked libavif16:amd64 1.0.4-1ubuntu3
2026-02-13 20:54:31 status half-configured libavif16:amd64 1.0.4-1ubuntu3
2026-02-13 20:54:31 status installed libavif16:amd64 1.0.4-1ubuntu3
2026-02-13 20:54:31 configure php8.4-readline:amd64 8.4.18-2+ubuntu24.04.1+deb.sury.org+1 <none>
2026-02-13 20:54:31 status unpacked php8.4-readline:amd64 8.4.18-2+ubuntu24.04.1+deb.sury.org+1
2026-02-13 20:54:31 status half-configured php8.4-readline:amd64 8.4.18-2+ubuntu24.04.1+deb.sury.org+1
2026-02-13 20:54:31 status installed php8.4-readline:amd64 8.4.18-2+ubuntu24.04.1+deb.sury.org+1
2026-02-13 20:54:31 configure libtool:all 2.4.7-7build1 <none>
2026-02-13 20:54:31 status unpacked libtool:all 2.4.7-7build1
2026-02-13 20:54:31 status half-configured libtool:all 2.4.7-7build1
2026-02-13 20:54:31 status installed libtool:all 2.4.7-7build1
2026-02-13 20:54:31 configure php8.4-mbstring:amd64 8.4.18-2+ubuntu24.04.1+deb.sury.org+1 <none>
2026-02-13 20:54:31 status unpacked php8.4-mbstring:amd64 8.4.18-2+ubuntu24.04.1+deb.sury.org+1
2026-02-13 20:54:31 status half-configured php8.4-mbstring:amd64 8.4.18-2+ubuntu24.04.1+deb.sury.org+1
2026-02-13 20:54:31 status installed php8.4-mbstring:amd64 8.4.18-2+ubuntu24.04.1+deb.sury.org+1
2026-02-13 20:54:31 configure php8.4-mysql:amd64 8.4.18-2+ubuntu24.04.1+deb.sury.org+1 <none>
2026-02-13 20:54:31 status unpacked php8.4-mysql:amd64 8.4.18-2+ubuntu24.04.1+deb.sury.org+1
2026-02-13 20:54:31 status half-configured php8.4-mysql:amd64 8.4.18-2+ubuntu24.04.1+deb.sury.org+1
2026-02-13 20:54:32 status installed php8.4-mysql:amd64 8.4.18-2+ubuntu24.04.1+deb.sury.org+1
2026-02-13 20:54:32 configure php8.4-zip:amd64 8.4.18-2+ubuntu24.04.1+deb.sury.org+1 <none>
2026-02-13 20:54:32 status unpacked php8.4-zip:amd64 8.4.18-2+ubuntu24.04.1+deb.sury.org+1
2026-02-13 20:54:32 status half-configured php8.4-zip:amd64 8.4.18-2+ubuntu24.04.1+deb.sury.org+1
2026-02-13 20:54:32 status installed php8.4-zip:amd64 8.4.18-2+ubuntu24.04.1+deb.sury.org+1
2026-02-13 20:54:32 configure php8.4-cli:amd64 8.4.18-2+ubuntu24.04.1+deb.sury.org+1 <none>
2026-02-13 20:54:32 status unpacked php8.4-cli:amd64 8.4.18-2+ubuntu24.04.1+deb.sury.org+1
2026-02-13 20:54:32 status half-configured php8.4-cli:amd64 8.4.18-2+ubuntu24.04.1+deb.sury.org+1
2026-02-13 20:54:33 status installed php8.4-cli:amd64 8.4.18-2+ubuntu24.04.1+deb.sury.org+1
2026-02-13 20:54:33 status triggers-pending php8.4-cli:amd64 8.4.18-2+ubuntu24.04.1+deb.sury.org+1
2026-02-13 20:54:33 configure php8.4-dev:amd64 8.4.18-2+ubuntu24.04.1+deb.sury.org+1 <none>
2026-02-13 20:54:33 status unpacked php8.4-dev:amd64 8.4.18-2+ubuntu24.04.1+deb.sury.org+1
2026-02-13 20:54:33 status half-configured php8.4-dev:amd64 8.4.18-2+ubuntu24.04.1+deb.sury.org+1
2026-02-13 20:54:33 status installed php8.4-dev:amd64 8.4.18-2+ubuntu24.04.1+deb.sury.org+1
2026-02-13 20:54:33 configure php8.4-igbinary:amd64 3.2.16-6+ubuntu24.04.1+deb.sury.org+1 <none>
2026-02-13 20:54:33 status unpacked php8.4-igbinary:amd64 3.2.16-6+ubuntu24.04.1+deb.sury.org+1
2026-02-13 20:54:33 status half-configured php8.4-igbinary:amd64 3.2.16-6+ubuntu24.04.1+deb.sury.org+1
2026-02-13 20:54:33 status installed php8.4-igbinary:amd64 3.2.16-6+ubuntu24.04.1+deb.sury.org+1
2026-02-13 20:54:33 configure php8.4-redis:amd64 6.3.0-2+ubuntu24.04.1+deb.sury.org+1 <none>
2026-02-13 20:54:33 status unpacked php8.4-redis:amd64 6.3.0-2+ubuntu24.04.1+deb.sury.org+1
2026-02-13 20:54:33 status half-configured php8.4-redis:amd64 6.3.0-2+ubuntu24.04.1+deb.sury.org+1
2026-02-13 20:54:33 status installed php8.4-redis:amd64 6.3.0-2+ubuntu24.04.1+deb.sury.org+1
2026-02-13 20:54:33 configure libheif-plugin-aomdec:amd64 1.17.6-1ubuntu4.2 <none>
2026-02-13 20:54:33 status unpacked libheif-plugin-aomdec:amd64 1.17.6-1ubuntu4.2
2026-02-13 20:54:33 status half-configured libheif-plugin-aomdec:amd64 1.17.6-1ubuntu4.2
2026-02-13 20:54:33 status installed libheif-plugin-aomdec:amd64 1.17.6-1ubuntu4.2
2026-02-13 20:54:33 configure libheif-plugin-libde265:amd64 1.17.6-1ubuntu4.2 <none>
2026-02-13 20:54:33 status unpacked libheif-plugin-libde265:amd64 1.17.6-1ubuntu4.2
2026-02-13 20:54:33 status half-configured libheif-plugin-libde265:amd64 1.17.6-1ubuntu4.2
2026-02-13 20:54:33 status installed libheif-plugin-libde265:amd64 1.17.6-1ubuntu4.2
2026-02-13 20:54:33 configure libheif1:amd64 1.17.6-1ubuntu4.2 <none>
2026-02-13 20:54:33 status unpacked libheif1:amd64 1.17.6-1ubuntu4.2
2026-02-13 20:54:33 status half-configured libheif1:amd64 1.17.6-1ubuntu4.2
2026-02-13 20:54:33 status installed libheif1:amd64 1.17.6-1ubuntu4.2
2026-02-13 20:54:33 configure libgd3:amd64 2.3.3-13+ubuntu24.04.1+deb.sury.org+1 <none>
2026-02-13 20:54:33 status unpacked libgd3:amd64 2.3.3-13+ubuntu24.04.1+deb.sury.org+1
2026-02-13 20:54:33 status half-configured libgd3:amd64 2.3.3-13+ubuntu24.04.1+deb.sury.org+1
2026-02-13 20:54:33 status installed libgd3:amd64 2.3.3-13+ubuntu24.04.1+deb.sury.org+1
2026-02-13 20:54:33 configure php8.4-gd:amd64 8.4.18-2+ubuntu24.04.1+deb.sury.org+1 <none>
2026-02-13 20:54:33 status unpacked php8.4-gd:amd64 8.4.18-2+ubuntu24.04.1+deb.sury.org+1
2026-02-13 20:54:33 status half-configured php8.4-gd:amd64 8.4.18-2+ubuntu24.04.1+deb.sury.org+1
2026-02-13 20:54:34 status installed php8.4-gd:amd64 8.4.18-2+ubuntu24.04.1+deb.sury.org+1
2026-02-13 20:54:34 trigproc libc-bin:amd64 2.39-0ubuntu8.7 <none>
2026-02-13 20:54:34 status half-configured libc-bin:amd64 2.39-0ubuntu8.7
2026-02-13 20:54:34 status installed libc-bin:amd64 2.39-0ubuntu8.7
2026-02-13 20:54:34 trigproc php8.4-cli:amd64 8.4.18-2+ubuntu24.04.1+deb.sury.org+1 <none>
2026-02-13 20:54:34 status half-configured php8.4-cli:amd64 8.4.18-2+ubuntu24.04.1+deb.sury.org+1
2026-02-13 20:54:34 status installed php8.4-cli:amd64 8.4.18-2+ubuntu24.04.1+deb.sury.org+1
2026-02-13 20:54:53 startup archives unpack
2026-02-13 20:54:53 install libpython3.10-minimal:amd64 <none> 3.10.19-1+noble1
2026-02-13 20:54:53 status half-installed libpython3.10-minimal:amd64 3.10.19-1+noble1
2026-02-13 20:54:53 status unpacked libpython3.10-minimal:amd64 3.10.19-1+noble1
2026-02-13 20:54:53 install python3.10-minimal:amd64 <none> 3.10.19-1+noble1
2026-02-13 20:54:53 status half-installed python3.10-minimal:amd64 3.10.19-1+noble1
2026-02-13 20:54:53 status unpacked python3.10-minimal:amd64 3.10.19-1+noble1
2026-02-13 20:54:53 install libpython3.10-stdlib:amd64 <none> 3.10.19-1+noble1
2026-02-13 20:54:53 status half-installed libpython3.10-stdlib:amd64 3.10.19-1+noble1
2026-02-13 20:54:53 status unpacked libpython3.10-stdlib:amd64 3.10.19-1+noble1
2026-02-13 20:54:53 install libpython3.10:amd64 <none> 3.10.19-1+noble1
2026-02-13 20:54:53 status half-installed libpython3.10:amd64 3.10.19-1+noble1
2026-02-13 20:54:53 status unpacked libpython3.10:amd64 3.10.19-1+noble1
2026-02-13 20:54:53 install libpython3.10-dev:amd64 <none> 3.10.19-1+noble1
2026-02-13 20:54:53 status half-installed libpython3.10-dev:amd64 3.10.19-1+noble1
2026-02-13 20:54:53 status unpacked libpython3.10-dev:amd64 3.10.19-1+noble1
2026-02-13 20:54:53 install python3.10:amd64 <none> 3.10.19-1+noble1
2026-02-13 20:54:53 status half-installed python3.10:amd64 3.10.19-1+noble1
2026-02-13 20:54:53 status unpacked python3.10:amd64 3.10.19-1+noble1
2026-02-13 20:54:53 install python3.10-dev:amd64 <none> 3.10.19-1+noble1
2026-02-13 20:54:53 status half-installed python3.10-dev:amd64 3.10.19-1+noble1
2026-02-13 20:54:53 status unpacked python3.10-dev:amd64 3.10.19-1+noble1
2026-02-13 20:54:53 install python3.10-lib2to3:all <none> 3.10.19-1+noble1
2026-02-13 20:54:53 status half-installed python3.10-lib2to3:all 3.10.19-1+noble1
2026-02-13 20:54:53 status unpacked python3.10-lib2to3:all 3.10.19-1+noble1
2026-02-13 20:54:53 install python3.10-distutils:all <none> 3.10.19-1+noble1
2026-02-13 20:54:53 status half-installed python3.10-distutils:all 3.10.19-1+noble1
2026-02-13 20:54:53 status unpacked python3.10-distutils:all 3.10.19-1+noble1
2026-02-13 20:54:53 install python3.10-venv:amd64 <none> 3.10.19-1+noble1
2026-02-13 20:54:53 status half-installed python3.10-venv:amd64 3.10.19-1+noble1
2026-02-13 20:54:53 status unpacked python3.10-venv:amd64 3.10.19-1+noble1
2026-02-13 20:54:53 startup packages configure
2026-02-13 20:54:53 configure python3.10-lib2to3:all 3.10.19-1+noble1 <none>
2026-02-13 20:54:53 status unpacked python3.10-lib2to3:all 3.10.19-1+noble1
2026-02-13 20:54:53 status half-configured python3.10-lib2to3:all 3.10.19-1+noble1
2026-02-13 20:54:53 status installed python3.10-lib2to3:all 3.10.19-1+noble1
2026-02-13 20:54:53 configure libpython3.10-minimal:amd64 3.10.19-1+noble1 <none>
2026-02-13 20:54:53 status unpacked libpython3.10-minimal:amd64 3.10.19-1+noble1
2026-02-13 20:54:53 status half-configured libpython3.10-minimal:amd64 3.10.19-1+noble1
2026-02-13 20:54:53 status installed libpython3.10-minimal:amd64 3.10.19-1+noble1
2026-02-13 20:54:53 configure python3.10-distutils:all 3.10.19-1+noble1 <none>
2026-02-13 20:54:53 status unpacked python3.10-distutils:all 3.10.19-1+noble1
2026-02-13 20:54:53 status half-configured python3.10-distutils:all 3.10.19-1+noble1
2026-02-13 20:54:53 status installed python3.10-distutils:all 3.10.19-1+noble1
2026-02-13 20:54:53 configure python3.10-minimal:amd64 3.10.19-1+noble1 <none>
2026-02-13 20:54:53 status unpacked python3.10-minimal:amd64 3.10.19-1+noble1
2026-02-13 20:54:53 status half-configured python3.10-minimal:amd64 3.10.19-1+noble1
2026-02-13 20:54:54 status installed python3.10-minimal:amd64 3.10.19-1+noble1
2026-02-13 20:54:54 configure libpython3.10-stdlib:amd64 3.10.19-1+noble1 <none>
2026-02-13 20:54:54 status unpacked libpython3.10-stdlib:amd64 3.10.19-1+noble1
2026-02-13 20:54:54 status half-configured libpython3.10-stdlib:amd64 3.10.19-1+noble1
2026-02-13 20:54:54 status installed libpython3.10-stdlib:amd64 3.10.19-1+noble1
2026-02-13 20:54:54 configure libpython3.10:amd64 3.10.19-1+noble1 <none>
2026-02-13 20:54:54 status unpacked libpython3.10:amd64 3.10.19-1+noble1
2026-02-13 20:54:54 status half-configured libpython3.10:amd64 3.10.19-1+noble1
2026-02-13 20:54:54 status installed libpython3.10:amd64 3.10.19-1+noble1
2026-02-13 20:54:54 configure python3.10:amd64 3.10.19-1+noble1 <none>
2026-02-13 20:54:54 status unpacked python3.10:amd64 3.10.19-1+noble1
2026-02-13 20:54:54 status half-configured python3.10:amd64 3.10.19-1+noble1
2026-02-13 20:54:55 status installed python3.10:amd64 3.10.19-1+noble1
2026-02-13 20:54:55 configure libpython3.10-dev:amd64 3.10.19-1+noble1 <none>
2026-02-13 20:54:55 status unpacked libpython3.10-dev:amd64 3.10.19-1+noble1
2026-02-13 20:54:55 status half-configured libpython3.10-dev:amd64 3.10.19-1+noble1
2026-02-13 20:54:55 status installed libpython3.10-dev:amd64 3.10.19-1+noble1
2026-02-13 20:54:55 configure python3.10-dev:amd64 3.10.19-1+noble1 <none>
2026-02-13 20:54:55 status unpacked python3.10-dev:amd64 3.10.19-1+noble1
2026-02-13 20:54:55 status half-configured python3.10-dev:amd64 3.10.19-1+noble1
2026-02-13 20:54:55 status installed python3.10-dev:amd64 3.10.19-1+noble1
2026-02-13 20:54:55 configure python3.10-venv:amd64 3.10.19-1+noble1 <none>
2026-02-13 20:54:55 status unpacked python3.10-venv:amd64 3.10.19-1+noble1
2026-02-13 20:54:55 status half-configured python3.10-venv:amd64 3.10.19-1+noble1
2026-02-13 20:54:55 status installed python3.10-venv:amd64 3.10.19-1+noble1
2026-02-13 20:55:01 startup archives unpack
2026-02-13 20:55:01 install libpython3.11-minimal:amd64 <none> 3.11.14-1+noble1
2026-02-13 20:55:01 status half-installed libpython3.11-minimal:amd64 3.11.14-1+noble1
2026-02-13 20:55:01 status unpacked libpython3.11-minimal:amd64 3.11.14-1+noble1
2026-02-13 20:55:01 install python3.11-minimal:amd64 <none> 3.11.14-1+noble1
2026-02-13 20:55:01 status half-installed python3.11-minimal:amd64 3.11.14-1+noble1
2026-02-13 20:55:02 status unpacked python3.11-minimal:amd64 3.11.14-1+noble1
2026-02-13 20:55:02 install libpython3.11-stdlib:amd64 <none> 3.11.14-1+noble1
2026-02-13 20:55:02 status half-installed libpython3.11-stdlib:amd64 3.11.14-1+noble1
2026-02-13 20:55:02 status unpacked libpython3.11-stdlib:amd64 3.11.14-1+noble1
2026-02-13 20:55:02 install libpython3.11:amd64 <none> 3.11.14-1+noble1
2026-02-13 20:55:02 status half-installed libpython3.11:amd64 3.11.14-1+noble1
2026-02-13 20:55:02 status unpacked libpython3.11:amd64 3.11.14-1+noble1
2026-02-13 20:55:02 install libpython3.11-dev:amd64 <none> 3.11.14-1+noble1
2026-02-13 20:55:02 status half-installed libpython3.11-dev:amd64 3.11.14-1+noble1
2026-02-13 20:55:02 status unpacked libpython3.11-dev:amd64 3.11.14-1+noble1
2026-02-13 20:55:02 install python3.11:amd64 <none> 3.11.14-1+noble1
2026-02-13 20:55:02 status half-installed python3.11:amd64 3.11.14-1+noble1
2026-02-13 20:55:02 status unpacked python3.11:amd64 3.11.14-1+noble1
2026-02-13 20:55:02 install python3.11-dev:amd64 <none> 3.11.14-1+noble1
2026-02-13 20:55:02 status half-installed python3.11-dev:amd64 3.11.14-1+noble1
2026-02-13 20:55:02 status unpacked python3.11-dev:amd64 3.11.14-1+noble1
2026-02-13 20:55:02 install python3.11-lib2to3:all <none> 3.11.14-1+noble1
2026-02-13 20:55:02 status half-installed python3.11-lib2to3:all 3.11.14-1+noble1
2026-02-13 20:55:02 status unpacked python3.11-lib2to3:all 3.11.14-1+noble1
2026-02-13 20:55:02 install python3.11-distutils:all <none> 3.11.14-1+noble1
2026-02-13 20:55:02 status half-installed python3.11-distutils:all 3.11.14-1+noble1
2026-02-13 20:55:02 status unpacked python3.11-distutils:all 3.11.14-1+noble1
2026-02-13 20:55:02 install python3.11-venv:amd64 <none> 3.11.14-1+noble1
2026-02-13 20:55:02 status half-installed python3.11-venv:amd64 3.11.14-1+noble1
2026-02-13 20:55:02 status unpacked python3.11-venv:amd64 3.11.14-1+noble1
2026-02-13 20:55:02 startup packages configure
2026-02-13 20:55:02 configure libpython3.11-minimal:amd64 3.11.14-1+noble1 <none>
2026-02-13 20:55:02 status unpacked libpython3.11-minimal:amd64 3.11.14-1+noble1
2026-02-13 20:55:02 status half-configured libpython3.11-minimal:amd64 3.11.14-1+noble1
2026-02-13 20:55:02 status installed libpython3.11-minimal:amd64 3.11.14-1+noble1
2026-02-13 20:55:02 configure python3.11-lib2to3:all 3.11.14-1+noble1 <none>
2026-02-13 20:55:02 status unpacked python3.11-lib2to3:all 3.11.14-1+noble1
2026-02-13 20:55:02 status half-configured python3.11-lib2to3:all 3.11.14-1+noble1
2026-02-13 20:55:02 status installed python3.11-lib2to3:all 3.11.14-1+noble1
2026-02-13 20:55:02 configure python3.11-minimal:amd64 3.11.14-1+noble1 <none>
2026-02-13 20:55:02 status unpacked python3.11-minimal:amd64 3.11.14-1+noble1
2026-02-13 20:55:02 status half-configured python3.11-minimal:amd64 3.11.14-1+noble1
2026-02-13 20:55:03 status installed python3.11-minimal:amd64 3.11.14-1+noble1
2026-02-13 20:55:03 configure python3.11-distutils:all 3.11.14-1+noble1 <none>
2026-02-13 20:55:03 status unpacked python3.11-distutils:all 3.11.14-1+noble1
2026-02-13 20:55:03 status half-configured python3.11-distutils:all 3.11.14-1+noble1
2026-02-13 20:55:03 status installed python3.11-distutils:all 3.11.14-1+noble1
2026-02-13 20:55:03 configure libpython3.11-stdlib:amd64 3.11.14-1+noble1 <none>
2026-02-13 20:55:03 status unpacked libpython3.11-stdlib:amd64 3.11.14-1+noble1
2026-02-13 20:55:03 status half-configured libpython3.11-stdlib:amd64 3.11.14-1+noble1
2026-02-13 20:55:03 status installed libpython3.11-stdlib:amd64 3.11.14-1+noble1
2026-02-13 20:55:03 configure python3.11:amd64 3.11.14-1+noble1 <none>
2026-02-13 20:55:03 status unpacked python3.11:amd64 3.11.14-1+noble1
2026-02-13 20:55:03 status half-configured python3.11:amd64 3.11.14-1+noble1
2026-02-13 20:55:03 status installed python3.11:amd64 3.11.14-1+noble1
2026-02-13 20:55:03 configure libpython3.11:amd64 3.11.14-1+noble1 <none>
2026-02-13 20:55:03 status unpacked libpython3.11:amd64 3.11.14-1+noble1
2026-02-13 20:55:03 status half-configured libpython3.11:amd64 3.11.14-1+noble1
2026-02-13 20:55:03 status installed libpython3.11:amd64 3.11.14-1+noble1
2026-02-13 20:55:03 configure python3.11-venv:amd64 3.11.14-1+noble1 <none>
2026-02-13 20:55:03 status unpacked python3.11-venv:amd64 3.11.14-1+noble1
2026-02-13 20:55:03 status half-configured python3.11-venv:amd64 3.11.14-1+noble1
2026-02-13 20:55:03 status installed python3.11-venv:amd64 3.11.14-1+noble1
2026-02-13 20:55:03 configure libpython3.11-dev:amd64 3.11.14-1+noble1 <none>
2026-02-13 20:55:03 status unpacked libpython3.11-dev:amd64 3.11.14-1+noble1
2026-02-13 20:55:03 status half-configured libpython3.11-dev:amd64 3.11.14-1+noble1
2026-02-13 20:55:03 status installed libpython3.11-dev:amd64 3.11.14-1+noble1
2026-02-13 20:55:03 configure python3.11-dev:amd64 3.11.14-1+noble1 <none>
2026-02-13 20:55:03 status unpacked python3.11-dev:amd64 3.11.14-1+noble1
2026-02-13 20:55:03 status half-configured python3.11-dev:amd64 3.11.14-1+noble1
2026-02-13 20:55:03 status installed python3.11-dev:amd64 3.11.14-1+noble1
2026-02-13 20:55:10 startup archives unpack
2026-02-13 20:55:10 install python3-pip-whl:all <none> 24.0+dfsg-1ubuntu1.3
2026-02-13 20:55:10 status half-installed python3-pip-whl:all 24.0+dfsg-1ubuntu1.3
2026-02-13 20:55:10 status unpacked python3-pip-whl:all 24.0+dfsg-1ubuntu1.3
2026-02-13 20:55:10 install python3-setuptools-whl:all <none> 68.1.2-2ubuntu1.2
2026-02-13 20:55:10 status half-installed python3-setuptools-whl:all 68.1.2-2ubuntu1.2
2026-02-13 20:55:10 status unpacked python3-setuptools-whl:all 68.1.2-2ubuntu1.2
2026-02-13 20:55:10 install python3.12-venv:amd64 <none> 3.12.3-1ubuntu0.11
2026-02-13 20:55:10 status half-installed python3.12-venv:amd64 3.12.3-1ubuntu0.11
2026-02-13 20:55:10 status unpacked python3.12-venv:amd64 3.12.3-1ubuntu0.11
2026-02-13 20:55:10 startup packages configure
2026-02-13 20:55:10 configure python3-setuptools-whl:all 68.1.2-2ubuntu1.2 <none>
2026-02-13 20:55:10 status unpacked python3-setuptools-whl:all 68.1.2-2ubuntu1.2
2026-02-13 20:55:10 status half-configured python3-setuptools-whl:all 68.1.2-2ubuntu1.2
2026-02-13 20:55:10 status installed python3-setuptools-whl:all 68.1.2-2ubuntu1.2
2026-02-13 20:55:10 configure python3-pip-whl:all 24.0+dfsg-1ubuntu1.3 <none>
2026-02-13 20:55:10 status unpacked python3-pip-whl:all 24.0+dfsg-1ubuntu1.3
2026-02-13 20:55:10 status half-configured python3-pip-whl:all 24.0+dfsg-1ubuntu1.3
2026-02-13 20:55:10 status installed python3-pip-whl:all 24.0+dfsg-1ubuntu1.3
2026-02-13 20:55:10 configure python3.12-venv:amd64 3.12.3-1ubuntu0.11 <none>
2026-02-13 20:55:10 status unpacked python3.12-venv:amd64 3.12.3-1ubuntu0.11
2026-02-13 20:55:10 status half-configured python3.12-venv:amd64 3.12.3-1ubuntu0.11
2026-02-13 20:55:10 status installed python3.12-venv:amd64 3.12.3-1ubuntu0.11
2026-02-13 20:55:16 startup archives unpack
2026-02-13 20:55:17 install libpython3.13-stdlib:amd64 <none> 3.13.12-1+noble1
2026-02-13 20:55:17 status half-installed libpython3.13-stdlib:amd64 3.13.12-1+noble1
2026-02-13 20:55:17 status unpacked libpython3.13-stdlib:amd64 3.13.12-1+noble1
2026-02-13 20:55:17 install libpython3.13:amd64 <none> 3.13.12-1+noble1
2026-02-13 20:55:17 status half-installed libpython3.13:amd64 3.13.12-1+noble1
2026-02-13 20:55:17 status unpacked libpython3.13:amd64 3.13.12-1+noble1
2026-02-13 20:55:17 install libpython3.13-dev:amd64 <none> 3.13.12-1+noble1
2026-02-13 20:55:17 status half-installed libpython3.13-dev:amd64 3.13.12-1+noble1
2026-02-13 20:55:17 status unpacked libpython3.13-dev:amd64 3.13.12-1+noble1
2026-02-13 20:55:17 install python3.13:amd64 <none> 3.13.12-1+noble1
2026-02-13 20:55:17 status half-installed python3.13:amd64 3.13.12-1+noble1
2026-02-13 20:55:17 status unpacked python3.13:amd64 3.13.12-1+noble1
2026-02-13 20:55:17 install python3.13-dev:amd64 <none> 3.13.12-1+noble1
2026-02-13 20:55:17 status half-installed python3.13-dev:amd64 3.13.12-1+noble1
2026-02-13 20:55:17 status unpacked python3.13-dev:amd64 3.13.12-1+noble1
2026-02-13 20:55:17 install python3.13-venv:amd64 <none> 3.13.12-1+noble1
2026-02-13 20:55:17 status half-installed python3.13-venv:amd64 3.13.12-1+noble1
2026-02-13 20:55:17 status unpacked python3.13-venv:amd64 3.13.12-1+noble1
2026-02-13 20:55:17 startup packages configure
2026-02-13 20:55:17 configure libpython3.13-stdlib:amd64 3.13.12-1+noble1 <none>
2026-02-13 20:55:17 status unpacked libpython3.13-stdlib:amd64 3.13.12-1+noble1
2026-02-13 20:55:17 status half-configured libpython3.13-stdlib:amd64 3.13.12-1+noble1
2026-02-13 20:55:17 status installed libpython3.13-stdlib:amd64 3.13.12-1+noble1
2026-02-13 20:55:17 configure libpython3.13:amd64 3.13.12-1+noble1 <none>
2026-02-13 20:55:17 status unpacked libpython3.13:amd64 3.13.12-1+noble1
2026-02-13 20:55:17 status half-configured libpython3.13:amd64 3.13.12-1+noble1
2026-02-13 20:55:17 status installed libpython3.13:amd64 3.13.12-1+noble1
2026-02-13 20:55:17 configure python3.13:amd64 3.13.12-1+noble1 <none>
2026-02-13 20:55:17 status unpacked python3.13:amd64 3.13.12-1+noble1
2026-02-13 20:55:17 status half-configured python3.13:amd64 3.13.12-1+noble1
2026-02-13 20:55:19 status installed python3.13:amd64 3.13.12-1+noble1
2026-02-13 20:55:19 configure python3.13-venv:amd64 3.13.12-1+noble1 <none>
2026-02-13 20:55:19 status unpacked python3.13-venv:amd64 3.13.12-1+noble1
2026-02-13 20:55:19 status half-configured python3.13-venv:amd64 3.13.12-1+noble1
2026-02-13 20:55:19 status installed python3.13-venv:amd64 3.13.12-1+noble1
2026-02-13 20:55:19 configure libpython3.13-dev:amd64 3.13.12-1+noble1 <none>
2026-02-13 20:55:19 status unpacked libpython3.13-dev:amd64 3.13.12-1+noble1
2026-02-13 20:55:19 status half-configured libpython3.13-dev:amd64 3.13.12-1+noble1
2026-02-13 20:55:19 status installed libpython3.13-dev:amd64 3.13.12-1+noble1
2026-02-13 20:55:19 configure python3.13-dev:amd64 3.13.12-1+noble1 <none>
2026-02-13 20:55:19 status unpacked python3.13-dev:amd64 3.13.12-1+noble1
2026-02-13 20:55:19 status half-configured python3.13-dev:amd64 3.13.12-1+noble1
2026-02-13 20:55:19 status installed python3.13-dev:amd64 3.13.12-1+noble1
2026-02-13 20:56:36 startup archives unpack
2026-02-13 20:56:36 install dbus-user-session:amd64 <none> 1.14.10-4ubuntu4.1
2026-02-13 20:56:36 status half-installed dbus-user-session:amd64 1.14.10-4ubuntu4.1
2026-02-13 20:56:37 status unpacked dbus-user-session:amd64 1.14.10-4ubuntu4.1
2026-02-13 20:56:37 install libfribidi0:amd64 <none> 1.0.13-3build1
2026-02-13 20:56:37 status triggers-pending libc-bin:amd64 2.39-0ubuntu8.7
2026-02-13 20:56:37 status half-installed libfribidi0:amd64 1.0.13-3build1
2026-02-13 20:56:37 status unpacked libfribidi0:amd64 1.0.13-3build1
2026-02-13 20:56:37 install shared-mime-info:amd64 <none> 2.4-4
2026-02-13 20:56:37 status half-installed shared-mime-info:amd64 2.4-4
2026-02-13 20:56:37 status unpacked shared-mime-info:amd64 2.4-4
2026-02-13 20:56:37 install xkb-data:all <none> 2.41-2ubuntu1.1
2026-02-13 20:56:37 status half-installed xkb-data:all 2.41-2ubuntu1.1
2026-02-13 20:56:37 status unpacked xkb-data:all 2.41-2ubuntu1.1
2026-02-13 20:56:37 install libxkbcommon0:amd64 <none> 1.6.0-1build1
2026-02-13 20:56:37 status half-installed libxkbcommon0:amd64 1.6.0-1build1
2026-02-13 20:56:37 status unpacked libxkbcommon0:amd64 1.6.0-1build1
2026-02-13 20:56:37 install libgdk-pixbuf2.0-common:all <none> 2.42.10+dfsg-3ubuntu3.2
2026-02-13 20:56:37 status half-installed libgdk-pixbuf2.0-common:all 2.42.10+dfsg-3ubuntu3.2
2026-02-13 20:56:37 status unpacked libgdk-pixbuf2.0-common:all 2.42.10+dfsg-3ubuntu3.2
2026-02-13 20:56:37 install libgdk-pixbuf-2.0-0:amd64 <none> 2.42.10+dfsg-3ubuntu3.2
2026-02-13 20:56:37 status half-installed libgdk-pixbuf-2.0-0:amd64 2.42.10+dfsg-3ubuntu3.2
2026-02-13 20:56:37 status unpacked libgdk-pixbuf-2.0-0:amd64 2.42.10+dfsg-3ubuntu3.2
2026-02-13 20:56:37 install gtk-update-icon-cache:amd64 <none> 3.24.41-4ubuntu1.3
2026-02-13 20:56:37 status half-installed gtk-update-icon-cache:amd64 3.24.41-4ubuntu1.3
2026-02-13 20:56:37 status unpacked gtk-update-icon-cache:amd64 3.24.41-4ubuntu1.3
2026-02-13 20:56:37 install hicolor-icon-theme:all <none> 0.17-2
2026-02-13 20:56:37 status half-installed hicolor-icon-theme:all 0.17-2
2026-02-13 20:56:38 status unpacked hicolor-icon-theme:all 0.17-2
2026-02-13 20:56:38 install humanity-icon-theme:all <none> 0.6.16
2026-02-13 20:56:38 status half-installed humanity-icon-theme:all 0.6.16
2026-02-13 20:56:39 status unpacked humanity-icon-theme:all 0.6.16
2026-02-13 20:56:39 install ubuntu-mono:all <none> 24.04-0ubuntu1
2026-02-13 20:56:39 status half-installed ubuntu-mono:all 24.04-0ubuntu1
2026-02-13 20:56:39 status unpacked ubuntu-mono:all 24.04-0ubuntu1
2026-02-13 20:56:39 install adwaita-icon-theme:all <none> 46.0-1
2026-02-13 20:56:39 status half-installed adwaita-icon-theme:all 46.0-1
2026-02-13 20:56:39 status unpacked adwaita-icon-theme:all 46.0-1
2026-02-13 20:56:39 install at-spi2-common:all <none> 2.52.0-1build1
2026-02-13 20:56:39 status half-installed at-spi2-common:all 2.52.0-1build1
2026-02-13 20:56:39 status unpacked at-spi2-common:all 2.52.0-1build1
2026-02-13 20:56:39 install ca-certificates-java:all <none> 20240118
2026-02-13 20:56:39 status half-installed ca-certificates-java:all 20240118
2026-02-13 20:56:39 status unpacked ca-certificates-java:all 20240118
2026-02-13 20:56:39 install dconf-service:amd64 <none> 0.40.0-4ubuntu0.1
2026-02-13 20:56:39 status half-installed dconf-service:amd64 0.40.0-4ubuntu0.1
2026-02-13 20:56:39 status unpacked dconf-service:amd64 0.40.0-4ubuntu0.1
2026-02-13 20:56:39 install dconf-gsettings-backend:amd64 <none> 0.40.0-4ubuntu0.1
2026-02-13 20:56:39 status half-installed dconf-gsettings-backend:amd64 0.40.0-4ubuntu0.1
2026-02-13 20:56:39 status triggers-pending libglib2.0-0t64:amd64 2.80.0-6ubuntu3.8
2026-02-13 20:56:39 status unpacked dconf-gsettings-backend:amd64 0.40.0-4ubuntu0.1
2026-02-13 20:56:39 install java-common:all <none> 0.75+exp1
2026-02-13 20:56:39 status half-installed java-common:all 0.75+exp1
2026-02-13 20:56:40 status unpacked java-common:all 0.75+exp1
2026-02-13 20:56:40 install libasound2-data:all <none> 1.2.11-1ubuntu0.1
2026-02-13 20:56:40 status half-installed libasound2-data:all 1.2.11-1ubuntu0.1
2026-02-13 20:56:40 status unpacked libasound2-data:all 1.2.11-1ubuntu0.1
2026-02-13 20:56:40 install libasound2t64:amd64 <none> 1.2.11-1ubuntu0.1
2026-02-13 20:56:40 status half-installed libasound2t64:amd64 1.2.11-1ubuntu0.1
2026-02-13 20:56:40 status unpacked libasound2t64:amd64 1.2.11-1ubuntu0.1
2026-02-13 20:56:40 install libatk1.0-0t64:amd64 <none> 2.52.0-1build1
2026-02-13 20:56:40 status half-installed libatk1.0-0t64:amd64 2.52.0-1build1
2026-02-13 20:56:40 status unpacked libatk1.0-0t64:amd64 2.52.0-1build1
2026-02-13 20:56:40 install libxi6:amd64 <none> 2:1.8.1-1build1
2026-02-13 20:56:40 status half-installed libxi6:amd64 2:1.8.1-1build1
2026-02-13 20:56:40 status unpacked libxi6:amd64 2:1.8.1-1build1
2026-02-13 20:56:40 install libatspi2.0-0t64:amd64 <none> 2.52.0-1build1
2026-02-13 20:56:40 status half-installed libatspi2.0-0t64:amd64 2.52.0-1build1
2026-02-13 20:56:40 status unpacked libatspi2.0-0t64:amd64 2.52.0-1build1
2026-02-13 20:56:40 install libatk-bridge2.0-0t64:amd64 <none> 2.52.0-1build1
2026-02-13 20:56:40 status half-installed libatk-bridge2.0-0t64:amd64 2.52.0-1build1
2026-02-13 20:56:40 status unpacked libatk-bridge2.0-0t64:amd64 2.52.0-1build1
2026-02-13 20:56:40 install libcolord2:amd64 <none> 1.4.7-1build2
2026-02-13 20:56:40 status half-installed libcolord2:amd64 1.4.7-1build2
2026-02-13 20:56:40 status unpacked libcolord2:amd64 1.4.7-1build2
2026-02-13 20:56:40 install libdatrie1:amd64 <none> 0.2.13-3build1
2026-02-13 20:56:40 status half-installed libdatrie1:amd64 0.2.13-3build1
2026-02-13 20:56:40 status unpacked libdatrie1:amd64 0.2.13-3build1
2026-02-13 20:56:40 install libgif7:amd64 <none> 5.2.2-1ubuntu1
2026-02-13 20:56:40 status half-installed libgif7:amd64 5.2.2-1ubuntu1
2026-02-13 20:56:40 status unpacked libgif7:amd64 5.2.2-1ubuntu1
2026-02-13 20:56:40 install libthai-data:all <none> 0.1.29-2build1
2026-02-13 20:56:40 status half-installed libthai-data:all 0.1.29-2build1
2026-02-13 20:56:40 status unpacked libthai-data:all 0.1.29-2build1
2026-02-13 20:56:40 install libthai0:amd64 <none> 0.1.29-2build1
2026-02-13 20:56:40 status half-installed libthai0:amd64 0.1.29-2build1
2026-02-13 20:56:40 status unpacked libthai0:amd64 0.1.29-2build1
2026-02-13 20:56:40 install libpango-1.0-0:amd64 <none> 1.52.1+ds-1build1
2026-02-13 20:56:40 status half-installed libpango-1.0-0:amd64 1.52.1+ds-1build1
2026-02-13 20:56:40 status unpacked libpango-1.0-0:amd64 1.52.1+ds-1build1
2026-02-13 20:56:40 install libpangoft2-1.0-0:amd64 <none> 1.52.1+ds-1build1
2026-02-13 20:56:40 status half-installed libpangoft2-1.0-0:amd64 1.52.1+ds-1build1
2026-02-13 20:56:40 status unpacked libpangoft2-1.0-0:amd64 1.52.1+ds-1build1
2026-02-13 20:56:40 install libpangocairo-1.0-0:amd64 <none> 1.52.1+ds-1build1
2026-02-13 20:56:40 status half-installed libpangocairo-1.0-0:amd64 1.52.1+ds-1build1
2026-02-13 20:56:40 status unpacked libpangocairo-1.0-0:amd64 1.52.1+ds-1build1
2026-02-13 20:56:40 install libwayland-client0:amd64 <none> 1.22.0-2.1build1
2026-02-13 20:56:40 status half-installed libwayland-client0:amd64 1.22.0-2.1build1
2026-02-13 20:56:40 status unpacked libwayland-client0:amd64 1.22.0-2.1build1
2026-02-13 20:56:40 install libwayland-cursor0:amd64 <none> 1.22.0-2.1build1
2026-02-13 20:56:40 status half-installed libwayland-cursor0:amd64 1.22.0-2.1build1
2026-02-13 20:56:40 status unpacked libwayland-cursor0:amd64 1.22.0-2.1build1
2026-02-13 20:56:40 install libwayland-egl1:amd64 <none> 1.22.0-2.1build1
2026-02-13 20:56:40 status half-installed libwayland-egl1:amd64 1.22.0-2.1build1
2026-02-13 20:56:40 status unpacked libwayland-egl1:amd64 1.22.0-2.1build1
2026-02-13 20:56:40 install libxcomposite1:amd64 <none> 1:0.4.5-1build3
2026-02-13 20:56:40 status half-installed libxcomposite1:amd64 1:0.4.5-1build3
2026-02-13 20:56:40 status unpacked libxcomposite1:amd64 1:0.4.5-1build3
2026-02-13 20:56:40 install libxfixes3:amd64 <none> 1:6.0.0-2build1
2026-02-13 20:56:40 status half-installed libxfixes3:amd64 1:6.0.0-2build1
2026-02-13 20:56:40 status unpacked libxfixes3:amd64 1:6.0.0-2build1
2026-02-13 20:56:40 install libxcursor1:amd64 <none> 1:1.2.1-1build1
2026-02-13 20:56:40 status half-installed libxcursor1:amd64 1:1.2.1-1build1
2026-02-13 20:56:41 status unpacked libxcursor1:amd64 1:1.2.1-1build1
2026-02-13 20:56:41 install libxdamage1:amd64 <none> 1:1.1.6-1build1
2026-02-13 20:56:41 status half-installed libxdamage1:amd64 1:1.1.6-1build1
2026-02-13 20:56:41 status unpacked libxdamage1:amd64 1:1.1.6-1build1
2026-02-13 20:56:41 install libgtk-3-common:all <none> 3.24.41-4ubuntu1.3
2026-02-13 20:56:41 status half-installed libgtk-3-common:all 3.24.41-4ubuntu1.3
2026-02-13 20:56:41 status unpacked libgtk-3-common:all 3.24.41-4ubuntu1.3
2026-02-13 20:56:41 install libgtk-3-0t64:amd64 <none> 3.24.41-4ubuntu1.3
2026-02-13 20:56:41 status half-installed libgtk-3-0t64:amd64 3.24.41-4ubuntu1.3
2026-02-13 20:56:41 status unpacked libgtk-3-0t64:amd64 3.24.41-4ubuntu1.3
2026-02-13 20:56:41 install libpcsclite1:amd64 <none> 2.0.3-1build1
2026-02-13 20:56:41 status half-installed libpcsclite1:amd64 2.0.3-1build1
2026-02-13 20:56:41 status unpacked libpcsclite1:amd64 2.0.3-1build1
2026-02-13 20:56:41 install libxtst6:amd64 <none> 2:1.2.3-1.1build1
2026-02-13 20:56:41 status half-installed libxtst6:amd64 2:1.2.3-1.1build1
2026-02-13 20:56:41 status unpacked libxtst6:amd64 2:1.2.3-1.1build1
2026-02-13 20:56:41 install openjdk-21-jre-headless:amd64 <none> 21.0.10+7-1~24.04
2026-02-13 20:56:41 status half-installed openjdk-21-jre-headless:amd64 21.0.10+7-1~24.04
2026-02-13 20:56:42 status unpacked openjdk-21-jre-headless:amd64 21.0.10+7-1~24.04
2026-02-13 20:56:42 install openjdk-21-jre:amd64 <none> 21.0.10+7-1~24.04
2026-02-13 20:56:42 status half-installed openjdk-21-jre:amd64 21.0.10+7-1~24.04
2026-02-13 20:56:42 status unpacked openjdk-21-jre:amd64 21.0.10+7-1~24.04
2026-02-13 20:56:42 install openjdk-21-jdk-headless:amd64 <none> 21.0.10+7-1~24.04
2026-02-13 20:56:42 status half-installed openjdk-21-jdk-headless:amd64 21.0.10+7-1~24.04
2026-02-13 20:56:42 status unpacked openjdk-21-jdk-headless:amd64 21.0.10+7-1~24.04
2026-02-13 20:56:43 install openjdk-21-jdk:amd64 <none> 21.0.10+7-1~24.04
2026-02-13 20:56:43 status half-installed openjdk-21-jdk:amd64 21.0.10+7-1~24.04
2026-02-13 20:56:43 status unpacked openjdk-21-jdk:amd64 21.0.10+7-1~24.04
2026-02-13 20:56:43 startup packages configure
2026-02-13 20:56:43 configure libxdamage1:amd64 1:1.1.6-1build1 <none>
2026-02-13 20:56:43 status unpacked libxdamage1:amd64 1:1.1.6-1build1
2026-02-13 20:56:43 status half-configured libxdamage1:amd64 1:1.1.6-1build1
2026-02-13 20:56:43 status installed libxdamage1:amd64 1:1.1.6-1build1
2026-02-13 20:56:43 configure hicolor-icon-theme:all 0.17-2 <none>
2026-02-13 20:56:43 status unpacked hicolor-icon-theme:all 0.17-2
2026-02-13 20:56:43 status half-configured hicolor-icon-theme:all 0.17-2
2026-02-13 20:56:43 status installed hicolor-icon-theme:all 0.17-2
2026-02-13 20:56:43 configure libxi6:amd64 2:1.8.1-1build1 <none>
2026-02-13 20:56:43 status unpacked libxi6:amd64 2:1.8.1-1build1
2026-02-13 20:56:43 status half-configured libxi6:amd64 2:1.8.1-1build1
2026-02-13 20:56:43 status installed libxi6:amd64 2:1.8.1-1build1
2026-02-13 20:56:43 configure java-common:all 0.75+exp1 <none>
2026-02-13 20:56:43 status unpacked java-common:all 0.75+exp1
2026-02-13 20:56:43 status half-configured java-common:all 0.75+exp1
2026-02-13 20:56:43 status installed java-common:all 0.75+exp1
2026-02-13 20:56:43 configure libdatrie1:amd64 0.2.13-3build1 <none>
2026-02-13 20:56:43 status unpacked libdatrie1:amd64 0.2.13-3build1
2026-02-13 20:56:43 status half-configured libdatrie1:amd64 0.2.13-3build1
2026-02-13 20:56:43 status installed libdatrie1:amd64 0.2.13-3build1
2026-02-13 20:56:43 configure libxtst6:amd64 2:1.2.3-1.1build1 <none>
2026-02-13 20:56:43 status unpacked libxtst6:amd64 2:1.2.3-1.1build1
2026-02-13 20:56:43 status half-configured libxtst6:amd64 2:1.2.3-1.1build1
2026-02-13 20:56:43 status installed libxtst6:amd64 2:1.2.3-1.1build1
2026-02-13 20:56:43 configure libgdk-pixbuf2.0-common:all 2.42.10+dfsg-3ubuntu3.2 <none>
2026-02-13 20:56:43 status unpacked libgdk-pixbuf2.0-common:all 2.42.10+dfsg-3ubuntu3.2
2026-02-13 20:56:43 status half-configured libgdk-pixbuf2.0-common:all 2.42.10+dfsg-3ubuntu3.2
2026-02-13 20:56:43 status installed libgdk-pixbuf2.0-common:all 2.42.10+dfsg-3ubuntu3.2
2026-02-13 20:56:43 configure xkb-data:all 2.41-2ubuntu1.1 <none>
2026-02-13 20:56:43 status unpacked xkb-data:all 2.41-2ubuntu1.1
2026-02-13 20:56:43 status half-configured xkb-data:all 2.41-2ubuntu1.1
2026-02-13 20:56:43 status installed xkb-data:all 2.41-2ubuntu1.1
2026-02-13 20:56:43 configure libcolord2:amd64 1.4.7-1build2 <none>
2026-02-13 20:56:43 status unpacked libcolord2:amd64 1.4.7-1build2
2026-02-13 20:56:43 status half-configured libcolord2:amd64 1.4.7-1build2
2026-02-13 20:56:43 status installed libcolord2:amd64 1.4.7-1build2
2026-02-13 20:56:43 configure libasound2-data:all 1.2.11-1ubuntu0.1 <none>
2026-02-13 20:56:43 status unpacked libasound2-data:all 1.2.11-1ubuntu0.1
2026-02-13 20:56:43 status half-configured libasound2-data:all 1.2.11-1ubuntu0.1
2026-02-13 20:56:43 status installed libasound2-data:all 1.2.11-1ubuntu0.1
2026-02-13 20:56:43 configure dbus-user-session:amd64 1.14.10-4ubuntu4.1 <none>
2026-02-13 20:56:43 status unpacked dbus-user-session:amd64 1.14.10-4ubuntu4.1
2026-02-13 20:56:43 status half-configured dbus-user-session:amd64 1.14.10-4ubuntu4.1
2026-02-13 20:56:43 status installed dbus-user-session:amd64 1.14.10-4ubuntu4.1
2026-02-13 20:56:44 configure libasound2t64:amd64 1.2.11-1ubuntu0.1 <none>
2026-02-13 20:56:44 status unpacked libasound2t64:amd64 1.2.11-1ubuntu0.1
2026-02-13 20:56:44 status half-configured libasound2t64:amd64 1.2.11-1ubuntu0.1
2026-02-13 20:56:44 status installed libasound2t64:amd64 1.2.11-1ubuntu0.1
2026-02-13 20:56:44 configure libxfixes3:amd64 1:6.0.0-2build1 <none>
2026-02-13 20:56:44 status unpacked libxfixes3:amd64 1:6.0.0-2build1
2026-02-13 20:56:44 status half-configured libxfixes3:amd64 1:6.0.0-2build1
2026-02-13 20:56:44 status installed libxfixes3:amd64 1:6.0.0-2build1
2026-02-13 20:56:44 configure libatspi2.0-0t64:amd64 2.52.0-1build1 <none>
2026-02-13 20:56:44 status unpacked libatspi2.0-0t64:amd64 2.52.0-1build1
2026-02-13 20:56:44 status half-configured libatspi2.0-0t64:amd64 2.52.0-1build1
2026-02-13 20:56:44 status installed libatspi2.0-0t64:amd64 2.52.0-1build1
2026-02-13 20:56:44 configure libfribidi0:amd64 1.0.13-3build1 <none>
2026-02-13 20:56:44 status unpacked libfribidi0:amd64 1.0.13-3build1
2026-02-13 20:56:44 status half-configured libfribidi0:amd64 1.0.13-3build1
2026-02-13 20:56:44 status installed libfribidi0:amd64 1.0.13-3build1
2026-02-13 20:56:44 configure shared-mime-info:amd64 2.4-4 <none>
2026-02-13 20:56:44 status unpacked shared-mime-info:amd64 2.4-4
2026-02-13 20:56:44 status half-configured shared-mime-info:amd64 2.4-4
2026-02-13 20:56:46 status installed shared-mime-info:amd64 2.4-4
2026-02-13 20:56:46 configure libpcsclite1:amd64 2.0.3-1build1 <none>
2026-02-13 20:56:46 status unpacked libpcsclite1:amd64 2.0.3-1build1
2026-02-13 20:56:46 status half-configured libpcsclite1:amd64 2.0.3-1build1
2026-02-13 20:56:46 status installed libpcsclite1:amd64 2.0.3-1build1
2026-02-13 20:56:46 configure libgif7:amd64 5.2.2-1ubuntu1 <none>
2026-02-13 20:56:46 status unpacked libgif7:amd64 5.2.2-1ubuntu1
2026-02-13 20:56:46 status half-configured libgif7:amd64 5.2.2-1ubuntu1
2026-02-13 20:56:46 status installed libgif7:amd64 5.2.2-1ubuntu1
2026-02-13 20:56:46 configure at-spi2-common:all 2.52.0-1build1 <none>
2026-02-13 20:56:46 status unpacked at-spi2-common:all 2.52.0-1build1
2026-02-13 20:56:46 status half-configured at-spi2-common:all 2.52.0-1build1
2026-02-13 20:56:46 status installed at-spi2-common:all 2.52.0-1build1
2026-02-13 20:56:46 configure libthai-data:all 0.1.29-2build1 <none>
2026-02-13 20:56:46 status unpacked libthai-data:all 0.1.29-2build1
2026-02-13 20:56:46 status half-configured libthai-data:all 0.1.29-2build1
2026-02-13 20:56:46 status installed libthai-data:all 0.1.29-2build1
2026-02-13 20:56:46 configure libgdk-pixbuf-2.0-0:amd64 2.42.10+dfsg-3ubuntu3.2 <none>
2026-02-13 20:56:46 status unpacked libgdk-pixbuf-2.0-0:amd64 2.42.10+dfsg-3ubuntu3.2
2026-02-13 20:56:46 status half-configured libgdk-pixbuf-2.0-0:amd64 2.42.10+dfsg-3ubuntu3.2
2026-02-13 20:56:46 status installed libgdk-pixbuf-2.0-0:amd64 2.42.10+dfsg-3ubuntu3.2
2026-02-13 20:56:46 configure libwayland-egl1:amd64 1.22.0-2.1build1 <none>
2026-02-13 20:56:46 status unpacked libwayland-egl1:amd64 1.22.0-2.1build1
2026-02-13 20:56:46 status half-configured libwayland-egl1:amd64 1.22.0-2.1build1
2026-02-13 20:56:46 status installed libwayland-egl1:amd64 1.22.0-2.1build1
2026-02-13 20:56:46 configure ca-certificates-java:all 20240118 <none>
2026-02-13 20:56:46 status unpacked ca-certificates-java:all 20240118
2026-02-13 20:56:46 status half-configured ca-certificates-java:all 20240118
2026-02-13 20:56:46 status installed ca-certificates-java:all 20240118
2026-02-13 20:56:46 configure libxcomposite1:amd64 1:0.4.5-1build3 <none>
2026-02-13 20:56:46 status unpacked libxcomposite1:amd64 1:0.4.5-1build3
2026-02-13 20:56:46 status half-configured libxcomposite1:amd64 1:0.4.5-1build3
2026-02-13 20:56:46 status installed libxcomposite1:amd64 1:0.4.5-1build3
2026-02-13 20:56:46 configure libxkbcommon0:amd64 1.6.0-1build1 <none>
2026-02-13 20:56:46 status unpacked libxkbcommon0:amd64 1.6.0-1build1
2026-02-13 20:56:46 status half-configured libxkbcommon0:amd64 1.6.0-1build1
2026-02-13 20:56:46 status installed libxkbcommon0:amd64 1.6.0-1build1
2026-02-13 20:56:46 configure libwayland-client0:amd64 1.22.0-2.1build1 <none>
2026-02-13 20:56:46 status unpacked libwayland-client0:amd64 1.22.0-2.1build1
2026-02-13 20:56:46 status half-configured libwayland-client0:amd64 1.22.0-2.1build1
2026-02-13 20:56:46 status installed libwayland-client0:amd64 1.22.0-2.1build1
2026-02-13 20:56:46 configure gtk-update-icon-cache:amd64 3.24.41-4ubuntu1.3 <none>
2026-02-13 20:56:46 status unpacked gtk-update-icon-cache:amd64 3.24.41-4ubuntu1.3
2026-02-13 20:56:46 status half-configured gtk-update-icon-cache:amd64 3.24.41-4ubuntu1.3
2026-02-13 20:56:46 status installed gtk-update-icon-cache:amd64 3.24.41-4ubuntu1.3
2026-02-13 20:56:46 configure libatk1.0-0t64:amd64 2.52.0-1build1 <none>
2026-02-13 20:56:46 status unpacked libatk1.0-0t64:amd64 2.52.0-1build1
2026-02-13 20:56:46 status half-configured libatk1.0-0t64:amd64 2.52.0-1build1
2026-02-13 20:56:46 status installed libatk1.0-0t64:amd64 2.52.0-1build1
2026-02-13 20:56:46 configure openjdk-21-jre-headless:amd64 21.0.10+7-1~24.04 <none>
2026-02-13 20:56:46 status unpacked openjdk-21-jre-headless:amd64 21.0.10+7-1~24.04
2026-02-13 20:56:46 status half-configured openjdk-21-jre-headless:amd64 21.0.10+7-1~24.04
2026-02-13 20:56:46 status installed openjdk-21-jre-headless:amd64 21.0.10+7-1~24.04
2026-02-13 20:56:46 status triggers-pending ca-certificates-java:all 20240118
2026-02-13 20:56:46 status triggers-awaited openjdk-21-jre-headless:amd64 21.0.10+7-1~24.04
2026-02-13 20:56:46 configure libxcursor1:amd64 1:1.2.1-1build1 <none>
2026-02-13 20:56:46 status unpacked libxcursor1:amd64 1:1.2.1-1build1
2026-02-13 20:56:46 status half-configured libxcursor1:amd64 1:1.2.1-1build1
2026-02-13 20:56:46 status installed libxcursor1:amd64 1:1.2.1-1build1
2026-02-13 20:56:46 configure dconf-service:amd64 0.40.0-4ubuntu0.1 <none>
2026-02-13 20:56:46 status unpacked dconf-service:amd64 0.40.0-4ubuntu0.1
2026-02-13 20:56:46 status half-configured dconf-service:amd64 0.40.0-4ubuntu0.1
2026-02-13 20:56:46 status installed dconf-service:amd64 0.40.0-4ubuntu0.1
2026-02-13 20:56:46 configure libthai0:amd64 0.1.29-2build1 <none>
2026-02-13 20:56:46 status unpacked libthai0:amd64 0.1.29-2build1
2026-02-13 20:56:46 status half-configured libthai0:amd64 0.1.29-2build1
2026-02-13 20:56:46 status installed libthai0:amd64 0.1.29-2build1
2026-02-13 20:56:46 configure libwayland-cursor0:amd64 1.22.0-2.1build1 <none>
2026-02-13 20:56:46 status unpacked libwayland-cursor0:amd64 1.22.0-2.1build1
2026-02-13 20:56:46 status half-configured libwayland-cursor0:amd64 1.22.0-2.1build1
2026-02-13 20:56:46 status installed libwayland-cursor0:amd64 1.22.0-2.1build1
2026-02-13 20:56:46 configure libatk-bridge2.0-0t64:amd64 2.52.0-1build1 <none>
2026-02-13 20:56:46 status unpacked libatk-bridge2.0-0t64:amd64 2.52.0-1build1
2026-02-13 20:56:46 status half-configured libatk-bridge2.0-0t64:amd64 2.52.0-1build1
2026-02-13 20:56:46 status installed libatk-bridge2.0-0t64:amd64 2.52.0-1build1
2026-02-13 20:56:46 configure dconf-gsettings-backend:amd64 0.40.0-4ubuntu0.1 <none>
2026-02-13 20:56:46 status unpacked dconf-gsettings-backend:amd64 0.40.0-4ubuntu0.1
2026-02-13 20:56:46 status half-configured dconf-gsettings-backend:amd64 0.40.0-4ubuntu0.1
2026-02-13 20:56:46 status installed dconf-gsettings-backend:amd64 0.40.0-4ubuntu0.1
2026-02-13 20:56:46 configure libpango-1.0-0:amd64 1.52.1+ds-1build1 <none>
2026-02-13 20:56:46 status unpacked libpango-1.0-0:amd64 1.52.1+ds-1build1
2026-02-13 20:56:46 status half-configured libpango-1.0-0:amd64 1.52.1+ds-1build1
2026-02-13 20:56:46 status installed libpango-1.0-0:amd64 1.52.1+ds-1build1
2026-02-13 20:56:46 configure libpangoft2-1.0-0:amd64 1.52.1+ds-1build1 <none>
2026-02-13 20:56:46 status unpacked libpangoft2-1.0-0:amd64 1.52.1+ds-1build1
2026-02-13 20:56:46 status half-configured libpangoft2-1.0-0:amd64 1.52.1+ds-1build1
2026-02-13 20:56:46 status installed libpangoft2-1.0-0:amd64 1.52.1+ds-1build1
2026-02-13 20:56:46 configure libgtk-3-common:all 3.24.41-4ubuntu1.3 <none>
2026-02-13 20:56:46 status unpacked libgtk-3-common:all 3.24.41-4ubuntu1.3
2026-02-13 20:56:46 status half-configured libgtk-3-common:all 3.24.41-4ubuntu1.3
2026-02-13 20:56:46 status triggers-awaited libgtk-3-common:all 3.24.41-4ubuntu1.3
2026-02-13 20:56:46 configure libpangocairo-1.0-0:amd64 1.52.1+ds-1build1 <none>
2026-02-13 20:56:46 status unpacked libpangocairo-1.0-0:amd64 1.52.1+ds-1build1
2026-02-13 20:56:46 status half-configured libpangocairo-1.0-0:amd64 1.52.1+ds-1build1
2026-02-13 20:56:46 status installed libpangocairo-1.0-0:amd64 1.52.1+ds-1build1
2026-02-13 20:56:46 configure adwaita-icon-theme:all 46.0-1 <none>
2026-02-13 20:56:46 status unpacked adwaita-icon-theme:all 46.0-1
2026-02-13 20:56:46 status half-configured adwaita-icon-theme:all 46.0-1
2026-02-13 20:56:46 status installed adwaita-icon-theme:all 46.0-1
2026-02-13 20:56:46 configure humanity-icon-theme:all 0.6.16 <none>
2026-02-13 20:56:46 status unpacked humanity-icon-theme:all 0.6.16
2026-02-13 20:56:46 status half-configured humanity-icon-theme:all 0.6.16
2026-02-13 20:56:47 status installed humanity-icon-theme:all 0.6.16
2026-02-13 20:56:47 configure ubuntu-mono:all 24.04-0ubuntu1 <none>
2026-02-13 20:56:47 status unpacked ubuntu-mono:all 24.04-0ubuntu1
2026-02-13 20:56:47 status half-configured ubuntu-mono:all 24.04-0ubuntu1
2026-02-13 20:56:47 status installed ubuntu-mono:all 24.04-0ubuntu1
2026-02-13 20:56:47 trigproc libglib2.0-0t64:amd64 2.80.0-6ubuntu3.8 <none>
2026-02-13 20:56:47 status half-configured libglib2.0-0t64:amd64 2.80.0-6ubuntu3.8
2026-02-13 20:56:47 status installed libgtk-3-common:all 3.24.41-4ubuntu1.3
2026-02-13 20:56:47 status installed libglib2.0-0t64:amd64 2.80.0-6ubuntu3.8
2026-02-13 20:56:47 configure libgtk-3-0t64:amd64 3.24.41-4ubuntu1.3 <none>
2026-02-13 20:56:47 status unpacked libgtk-3-0t64:amd64 3.24.41-4ubuntu1.3
2026-02-13 20:56:47 status half-configured libgtk-3-0t64:amd64 3.24.41-4ubuntu1.3
2026-02-13 20:56:47 status installed libgtk-3-0t64:amd64 3.24.41-4ubuntu1.3
2026-02-13 20:56:47 trigproc libc-bin:amd64 2.39-0ubuntu8.7 <none>
2026-02-13 20:56:47 status half-configured libc-bin:amd64 2.39-0ubuntu8.7
2026-02-13 20:56:47 status installed libc-bin:amd64 2.39-0ubuntu8.7
2026-02-13 20:56:47 trigproc ca-certificates-java:all 20240118 <none>
2026-02-13 20:56:47 status half-configured ca-certificates-java:all 20240118
2026-02-13 20:56:47 status installed openjdk-21-jre-headless:amd64 21.0.10+7-1~24.04
2026-02-13 20:56:47 status installed ca-certificates-java:all 20240118
2026-02-13 20:56:47 configure openjdk-21-jre:amd64 21.0.10+7-1~24.04 <none>
2026-02-13 20:56:47 status unpacked openjdk-21-jre:amd64 21.0.10+7-1~24.04
2026-02-13 20:56:47 status half-configured openjdk-21-jre:amd64 21.0.10+7-1~24.04
2026-02-13 20:56:47 status installed openjdk-21-jre:amd64 21.0.10+7-1~24.04
2026-02-13 20:56:47 configure openjdk-21-jdk-headless:amd64 21.0.10+7-1~24.04 <none>
2026-02-13 20:56:47 status unpacked openjdk-21-jdk-headless:amd64 21.0.10+7-1~24.04
2026-02-13 20:56:47 status half-configured openjdk-21-jdk-headless:amd64 21.0.10+7-1~24.04
2026-02-13 20:56:48 status installed openjdk-21-jdk-headless:amd64 21.0.10+7-1~24.04
2026-02-13 20:56:48 configure openjdk-21-jdk:amd64 21.0.10+7-1~24.04 <none>
2026-02-13 20:56:48 status unpacked openjdk-21-jdk:amd64 21.0.10+7-1~24.04
2026-02-13 20:56:48 status half-configured openjdk-21-jdk:amd64 21.0.10+7-1~24.04
2026-02-13 20:56:48 status installed openjdk-21-jdk:amd64 21.0.10+7-1~24.04
2026-02-13 20:57:05 startup archives unpack
2026-02-13 20:57:05 install libllvm18:amd64 <none> 1:18.1.3-1ubuntu1
2026-02-13 20:57:05 status triggers-pending libc-bin:amd64 2.39-0ubuntu8.7
2026-02-13 20:57:05 status half-installed libllvm18:amd64 1:18.1.3-1ubuntu1
2026-02-13 20:57:06 status unpacked libllvm18:amd64 1:18.1.3-1ubuntu1
2026-02-13 20:57:06 install libclang-cpp18:amd64 <none> 1:18.1.3-1ubuntu1
2026-02-13 20:57:06 status half-installed libclang-cpp18:amd64 1:18.1.3-1ubuntu1
2026-02-13 20:57:06 status unpacked libclang-cpp18:amd64 1:18.1.3-1ubuntu1
2026-02-13 20:57:06 install libgc1:amd64 <none> 1:8.2.6-1build1
2026-02-13 20:57:06 status half-installed libgc1:amd64 1:8.2.6-1build1
2026-02-13 20:57:06 status unpacked libgc1:amd64 1:8.2.6-1build1
2026-02-13 20:57:06 install libobjc4:amd64 <none> 14.2.0-4ubuntu2~24.04
2026-02-13 20:57:06 status half-installed libobjc4:amd64 14.2.0-4ubuntu2~24.04
2026-02-13 20:57:06 status unpacked libobjc4:amd64 14.2.0-4ubuntu2~24.04
2026-02-13 20:57:06 install libobjc-13-dev:amd64 <none> 13.3.0-6ubuntu2~24.04
2026-02-13 20:57:06 status half-installed libobjc-13-dev:amd64 13.3.0-6ubuntu2~24.04
2026-02-13 20:57:06 status unpacked libobjc-13-dev:amd64 13.3.0-6ubuntu2~24.04
2026-02-13 20:57:06 install libclang-common-18-dev:amd64 <none> 1:18.1.3-1ubuntu1
2026-02-13 20:57:06 status half-installed libclang-common-18-dev:amd64 1:18.1.3-1ubuntu1
2026-02-13 20:57:06 status unpacked libclang-common-18-dev:amd64 1:18.1.3-1ubuntu1
2026-02-13 20:57:06 install llvm-18-linker-tools:amd64 <none> 1:18.1.3-1ubuntu1
2026-02-13 20:57:06 status half-installed llvm-18-linker-tools:amd64 1:18.1.3-1ubuntu1
2026-02-13 20:57:06 status unpacked llvm-18-linker-tools:amd64 1:18.1.3-1ubuntu1
2026-02-13 20:57:06 install libclang1-18:amd64 <none> 1:18.1.3-1ubuntu1
2026-02-13 20:57:06 status half-installed libclang1-18:amd64 1:18.1.3-1ubuntu1
2026-02-13 20:57:06 status unpacked libclang1-18:amd64 1:18.1.3-1ubuntu1
2026-02-13 20:57:06 install clang-18:amd64 <none> 1:18.1.3-1ubuntu1
2026-02-13 20:57:06 status half-installed clang-18:amd64 1:18.1.3-1ubuntu1
2026-02-13 20:57:07 status unpacked clang-18:amd64 1:18.1.3-1ubuntu1
2026-02-13 20:57:07 install clang:amd64 <none> 1:18.0-59~exp2
2026-02-13 20:57:07 status half-installed clang:amd64 1:18.0-59~exp2
2026-02-13 20:57:07 status unpacked clang:amd64 1:18.0-59~exp2
2026-02-13 20:57:07 install clang-format-18:amd64 <none> 1:18.1.3-1ubuntu1
2026-02-13 20:57:07 status half-installed clang-format-18:amd64 1:18.1.3-1ubuntu1
2026-02-13 20:57:07 status unpacked clang-format-18:amd64 1:18.1.3-1ubuntu1
2026-02-13 20:57:07 install clang-format:amd64 <none> 1:18.0-59~exp2
2026-02-13 20:57:07 status half-installed clang-format:amd64 1:18.0-59~exp2
2026-02-13 20:57:07 status unpacked clang-format:amd64 1:18.0-59~exp2
2026-02-13 20:57:07 install clang-tools-18:amd64 <none> 1:18.1.3-1ubuntu1
2026-02-13 20:57:07 status half-installed clang-tools-18:amd64 1:18.1.3-1ubuntu1
2026-02-13 20:57:07 status unpacked clang-tools-18:amd64 1:18.1.3-1ubuntu1
2026-02-13 20:57:07 install clang-tidy-18:amd64 <none> 1:18.1.3-1ubuntu1
2026-02-13 20:57:07 status half-installed clang-tidy-18:amd64 1:18.1.3-1ubuntu1
2026-02-13 20:57:07 status unpacked clang-tidy-18:amd64 1:18.1.3-1ubuntu1
2026-02-13 20:57:07 install clang-tidy:amd64 <none> 1:18.0-59~exp2
2026-02-13 20:57:07 status half-installed clang-tidy:amd64 1:18.0-59~exp2
2026-02-13 20:57:07 status unpacked clang-tidy:amd64 1:18.0-59~exp2
2026-02-13 20:57:07 install liblldb-18:amd64 <none> 1:18.1.3-1ubuntu1
2026-02-13 20:57:07 status half-installed liblldb-18:amd64 1:18.1.3-1ubuntu1
2026-02-13 20:57:07 status unpacked liblldb-18:amd64 1:18.1.3-1ubuntu1
2026-02-13 20:57:07 install lld-18:amd64 <none> 1:18.1.3-1ubuntu1
2026-02-13 20:57:07 status half-installed lld-18:amd64 1:18.1.3-1ubuntu1
2026-02-13 20:57:07 status unpacked lld-18:amd64 1:18.1.3-1ubuntu1
2026-02-13 20:57:07 install lld:amd64 <none> 1:18.0-59~exp2
2026-02-13 20:57:07 status half-installed lld:amd64 1:18.0-59~exp2
2026-02-13 20:57:07 status unpacked lld:amd64 1:18.0-59~exp2
2026-02-13 20:57:07 install python3-lldb-18:amd64 <none> 1:18.1.3-1ubuntu1
2026-02-13 20:57:07 status half-installed python3-lldb-18:amd64 1:18.1.3-1ubuntu1
2026-02-13 20:57:07 status unpacked python3-lldb-18:amd64 1:18.1.3-1ubuntu1
2026-02-13 20:57:07 install lldb-18:amd64 <none> 1:18.1.3-1ubuntu1
2026-02-13 20:57:07 status half-installed lldb-18:amd64 1:18.1.3-1ubuntu1
2026-02-13 20:57:07 status unpacked lldb-18:amd64 1:18.1.3-1ubuntu1
2026-02-13 20:57:07 install lldb:amd64 <none> 1:18.0-59~exp2
2026-02-13 20:57:07 status half-installed lldb:amd64 1:18.0-59~exp2
2026-02-13 20:57:07 status unpacked lldb:amd64 1:18.0-59~exp2
2026-02-13 20:57:07 install llvm-18-runtime:amd64 <none> 1:18.1.3-1ubuntu1
2026-02-13 20:57:07 status half-installed llvm-18-runtime:amd64 1:18.1.3-1ubuntu1
2026-02-13 20:57:07 status triggers-pending systemd:amd64 255.4-1ubuntu8.12
2026-02-13 20:57:07 status unpacked llvm-18-runtime:amd64 1:18.1.3-1ubuntu1
2026-02-13 20:57:07 install llvm-runtime:amd64 <none> 1:18.0-59~exp2
2026-02-13 20:57:07 status half-installed llvm-runtime:amd64 1:18.0-59~exp2
2026-02-13 20:57:07 status unpacked llvm-runtime:amd64 1:18.0-59~exp2
2026-02-13 20:57:07 install libpfm4:amd64 <none> 4.13.0+git32-g0d4ed0e-1
2026-02-13 20:57:07 status half-installed libpfm4:amd64 4.13.0+git32-g0d4ed0e-1
2026-02-13 20:57:07 status unpacked libpfm4:amd64 4.13.0+git32-g0d4ed0e-1
2026-02-13 20:57:07 install llvm-18:amd64 <none> 1:18.1.3-1ubuntu1
2026-02-13 20:57:07 status half-installed llvm-18:amd64 1:18.1.3-1ubuntu1
2026-02-13 20:57:08 status unpacked llvm-18:amd64 1:18.1.3-1ubuntu1
2026-02-13 20:57:08 install llvm:amd64 <none> 1:18.0-59~exp2
2026-02-13 20:57:08 status half-installed llvm:amd64 1:18.0-59~exp2
2026-02-13 20:57:08 status unpacked llvm:amd64 1:18.0-59~exp2
2026-02-13 20:57:08 startup packages configure
2026-02-13 20:57:08 configure libpfm4:amd64 4.13.0+git32-g0d4ed0e-1 <none>
2026-02-13 20:57:08 status unpacked libpfm4:amd64 4.13.0+git32-g0d4ed0e-1
2026-02-13 20:57:08 status half-configured libpfm4:amd64 4.13.0+git32-g0d4ed0e-1
2026-02-13 20:57:08 status installed libpfm4:amd64 4.13.0+git32-g0d4ed0e-1
2026-02-13 20:57:08 configure libclang-common-18-dev:amd64 1:18.1.3-1ubuntu1 <none>
2026-02-13 20:57:08 status unpacked libclang-common-18-dev:amd64 1:18.1.3-1ubuntu1
2026-02-13 20:57:08 status half-configured libclang-common-18-dev:amd64 1:18.1.3-1ubuntu1
2026-02-13 20:57:08 status installed libclang-common-18-dev:amd64 1:18.1.3-1ubuntu1
2026-02-13 20:57:08 configure libgc1:amd64 1:8.2.6-1build1 <none>
2026-02-13 20:57:08 status unpacked libgc1:amd64 1:8.2.6-1build1
2026-02-13 20:57:08 status half-configured libgc1:amd64 1:8.2.6-1build1
2026-02-13 20:57:08 status installed libgc1:amd64 1:8.2.6-1build1
2026-02-13 20:57:08 configure libllvm18:amd64 1:18.1.3-1ubuntu1 <none>
2026-02-13 20:57:08 status unpacked libllvm18:amd64 1:18.1.3-1ubuntu1
2026-02-13 20:57:08 status half-configured libllvm18:amd64 1:18.1.3-1ubuntu1
2026-02-13 20:57:08 status installed libllvm18:amd64 1:18.1.3-1ubuntu1
2026-02-13 20:57:08 configure libclang1-18:amd64 1:18.1.3-1ubuntu1 <none>
2026-02-13 20:57:08 status unpacked libclang1-18:amd64 1:18.1.3-1ubuntu1
2026-02-13 20:57:08 status half-configured libclang1-18:amd64 1:18.1.3-1ubuntu1
2026-02-13 20:57:08 status installed libclang1-18:amd64 1:18.1.3-1ubuntu1
2026-02-13 20:57:08 configure libobjc4:amd64 14.2.0-4ubuntu2~24.04 <none>
2026-02-13 20:57:08 status unpacked libobjc4:amd64 14.2.0-4ubuntu2~24.04
2026-02-13 20:57:08 status half-configured libobjc4:amd64 14.2.0-4ubuntu2~24.04
2026-02-13 20:57:08 status installed libobjc4:amd64 14.2.0-4ubuntu2~24.04
2026-02-13 20:57:08 configure llvm-18-linker-tools:amd64 1:18.1.3-1ubuntu1 <none>
2026-02-13 20:57:08 status unpacked llvm-18-linker-tools:amd64 1:18.1.3-1ubuntu1
2026-02-13 20:57:08 status half-configured llvm-18-linker-tools:amd64 1:18.1.3-1ubuntu1
2026-02-13 20:57:08 status installed llvm-18-linker-tools:amd64 1:18.1.3-1ubuntu1
2026-02-13 20:57:08 configure llvm-18-runtime:amd64 1:18.1.3-1ubuntu1 <none>
2026-02-13 20:57:08 status unpacked llvm-18-runtime:amd64 1:18.1.3-1ubuntu1
2026-02-13 20:57:08 status half-configured llvm-18-runtime:amd64 1:18.1.3-1ubuntu1
2026-02-13 20:57:08 status installed llvm-18-runtime:amd64 1:18.1.3-1ubuntu1
2026-02-13 20:57:08 configure libclang-cpp18:amd64 1:18.1.3-1ubuntu1 <none>
2026-02-13 20:57:08 status unpacked libclang-cpp18:amd64 1:18.1.3-1ubuntu1
2026-02-13 20:57:08 status half-configured libclang-cpp18:amd64 1:18.1.3-1ubuntu1
2026-02-13 20:57:08 status installed libclang-cpp18:amd64 1:18.1.3-1ubuntu1
2026-02-13 20:57:08 configure libobjc-13-dev:amd64 13.3.0-6ubuntu2~24.04 <none>
2026-02-13 20:57:08 status unpacked libobjc-13-dev:amd64 13.3.0-6ubuntu2~24.04
2026-02-13 20:57:08 status half-configured libobjc-13-dev:amd64 13.3.0-6ubuntu2~24.04
2026-02-13 20:57:08 status installed libobjc-13-dev:amd64 13.3.0-6ubuntu2~24.04
2026-02-13 20:57:08 configure lld-18:amd64 1:18.1.3-1ubuntu1 <none>
2026-02-13 20:57:08 status unpacked lld-18:amd64 1:18.1.3-1ubuntu1
2026-02-13 20:57:08 status half-configured lld-18:amd64 1:18.1.3-1ubuntu1
2026-02-13 20:57:08 status installed lld-18:amd64 1:18.1.3-1ubuntu1
2026-02-13 20:57:08 configure clang-format-18:amd64 1:18.1.3-1ubuntu1 <none>
2026-02-13 20:57:08 status unpacked clang-format-18:amd64 1:18.1.3-1ubuntu1
2026-02-13 20:57:08 status half-configured clang-format-18:amd64 1:18.1.3-1ubuntu1
2026-02-13 20:57:08 status installed clang-format-18:amd64 1:18.1.3-1ubuntu1
2026-02-13 20:57:08 configure liblldb-18:amd64 1:18.1.3-1ubuntu1 <none>
2026-02-13 20:57:08 status unpacked liblldb-18:amd64 1:18.1.3-1ubuntu1
2026-02-13 20:57:08 status half-configured liblldb-18:amd64 1:18.1.3-1ubuntu1
2026-02-13 20:57:08 status installed liblldb-18:amd64 1:18.1.3-1ubuntu1
2026-02-13 20:57:08 configure lld:amd64 1:18.0-59~exp2 <none>
2026-02-13 20:57:08 status unpacked lld:amd64 1:18.0-59~exp2
2026-02-13 20:57:08 status half-configured lld:amd64 1:18.0-59~exp2
2026-02-13 20:57:08 status installed lld:amd64 1:18.0-59~exp2
2026-02-13 20:57:08 configure clang-18:amd64 1:18.1.3-1ubuntu1 <none>
2026-02-13 20:57:08 status unpacked clang-18:amd64 1:18.1.3-1ubuntu1
2026-02-13 20:57:08 status half-configured clang-18:amd64 1:18.1.3-1ubuntu1
2026-02-13 20:57:08 status installed clang-18:amd64 1:18.1.3-1ubuntu1
2026-02-13 20:57:08 configure clang-tools-18:amd64 1:18.1.3-1ubuntu1 <none>
2026-02-13 20:57:08 status unpacked clang-tools-18:amd64 1:18.1.3-1ubuntu1
2026-02-13 20:57:08 status half-configured clang-tools-18:amd64 1:18.1.3-1ubuntu1
2026-02-13 20:57:08 status installed clang-tools-18:amd64 1:18.1.3-1ubuntu1
2026-02-13 20:57:08 configure clang-tidy-18:amd64 1:18.1.3-1ubuntu1 <none>
2026-02-13 20:57:08 status unpacked clang-tidy-18:amd64 1:18.1.3-1ubuntu1
2026-02-13 20:57:08 status half-configured clang-tidy-18:amd64 1:18.1.3-1ubuntu1
2026-02-13 20:57:08 status installed clang-tidy-18:amd64 1:18.1.3-1ubuntu1
2026-02-13 20:57:08 configure clang:amd64 1:18.0-59~exp2 <none>
2026-02-13 20:57:08 status unpacked clang:amd64 1:18.0-59~exp2
2026-02-13 20:57:08 status half-configured clang:amd64 1:18.0-59~exp2
2026-02-13 20:57:08 status installed clang:amd64 1:18.0-59~exp2
2026-02-13 20:57:08 configure llvm-runtime:amd64 1:18.0-59~exp2 <none>
2026-02-13 20:57:08 status unpacked llvm-runtime:amd64 1:18.0-59~exp2
2026-02-13 20:57:08 status half-configured llvm-runtime:amd64 1:18.0-59~exp2
2026-02-13 20:57:08 status installed llvm-runtime:amd64 1:18.0-59~exp2
2026-02-13 20:57:08 configure llvm-18:amd64 1:18.1.3-1ubuntu1 <none>
2026-02-13 20:57:08 status unpacked llvm-18:amd64 1:18.1.3-1ubuntu1
2026-02-13 20:57:08 status half-configured llvm-18:amd64 1:18.1.3-1ubuntu1
2026-02-13 20:57:08 status installed llvm-18:amd64 1:18.1.3-1ubuntu1
2026-02-13 20:57:08 configure python3-lldb-18:amd64 1:18.1.3-1ubuntu1 <none>
2026-02-13 20:57:08 status unpacked python3-lldb-18:amd64 1:18.1.3-1ubuntu1
2026-02-13 20:57:08 status half-configured python3-lldb-18:amd64 1:18.1.3-1ubuntu1
2026-02-13 20:57:08 status installed python3-lldb-18:amd64 1:18.1.3-1ubuntu1
2026-02-13 20:57:08 configure clang-format:amd64 1:18.0-59~exp2 <none>
2026-02-13 20:57:08 status unpacked clang-format:amd64 1:18.0-59~exp2
2026-02-13 20:57:08 status half-configured clang-format:amd64 1:18.0-59~exp2
2026-02-13 20:57:08 status installed clang-format:amd64 1:18.0-59~exp2
2026-02-13 20:57:08 configure clang-tidy:amd64 1:18.0-59~exp2 <none>
2026-02-13 20:57:08 status unpacked clang-tidy:amd64 1:18.0-59~exp2
2026-02-13 20:57:08 status half-configured clang-tidy:amd64 1:18.0-59~exp2
2026-02-13 20:57:08 status installed clang-tidy:amd64 1:18.0-59~exp2
2026-02-13 20:57:08 configure lldb-18:amd64 1:18.1.3-1ubuntu1 <none>
2026-02-13 20:57:08 status unpacked lldb-18:amd64 1:18.1.3-1ubuntu1
2026-02-13 20:57:08 status half-configured lldb-18:amd64 1:18.1.3-1ubuntu1
2026-02-13 20:57:08 status installed lldb-18:amd64 1:18.1.3-1ubuntu1
2026-02-13 20:57:08 configure llvm:amd64 1:18.0-59~exp2 <none>
2026-02-13 20:57:08 status unpacked llvm:amd64 1:18.0-59~exp2
2026-02-13 20:57:08 status half-configured llvm:amd64 1:18.0-59~exp2
2026-02-13 20:57:08 status installed llvm:amd64 1:18.0-59~exp2
2026-02-13 20:57:08 configure lldb:amd64 1:18.0-59~exp2 <none>
2026-02-13 20:57:08 status unpacked lldb:amd64 1:18.0-59~exp2
2026-02-13 20:57:08 status half-configured lldb:amd64 1:18.0-59~exp2
2026-02-13 20:57:08 status installed lldb:amd64 1:18.0-59~exp2
2026-02-13 20:57:08 trigproc systemd:amd64 255.4-1ubuntu8.12 <none>
2026-02-13 20:57:08 status half-configured systemd:amd64 255.4-1ubuntu8.12
2026-02-13 20:57:08 status installed systemd:amd64 255.4-1ubuntu8.12
2026-02-13 20:57:08 trigproc libc-bin:amd64 2.39-0ubuntu8.7 <none>
2026-02-13 20:57:08 status half-configured libc-bin:amd64 2.39-0ubuntu8.7
2026-02-13 20:57:08 status installed libc-bin:amd64 2.39-0ubuntu8.7
2026-02-13 20:57:10 startup archives unpack
2026-02-13 20:57:10 install libdebuginfod-common:all <none> 0.190-1.1ubuntu0.1
2026-02-13 20:57:10 status half-installed libdebuginfod-common:all 0.190-1.1ubuntu0.1
2026-02-13 20:57:10 status unpacked libdebuginfod-common:all 0.190-1.1ubuntu0.1
2026-02-13 20:57:10 install libbabeltrace1:amd64 <none> 1.5.11-3build3
2026-02-13 20:57:10 status triggers-pending libc-bin:amd64 2.39-0ubuntu8.7
2026-02-13 20:57:10 status half-installed libbabeltrace1:amd64 1.5.11-3build3
2026-02-13 20:57:10 status unpacked libbabeltrace1:amd64 1.5.11-3build3
2026-02-13 20:57:10 install libdebuginfod1t64:amd64 <none> 0.190-1.1ubuntu0.1
2026-02-13 20:57:10 status half-installed libdebuginfod1t64:amd64 0.190-1.1ubuntu0.1
2026-02-13 20:57:10 status unpacked libdebuginfod1t64:amd64 0.190-1.1ubuntu0.1
2026-02-13 20:57:10 install libipt2:amd64 <none> 2.0.6-1build1
2026-02-13 20:57:10 status half-installed libipt2:amd64 2.0.6-1build1
2026-02-13 20:57:10 status unpacked libipt2:amd64 2.0.6-1build1
2026-02-13 20:57:10 install libsource-highlight-common:all <none> 3.1.9-4.3build1
2026-02-13 20:57:10 status half-installed libsource-highlight-common:all 3.1.9-4.3build1
2026-02-13 20:57:10 status unpacked libsource-highlight-common:all 3.1.9-4.3build1
2026-02-13 20:57:10 install libsource-highlight4t64:amd64 <none> 3.1.9-4.3build1
2026-02-13 20:57:10 status half-installed libsource-highlight4t64:amd64 3.1.9-4.3build1
2026-02-13 20:57:10 status unpacked libsource-highlight4t64:amd64 3.1.9-4.3build1
2026-02-13 20:57:10 install gdb:amd64 <none> 15.0.50.20240403-0ubuntu1
2026-02-13 20:57:10 status half-installed gdb:amd64 15.0.50.20240403-0ubuntu1
2026-02-13 20:57:11 status unpacked gdb:amd64 15.0.50.20240403-0ubuntu1
2026-02-13 20:57:11 startup packages configure
2026-02-13 20:57:11 configure libdebuginfod-common:all 0.190-1.1ubuntu0.1 <none>
2026-02-13 20:57:11 status unpacked libdebuginfod-common:all 0.190-1.1ubuntu0.1
2026-02-13 20:57:11 status half-configured libdebuginfod-common:all 0.190-1.1ubuntu0.1
2026-02-13 20:57:11 status installed libdebuginfod-common:all 0.190-1.1ubuntu0.1
2026-02-13 20:57:11 configure libsource-highlight-common:all 3.1.9-4.3build1 <none>
2026-02-13 20:57:11 status unpacked libsource-highlight-common:all 3.1.9-4.3build1
2026-02-13 20:57:11 status half-configured libsource-highlight-common:all 3.1.9-4.3build1
2026-02-13 20:57:11 status installed libsource-highlight-common:all 3.1.9-4.3build1
2026-02-13 20:57:11 configure libipt2:amd64 2.0.6-1build1 <none>
2026-02-13 20:57:11 status unpacked libipt2:amd64 2.0.6-1build1
2026-02-13 20:57:11 status half-configured libipt2:amd64 2.0.6-1build1
2026-02-13 20:57:11 status installed libipt2:amd64 2.0.6-1build1
2026-02-13 20:57:11 configure libbabeltrace1:amd64 1.5.11-3build3 <none>
2026-02-13 20:57:11 status unpacked libbabeltrace1:amd64 1.5.11-3build3
2026-02-13 20:57:11 status half-configured libbabeltrace1:amd64 1.5.11-3build3
2026-02-13 20:57:11 status installed libbabeltrace1:amd64 1.5.11-3build3
2026-02-13 20:57:11 configure libdebuginfod1t64:amd64 0.190-1.1ubuntu0.1 <none>
2026-02-13 20:57:11 status unpacked libdebuginfod1t64:amd64 0.190-1.1ubuntu0.1
2026-02-13 20:57:11 status half-configured libdebuginfod1t64:amd64 0.190-1.1ubuntu0.1
2026-02-13 20:57:11 status installed libdebuginfod1t64:amd64 0.190-1.1ubuntu0.1
2026-02-13 20:57:11 configure libsource-highlight4t64:amd64 3.1.9-4.3build1 <none>
2026-02-13 20:57:11 status unpacked libsource-highlight4t64:amd64 3.1.9-4.3build1
2026-02-13 20:57:11 status half-configured libsource-highlight4t64:amd64 3.1.9-4.3build1
2026-02-13 20:57:11 status installed libsource-highlight4t64:amd64 3.1.9-4.3build1
2026-02-13 20:57:11 configure gdb:amd64 15.0.50.20240403-0ubuntu1 <none>
2026-02-13 20:57:11 status unpacked gdb:amd64 15.0.50.20240403-0ubuntu1
2026-02-13 20:57:11 status half-configured gdb:amd64 15.0.50.20240403-0ubuntu1
2026-02-13 20:57:11 status installed gdb:amd64 15.0.50.20240403-0ubuntu1
2026-02-13 20:57:11 trigproc libc-bin:amd64 2.39-0ubuntu8.7 <none>
2026-02-13 20:57:11 status half-configured libc-bin:amd64 2.39-0ubuntu8.7
2026-02-13 20:57:11 status installed libc-bin:amd64 2.39-0ubuntu8.7
2026-02-13 20:57:21 startup archives unpack
2026-02-13 20:57:21 install libc6-dbg:amd64 <none> 2.39-0ubuntu8.7
2026-02-13 20:57:21 status half-installed libc6-dbg:amd64 2.39-0ubuntu8.7
2026-02-13 20:57:21 status unpacked libc6-dbg:amd64 2.39-0ubuntu8.7
2026-02-13 20:57:21 install valgrind:amd64 <none> 1:3.22.0-0ubuntu3
2026-02-13 20:57:21 status half-installed valgrind:amd64 1:3.22.0-0ubuntu3
2026-02-13 20:57:21 status unpacked valgrind:amd64 1:3.22.0-0ubuntu3
2026-02-13 20:57:21 startup packages configure
2026-02-13 20:57:21 configure libc6-dbg:amd64 2.39-0ubuntu8.7 <none>
2026-02-13 20:57:21 status unpacked libc6-dbg:amd64 2.39-0ubuntu8.7
2026-02-13 20:57:21 status half-configured libc6-dbg:amd64 2.39-0ubuntu8.7
2026-02-13 20:57:21 status installed libc6-dbg:amd64 2.39-0ubuntu8.7
2026-02-13 20:57:21 configure valgrind:amd64 1:3.22.0-0ubuntu3 <none>
2026-02-13 20:57:21 status unpacked valgrind:amd64 1:3.22.0-0ubuntu3
2026-02-13 20:57:21 status half-configured valgrind:amd64 1:3.22.0-0ubuntu3
2026-02-13 20:57:21 status installed valgrind:amd64 1:3.22.0-0ubuntu3
2026-02-13 20:57:29 startup archives unpack
2026-02-13 20:57:30 install bison:amd64 <none> 2:3.8.2+dfsg-1build2
2026-02-13 20:57:30 status half-installed bison:amd64 2:3.8.2+dfsg-1build2
2026-02-13 20:57:30 status unpacked bison:amd64 2:3.8.2+dfsg-1build2
2026-02-13 20:57:30 install libgdbm-dev:amd64 <none> 1.23-5.1build1
2026-02-13 20:57:30 status half-installed libgdbm-dev:amd64 1.23-5.1build1
2026-02-13 20:57:30 status unpacked libgdbm-dev:amd64 1.23-5.1build1
2026-02-13 20:57:30 install libgdbm-compat-dev:amd64 <none> 1.23-5.1build1
2026-02-13 20:57:30 status half-installed libgdbm-compat-dev:amd64 1.23-5.1build1
2026-02-13 20:57:30 status unpacked libgdbm-compat-dev:amd64 1.23-5.1build1
2026-02-13 20:57:30 install libdb5.3-dev:amd64 <none> 5.3.28+dfsg2-7
2026-02-13 20:57:30 status half-installed libdb5.3-dev:amd64 5.3.28+dfsg2-7
2026-02-13 20:57:30 status unpacked libdb5.3-dev:amd64 5.3.28+dfsg2-7
2026-02-13 20:57:30 install libdb-dev:amd64 <none> 1:5.3.21ubuntu2
2026-02-13 20:57:30 status half-installed libdb-dev:amd64 1:5.3.21ubuntu2
2026-02-13 20:57:30 status unpacked libdb-dev:amd64 1:5.3.21ubuntu2
2026-02-13 20:57:30 install libyaml-dev:amd64 <none> 0.2.5-1build1
2026-02-13 20:57:30 status half-installed libyaml-dev:amd64 0.2.5-1build1
2026-02-13 20:57:30 status unpacked libyaml-dev:amd64 0.2.5-1build1
2026-02-13 20:57:30 startup packages configure
2026-02-13 20:57:30 configure libyaml-dev:amd64 0.2.5-1build1 <none>
2026-02-13 20:57:30 status unpacked libyaml-dev:amd64 0.2.5-1build1
2026-02-13 20:57:30 status half-configured libyaml-dev:amd64 0.2.5-1build1
2026-02-13 20:57:30 status installed libyaml-dev:amd64 0.2.5-1build1
2026-02-13 20:57:30 configure libdb5.3-dev:amd64 5.3.28+dfsg2-7 <none>
2026-02-13 20:57:30 status unpacked libdb5.3-dev:amd64 5.3.28+dfsg2-7
2026-02-13 20:57:30 status half-configured libdb5.3-dev:amd64 5.3.28+dfsg2-7
2026-02-13 20:57:30 status installed libdb5.3-dev:amd64 5.3.28+dfsg2-7
2026-02-13 20:57:30 configure bison:amd64 2:3.8.2+dfsg-1build2 <none>
2026-02-13 20:57:30 status unpacked bison:amd64 2:3.8.2+dfsg-1build2
2026-02-13 20:57:30 status half-configured bison:amd64 2:3.8.2+dfsg-1build2
2026-02-13 20:57:30 status installed bison:amd64 2:3.8.2+dfsg-1build2
2026-02-13 20:57:30 configure libgdbm-dev:amd64 1.23-5.1build1 <none>
2026-02-13 20:57:30 status unpacked libgdbm-dev:amd64 1.23-5.1build1
2026-02-13 20:57:30 status half-configured libgdbm-dev:amd64 1.23-5.1build1
2026-02-13 20:57:30 status installed libgdbm-dev:amd64 1.23-5.1build1
2026-02-13 20:57:30 configure libgdbm-compat-dev:amd64 1.23-5.1build1 <none>
2026-02-13 20:57:30 status unpacked libgdbm-compat-dev:amd64 1.23-5.1build1
2026-02-13 20:57:30 status half-configured libgdbm-compat-dev:amd64 1.23-5.1build1
2026-02-13 20:57:30 status installed libgdbm-compat-dev:amd64 1.23-5.1build1
2026-02-13 20:57:30 configure libdb-dev:amd64 1:5.3.21ubuntu2 <none>
2026-02-13 20:57:30 status unpacked libdb-dev:amd64 1:5.3.21ubuntu2
2026-02-13 20:57:30 status half-configured libdb-dev:amd64 1:5.3.21ubuntu2
2026-02-13 20:57:30 status installed libdb-dev:amd64 1:5.3.21ubuntu2
2026-02-13 21:02:02 startup archives unpack
2026-02-13 21:02:03 install fonts-ipafont-gothic:all <none> 00303-21ubuntu1
2026-02-13 21:02:03 status half-installed fonts-ipafont-gothic:all 00303-21ubuntu1
2026-02-13 21:02:03 status triggers-pending fontconfig:amd64 2.15.0-1.1ubuntu2
2026-02-13 21:02:03 status unpacked fonts-ipafont-gothic:all 00303-21ubuntu1
2026-02-13 21:02:03 install libxmuu1:amd64 <none> 2:1.1.3-3build2
2026-02-13 21:02:03 status triggers-pending libc-bin:amd64 2.39-0ubuntu8.7
2026-02-13 21:02:03 status half-installed libxmuu1:amd64 2:1.1.3-3build2
2026-02-13 21:02:03 status unpacked libxmuu1:amd64 2:1.1.3-3build2
2026-02-13 21:02:03 install xauth:amd64 <none> 1:1.1.2-1build1
2026-02-13 21:02:03 status half-installed xauth:amd64 1:1.1.2-1build1
2026-02-13 21:02:03 status unpacked xauth:amd64 1:1.1.2-1build1
2026-02-13 21:02:03 install fonts-freefont-ttf:all <none> 20211204+svn4273-2
2026-02-13 21:02:03 status half-installed fonts-freefont-ttf:all 20211204+svn4273-2
2026-02-13 21:02:03 status unpacked fonts-freefont-ttf:all 20211204+svn4273-2
2026-02-13 21:02:03 install fonts-liberation:all <none> 1:2.1.5-3
2026-02-13 21:02:03 status half-installed fonts-liberation:all 1:2.1.5-3
2026-02-13 21:02:03 status unpacked fonts-liberation:all 1:2.1.5-3
2026-02-13 21:02:03 install fonts-noto-color-emoji:all <none> 2.047-0ubuntu0.24.04.1
2026-02-13 21:02:03 status half-installed fonts-noto-color-emoji:all 2.047-0ubuntu0.24.04.1
2026-02-13 21:02:03 status unpacked fonts-noto-color-emoji:all 2.047-0ubuntu0.24.04.1
2026-02-13 21:02:03 install fonts-tlwg-loma-otf:all <none> 1:0.7.3-1
2026-02-13 21:02:03 status half-installed fonts-tlwg-loma-otf:all 1:0.7.3-1
2026-02-13 21:02:03 status unpacked fonts-tlwg-loma-otf:all 1:0.7.3-1
2026-02-13 21:02:03 install fonts-unifont:all <none> 1:15.1.01-1build1
2026-02-13 21:02:03 status half-installed fonts-unifont:all 1:15.1.01-1build1
2026-02-13 21:02:03 status unpacked fonts-unifont:all 1:15.1.01-1build1
2026-02-13 21:02:03 install fonts-wqy-zenhei:all <none> 0.9.45-8
2026-02-13 21:02:03 status half-installed fonts-wqy-zenhei:all 0.9.45-8
2026-02-13 21:02:04 status unpacked fonts-wqy-zenhei:all 0.9.45-8
2026-02-13 21:02:04 install libfontenc1:amd64 <none> 1:1.1.8-1build1
2026-02-13 21:02:04 status half-installed libfontenc1:amd64 1:1.1.8-1build1
2026-02-13 21:02:04 status unpacked libfontenc1:amd64 1:1.1.8-1build1
2026-02-13 21:02:04 install libxt6t64:amd64 <none> 1:1.2.1-1.2build1
2026-02-13 21:02:04 status half-installed libxt6t64:amd64 1:1.2.1-1.2build1
2026-02-13 21:02:04 status unpacked libxt6t64:amd64 1:1.2.1-1.2build1
2026-02-13 21:02:04 install libxmu6:amd64 <none> 2:1.1.3-3build2
2026-02-13 21:02:04 status half-installed libxmu6:amd64 2:1.1.3-3build2
2026-02-13 21:02:04 status unpacked libxmu6:amd64 2:1.1.3-3build2
2026-02-13 21:02:04 install libxaw7:amd64 <none> 2:1.0.14-1build2
2026-02-13 21:02:04 status half-installed libxaw7:amd64 2:1.0.14-1build2
2026-02-13 21:02:04 status unpacked libxaw7:amd64 2:1.0.14-1build2
2026-02-13 21:02:04 install libxfont2:amd64 <none> 1:2.0.6-1build1
2026-02-13 21:02:04 status half-installed libxfont2:amd64 1:2.0.6-1build1
2026-02-13 21:02:04 status unpacked libxfont2:amd64 1:2.0.6-1build1
2026-02-13 21:02:04 install libxkbfile1:amd64 <none> 1:1.1.0-1build4
2026-02-13 21:02:04 status half-installed libxkbfile1:amd64 1:1.1.0-1build4
2026-02-13 21:02:04 status unpacked libxkbfile1:amd64 1:1.1.0-1build4
2026-02-13 21:02:04 install x11-xkb-utils:amd64 <none> 7.7+8build2
2026-02-13 21:02:04 status half-installed x11-xkb-utils:amd64 7.7+8build2
2026-02-13 21:02:04 status unpacked x11-xkb-utils:amd64 7.7+8build2
2026-02-13 21:02:04 install xfonts-encodings:all <none> 1:1.0.5-0ubuntu2
2026-02-13 21:02:04 status half-installed xfonts-encodings:all 1:1.0.5-0ubuntu2
2026-02-13 21:02:04 status unpacked xfonts-encodings:all 1:1.0.5-0ubuntu2
2026-02-13 21:02:04 install xfonts-utils:amd64 <none> 1:7.7+6build3
2026-02-13 21:02:04 status half-installed xfonts-utils:amd64 1:7.7+6build3
2026-02-13 21:02:04 status unpacked xfonts-utils:amd64 1:7.7+6build3
2026-02-13 21:02:04 install xfonts-cyrillic:all <none> 1:1.0.5+nmu1
2026-02-13 21:02:04 status half-installed xfonts-cyrillic:all 1:1.0.5+nmu1
2026-02-13 21:02:04 status unpacked xfonts-cyrillic:all 1:1.0.5+nmu1
2026-02-13 21:02:04 install xfonts-scalable:all <none> 1:1.0.3-1.3
2026-02-13 21:02:04 status half-installed xfonts-scalable:all 1:1.0.3-1.3
2026-02-13 21:02:04 status unpacked xfonts-scalable:all 1:1.0.3-1.3
2026-02-13 21:02:04 install xserver-common:all <none> 2:21.1.12-1ubuntu1.5
2026-02-13 21:02:04 status half-installed xserver-common:all 2:21.1.12-1ubuntu1.5
2026-02-13 21:02:04 status unpacked xserver-common:all 2:21.1.12-1ubuntu1.5
2026-02-13 21:02:04 install xvfb:amd64 <none> 2:21.1.12-1ubuntu1.5
2026-02-13 21:02:04 status half-installed xvfb:amd64 2:21.1.12-1ubuntu1.5
2026-02-13 21:02:04 status unpacked xvfb:amd64 2:21.1.12-1ubuntu1.5
2026-02-13 21:02:04 startup packages configure
2026-02-13 21:02:04 configure fonts-noto-color-emoji:all 2.047-0ubuntu0.24.04.1 <none>
2026-02-13 21:02:04 status unpacked fonts-noto-color-emoji:all 2.047-0ubuntu0.24.04.1
2026-02-13 21:02:04 status half-configured fonts-noto-color-emoji:all 2.047-0ubuntu0.24.04.1
2026-02-13 21:02:04 status installed fonts-noto-color-emoji:all 2.047-0ubuntu0.24.04.1
2026-02-13 21:02:04 configure fonts-wqy-zenhei:all 0.9.45-8 <none>
2026-02-13 21:02:04 status unpacked fonts-wqy-zenhei:all 0.9.45-8
2026-02-13 21:02:04 status half-configured fonts-wqy-zenhei:all 0.9.45-8
2026-02-13 21:02:04 status installed fonts-wqy-zenhei:all 0.9.45-8
2026-02-13 21:02:04 configure fonts-freefont-ttf:all 20211204+svn4273-2 <none>
2026-02-13 21:02:04 status unpacked fonts-freefont-ttf:all 20211204+svn4273-2
2026-02-13 21:02:04 status half-configured fonts-freefont-ttf:all 20211204+svn4273-2
2026-02-13 21:02:04 status installed fonts-freefont-ttf:all 20211204+svn4273-2
2026-02-13 21:02:04 configure libfontenc1:amd64 1:1.1.8-1build1 <none>
2026-02-13 21:02:04 status unpacked libfontenc1:amd64 1:1.1.8-1build1
2026-02-13 21:02:04 status half-configured libfontenc1:amd64 1:1.1.8-1build1
2026-02-13 21:02:04 status installed libfontenc1:amd64 1:1.1.8-1build1
2026-02-13 21:02:04 configure fonts-tlwg-loma-otf:all 1:0.7.3-1 <none>
2026-02-13 21:02:04 status unpacked fonts-tlwg-loma-otf:all 1:0.7.3-1
2026-02-13 21:02:04 status half-configured fonts-tlwg-loma-otf:all 1:0.7.3-1
2026-02-13 21:02:04 status installed fonts-tlwg-loma-otf:all 1:0.7.3-1
2026-02-13 21:02:04 configure xfonts-encodings:all 1:1.0.5-0ubuntu2 <none>
2026-02-13 21:02:04 status unpacked xfonts-encodings:all 1:1.0.5-0ubuntu2
2026-02-13 21:02:04 status half-configured xfonts-encodings:all 1:1.0.5-0ubuntu2
2026-02-13 21:02:04 status installed xfonts-encodings:all 1:1.0.5-0ubuntu2
2026-02-13 21:02:04 configure libxt6t64:amd64 1:1.2.1-1.2build1 <none>
2026-02-13 21:02:04 status unpacked libxt6t64:amd64 1:1.2.1-1.2build1
2026-02-13 21:02:04 status half-configured libxt6t64:amd64 1:1.2.1-1.2build1
2026-02-13 21:02:04 status installed libxt6t64:amd64 1:1.2.1-1.2build1
2026-02-13 21:02:04 configure fonts-ipafont-gothic:all 00303-21ubuntu1 <none>
2026-02-13 21:02:04 status unpacked fonts-ipafont-gothic:all 00303-21ubuntu1
2026-02-13 21:02:04 status half-configured fonts-ipafont-gothic:all 00303-21ubuntu1
2026-02-13 21:02:04 status installed fonts-ipafont-gothic:all 00303-21ubuntu1
2026-02-13 21:02:04 configure fonts-liberation:all 1:2.1.5-3 <none>
2026-02-13 21:02:04 status unpacked fonts-liberation:all 1:2.1.5-3
2026-02-13 21:02:04 status half-configured fonts-liberation:all 1:2.1.5-3
2026-02-13 21:02:04 status installed fonts-liberation:all 1:2.1.5-3
2026-02-13 21:02:04 configure libxkbfile1:amd64 1:1.1.0-1build4 <none>
2026-02-13 21:02:04 status unpacked libxkbfile1:amd64 1:1.1.0-1build4
2026-02-13 21:02:04 status half-configured libxkbfile1:amd64 1:1.1.0-1build4
2026-02-13 21:02:04 status installed libxkbfile1:amd64 1:1.1.0-1build4
2026-02-13 21:02:04 configure libxfont2:amd64 1:2.0.6-1build1 <none>
2026-02-13 21:02:04 status unpacked libxfont2:amd64 1:2.0.6-1build1
2026-02-13 21:02:04 status half-configured libxfont2:amd64 1:2.0.6-1build1
2026-02-13 21:02:04 status installed libxfont2:amd64 1:2.0.6-1build1
2026-02-13 21:02:04 configure libxmuu1:amd64 2:1.1.3-3build2 <none>
2026-02-13 21:02:04 status unpacked libxmuu1:amd64 2:1.1.3-3build2
2026-02-13 21:02:04 status half-configured libxmuu1:amd64 2:1.1.3-3build2
2026-02-13 21:02:04 status installed libxmuu1:amd64 2:1.1.3-3build2
2026-02-13 21:02:04 configure fonts-unifont:all 1:15.1.01-1build1 <none>
2026-02-13 21:02:04 status unpacked fonts-unifont:all 1:15.1.01-1build1
2026-02-13 21:02:04 status half-configured fonts-unifont:all 1:15.1.01-1build1
2026-02-13 21:02:04 status installed fonts-unifont:all 1:15.1.01-1build1
2026-02-13 21:02:04 configure libxmu6:amd64 2:1.1.3-3build2 <none>
2026-02-13 21:02:04 status unpacked libxmu6:amd64 2:1.1.3-3build2
2026-02-13 21:02:04 status half-configured libxmu6:amd64 2:1.1.3-3build2
2026-02-13 21:02:04 status installed libxmu6:amd64 2:1.1.3-3build2
2026-02-13 21:02:04 configure libxaw7:amd64 2:1.0.14-1build2 <none>
2026-02-13 21:02:04 status unpacked libxaw7:amd64 2:1.0.14-1build2
2026-02-13 21:02:04 status half-configured libxaw7:amd64 2:1.0.14-1build2
2026-02-13 21:02:04 status installed libxaw7:amd64 2:1.0.14-1build2
2026-02-13 21:02:04 configure xfonts-utils:amd64 1:7.7+6build3 <none>
2026-02-13 21:02:04 status unpacked xfonts-utils:amd64 1:7.7+6build3
2026-02-13 21:02:04 status half-configured xfonts-utils:amd64 1:7.7+6build3
2026-02-13 21:02:04 status installed xfonts-utils:amd64 1:7.7+6build3
2026-02-13 21:02:04 configure xauth:amd64 1:1.1.2-1build1 <none>
2026-02-13 21:02:04 status unpacked xauth:amd64 1:1.1.2-1build1
2026-02-13 21:02:04 status half-configured xauth:amd64 1:1.1.2-1build1
2026-02-13 21:02:04 status installed xauth:amd64 1:1.1.2-1build1
2026-02-13 21:02:04 configure xfonts-cyrillic:all 1:1.0.5+nmu1 <none>
2026-02-13 21:02:04 status unpacked xfonts-cyrillic:all 1:1.0.5+nmu1
2026-02-13 21:02:04 status half-configured xfonts-cyrillic:all 1:1.0.5+nmu1
2026-02-13 21:02:04 status installed xfonts-cyrillic:all 1:1.0.5+nmu1
2026-02-13 21:02:04 configure xfonts-scalable:all 1:1.0.3-1.3 <none>
2026-02-13 21:02:04 status unpacked xfonts-scalable:all 1:1.0.3-1.3
2026-02-13 21:02:04 status half-configured xfonts-scalable:all 1:1.0.3-1.3
2026-02-13 21:02:05 status installed xfonts-scalable:all 1:1.0.3-1.3
2026-02-13 21:02:05 configure x11-xkb-utils:amd64 7.7+8build2 <none>
2026-02-13 21:02:05 status unpacked x11-xkb-utils:amd64 7.7+8build2
2026-02-13 21:02:05 status half-configured x11-xkb-utils:amd64 7.7+8build2
2026-02-13 21:02:05 status installed x11-xkb-utils:amd64 7.7+8build2
2026-02-13 21:02:05 configure xserver-common:all 2:21.1.12-1ubuntu1.5 <none>
2026-02-13 21:02:05 status unpacked xserver-common:all 2:21.1.12-1ubuntu1.5
2026-02-13 21:02:05 status half-configured xserver-common:all 2:21.1.12-1ubuntu1.5
2026-02-13 21:02:05 status installed xserver-common:all 2:21.1.12-1ubuntu1.5
2026-02-13 21:02:05 configure xvfb:amd64 2:21.1.12-1ubuntu1.5 <none>
2026-02-13 21:02:05 status unpacked xvfb:amd64 2:21.1.12-1ubuntu1.5
2026-02-13 21:02:05 status half-configured xvfb:amd64 2:21.1.12-1ubuntu1.5
2026-02-13 21:02:05 status installed xvfb:amd64 2:21.1.12-1ubuntu1.5
2026-02-13 21:02:05 trigproc fontconfig:amd64 2.15.0-1.1ubuntu2 <none>
2026-02-13 21:02:05 status half-configured fontconfig:amd64 2.15.0-1.1ubuntu2
2026-02-13 21:02:05 status installed fontconfig:amd64 2.15.0-1.1ubuntu2
2026-02-13 21:02:05 trigproc libc-bin:amd64 2.39-0ubuntu8.7 <none>
2026-02-13 21:02:05 status half-configured libc-bin:amd64 2.39-0ubuntu8.7
2026-02-13 21:02:05 status installed libc-bin:amd64 2.39-0ubuntu8.7
2026-02-13 21:02:16 startup archives unpack
2026-02-13 21:02:16 install containerd.io:amd64 <none> 2.2.1-1~ubuntu.24.04~noble
2026-02-13 21:02:16 status half-installed containerd.io:amd64 2.2.1-1~ubuntu.24.04~noble
2026-02-13 21:02:16 status unpacked containerd.io:amd64 2.2.1-1~ubuntu.24.04~noble
2026-02-13 21:02:16 install docker-ce-cli:amd64 <none> 5:29.2.1-1~ubuntu.24.04~noble
2026-02-13 21:02:16 status half-installed docker-ce-cli:amd64 5:29.2.1-1~ubuntu.24.04~noble
2026-02-13 21:02:17 status unpacked docker-ce-cli:amd64 5:29.2.1-1~ubuntu.24.04~noble
2026-02-13 21:02:17 install libip4tc2:amd64 <none> 1.8.10-3ubuntu2
2026-02-13 21:02:17 status triggers-pending libc-bin:amd64 2.39-0ubuntu8.7
2026-02-13 21:02:17 status half-installed libip4tc2:amd64 1.8.10-3ubuntu2
2026-02-13 21:02:17 status unpacked libip4tc2:amd64 1.8.10-3ubuntu2
2026-02-13 21:02:17 install libip6tc2:amd64 <none> 1.8.10-3ubuntu2
2026-02-13 21:02:17 status half-installed libip6tc2:amd64 1.8.10-3ubuntu2
2026-02-13 21:02:17 status unpacked libip6tc2:amd64 1.8.10-3ubuntu2
2026-02-13 21:02:17 install libxtables12:amd64 <none> 1.8.10-3ubuntu2
2026-02-13 21:02:17 status half-installed libxtables12:amd64 1.8.10-3ubuntu2
2026-02-13 21:02:17 status unpacked libxtables12:amd64 1.8.10-3ubuntu2
2026-02-13 21:02:17 install libmnl0:amd64 <none> 1.0.5-2build1
2026-02-13 21:02:17 status half-installed libmnl0:amd64 1.0.5-2build1
2026-02-13 21:02:17 status unpacked libmnl0:amd64 1.0.5-2build1
2026-02-13 21:02:17 install libnfnetlink0:amd64 <none> 1.0.2-2build1
2026-02-13 21:02:17 status half-installed libnfnetlink0:amd64 1.0.2-2build1
2026-02-13 21:02:17 status unpacked libnfnetlink0:amd64 1.0.2-2build1
2026-02-13 21:02:17 install libnetfilter-conntrack3:amd64 <none> 1.0.9-6build1
2026-02-13 21:02:17 status half-installed libnetfilter-conntrack3:amd64 1.0.9-6build1
2026-02-13 21:02:17 status unpacked libnetfilter-conntrack3:amd64 1.0.9-6build1
2026-02-13 21:02:17 install libnftnl11:amd64 <none> 1.2.6-2build1
2026-02-13 21:02:17 status half-installed libnftnl11:amd64 1.2.6-2build1
2026-02-13 21:02:17 status unpacked libnftnl11:amd64 1.2.6-2build1
2026-02-13 21:02:17 install iptables:amd64 <none> 1.8.10-3ubuntu2
2026-02-13 21:02:17 status half-installed iptables:amd64 1.8.10-3ubuntu2
2026-02-13 21:02:17 status unpacked iptables:amd64 1.8.10-3ubuntu2
2026-02-13 21:02:17 install libnftables1:amd64 <none> 1.0.9-1build1
2026-02-13 21:02:17 status half-installed libnftables1:amd64 1.0.9-1build1
2026-02-13 21:02:17 status unpacked libnftables1:amd64 1.0.9-1build1
2026-02-13 21:02:17 install nftables:amd64 <none> 1.0.9-1build1
2026-02-13 21:02:17 status half-installed nftables:amd64 1.0.9-1build1
2026-02-13 21:02:17 status unpacked nftables:amd64 1.0.9-1build1
2026-02-13 21:02:17 install docker-ce:amd64 <none> 5:29.2.1-1~ubuntu.24.04~noble
2026-02-13 21:02:17 status half-installed docker-ce:amd64 5:29.2.1-1~ubuntu.24.04~noble
2026-02-13 21:02:18 status unpacked docker-ce:amd64 5:29.2.1-1~ubuntu.24.04~noble
2026-02-13 21:02:18 install docker-buildx-plugin:amd64 <none> 0.31.1-1~ubuntu.24.04~noble
2026-02-13 21:02:18 status half-installed docker-buildx-plugin:amd64 0.31.1-1~ubuntu.24.04~noble
2026-02-13 21:02:19 status unpacked docker-buildx-plugin:amd64 0.31.1-1~ubuntu.24.04~noble
2026-02-13 21:02:19 install docker-compose-plugin:amd64 <none> 5.0.2-1~ubuntu.24.04~noble
2026-02-13 21:02:19 status half-installed docker-compose-plugin:amd64 5.0.2-1~ubuntu.24.04~noble
2026-02-13 21:02:19 status unpacked docker-compose-plugin:amd64 5.0.2-1~ubuntu.24.04~noble
2026-02-13 21:02:19 startup packages configure
2026-02-13 21:02:19 configure libip4tc2:amd64 1.8.10-3ubuntu2 <none>
2026-02-13 21:02:19 status unpacked libip4tc2:amd64 1.8.10-3ubuntu2
2026-02-13 21:02:19 status half-configured libip4tc2:amd64 1.8.10-3ubuntu2
2026-02-13 21:02:19 status installed libip4tc2:amd64 1.8.10-3ubuntu2
2026-02-13 21:02:19 configure libip6tc2:amd64 1.8.10-3ubuntu2 <none>
2026-02-13 21:02:19 status unpacked libip6tc2:amd64 1.8.10-3ubuntu2
2026-02-13 21:02:19 status half-configured libip6tc2:amd64 1.8.10-3ubuntu2
2026-02-13 21:02:19 status installed libip6tc2:amd64 1.8.10-3ubuntu2
2026-02-13 21:02:19 configure docker-buildx-plugin:amd64 0.31.1-1~ubuntu.24.04~noble <none>
2026-02-13 21:02:19 status unpacked docker-buildx-plugin:amd64 0.31.1-1~ubuntu.24.04~noble
2026-02-13 21:02:19 status half-configured docker-buildx-plugin:amd64 0.31.1-1~ubuntu.24.04~noble
2026-02-13 21:02:19 status installed docker-buildx-plugin:amd64 0.31.1-1~ubuntu.24.04~noble
2026-02-13 21:02:19 configure libmnl0:amd64 1.0.5-2build1 <none>
2026-02-13 21:02:19 status unpacked libmnl0:amd64 1.0.5-2build1
2026-02-13 21:02:19 status half-configured libmnl0:amd64 1.0.5-2build1
2026-02-13 21:02:19 status installed libmnl0:amd64 1.0.5-2build1
2026-02-13 21:02:19 configure containerd.io:amd64 2.2.1-1~ubuntu.24.04~noble <none>
2026-02-13 21:02:19 status unpacked containerd.io:amd64 2.2.1-1~ubuntu.24.04~noble
2026-02-13 21:02:19 status half-configured containerd.io:amd64 2.2.1-1~ubuntu.24.04~noble
2026-02-13 21:02:19 status installed containerd.io:amd64 2.2.1-1~ubuntu.24.04~noble
2026-02-13 21:02:19 configure docker-compose-plugin:amd64 5.0.2-1~ubuntu.24.04~noble <none>
2026-02-13 21:02:19 status unpacked docker-compose-plugin:amd64 5.0.2-1~ubuntu.24.04~noble
2026-02-13 21:02:19 status half-configured docker-compose-plugin:amd64 5.0.2-1~ubuntu.24.04~noble
2026-02-13 21:02:19 status installed docker-compose-plugin:amd64 5.0.2-1~ubuntu.24.04~noble
2026-02-13 21:02:19 configure libxtables12:amd64 1.8.10-3ubuntu2 <none>
2026-02-13 21:02:19 status unpacked libxtables12:amd64 1.8.10-3ubuntu2
2026-02-13 21:02:19 status half-configured libxtables12:amd64 1.8.10-3ubuntu2
2026-02-13 21:02:19 status installed libxtables12:amd64 1.8.10-3ubuntu2
2026-02-13 21:02:19 configure docker-ce-cli:amd64 5:29.2.1-1~ubuntu.24.04~noble <none>
2026-02-13 21:02:19 status unpacked docker-ce-cli:amd64 5:29.2.1-1~ubuntu.24.04~noble
2026-02-13 21:02:19 status half-configured docker-ce-cli:amd64 5:29.2.1-1~ubuntu.24.04~noble
2026-02-13 21:02:19 status installed docker-ce-cli:amd64 5:29.2.1-1~ubuntu.24.04~noble
2026-02-13 21:02:19 configure libnfnetlink0:amd64 1.0.2-2build1 <none>
2026-02-13 21:02:19 status unpacked libnfnetlink0:amd64 1.0.2-2build1
2026-02-13 21:02:19 status half-configured libnfnetlink0:amd64 1.0.2-2build1
2026-02-13 21:02:19 status installed libnfnetlink0:amd64 1.0.2-2build1
2026-02-13 21:02:19 configure libnftnl11:amd64 1.2.6-2build1 <none>
2026-02-13 21:02:19 status unpacked libnftnl11:amd64 1.2.6-2build1
2026-02-13 21:02:19 status half-configured libnftnl11:amd64 1.2.6-2build1
2026-02-13 21:02:19 status installed libnftnl11:amd64 1.2.6-2build1
2026-02-13 21:02:19 configure libnetfilter-conntrack3:amd64 1.0.9-6build1 <none>
2026-02-13 21:02:19 status unpacked libnetfilter-conntrack3:amd64 1.0.9-6build1
2026-02-13 21:02:19 status half-configured libnetfilter-conntrack3:amd64 1.0.9-6build1
2026-02-13 21:02:19 status installed libnetfilter-conntrack3:amd64 1.0.9-6build1
2026-02-13 21:02:19 configure libnftables1:amd64 1.0.9-1build1 <none>
2026-02-13 21:02:19 status unpacked libnftables1:amd64 1.0.9-1build1
2026-02-13 21:02:19 status half-configured libnftables1:amd64 1.0.9-1build1
2026-02-13 21:02:19 status installed libnftables1:amd64 1.0.9-1build1
2026-02-13 21:02:19 configure nftables:amd64 1.0.9-1build1 <none>
2026-02-13 21:02:19 status unpacked nftables:amd64 1.0.9-1build1
2026-02-13 21:02:19 status half-configured nftables:amd64 1.0.9-1build1
2026-02-13 21:02:19 status installed nftables:amd64 1.0.9-1build1
2026-02-13 21:02:19 configure iptables:amd64 1.8.10-3ubuntu2 <none>
2026-02-13 21:02:19 status unpacked iptables:amd64 1.8.10-3ubuntu2
2026-02-13 21:02:19 status half-configured iptables:amd64 1.8.10-3ubuntu2
2026-02-13 21:02:20 status installed iptables:amd64 1.8.10-3ubuntu2
2026-02-13 21:02:20 configure docker-ce:amd64 5:29.2.1-1~ubuntu.24.04~noble <none>
2026-02-13 21:02:20 status unpacked docker-ce:amd64 5:29.2.1-1~ubuntu.24.04~noble
2026-02-13 21:02:20 status half-configured docker-ce:amd64 5:29.2.1-1~ubuntu.24.04~noble
2026-02-13 21:02:20 status installed docker-ce:amd64 5:29.2.1-1~ubuntu.24.04~noble
2026-02-13 21:02:20 trigproc libc-bin:amd64 2.39-0ubuntu8.7 <none>
2026-02-13 21:02:20 status half-configured libc-bin:amd64 2.39-0ubuntu8.7
2026-02-13 21:02:20 status installed libc-bin:amd64 2.39-0ubuntu8.7
2026-02-13 21:02:22 status triggers-pending ca-certificates-java:all 20240118
2026-02-13 21:02:22 startup packages triggers-only
2026-02-13 21:02:22 trigproc ca-certificates-java:all 20240118 <none>
2026-02-13 21:02:22 status half-configured ca-certificates-java:all 20240118
2026-02-13 21:02:23 status installed ca-certificates-java:all 20240118
